2026-07-21 14:44:38,775 [INFO] Activator:176 - 


2026-07-21 14:44:38,776 [INFO] Activator:177 - !SESSION log4j initialized
2026-07-21 14:44:40,613 [INFO] LogOutputStream:77 - [STDOUT_REDIRECT] 
2026-07-21 14:44:55,341 [INFO] ApplicationProperties:184 - Using Application install path: /opt/st/stm32cubeide_1.18.1/plugins/com.st.stm32cube.common.mx_6.14.1.202504091515
2026-07-21 14:44:55,352 [INFO] DbMcusXml:78 - Set database path to: /opt/st/stm32cubeide_1.18.1/plugins/com.st.stm32cube.common.mx_6.14.1.202504091515//db//mcu/
2026-07-21 14:44:55,353 [INFO] ApiDb:274 - Set plugin database path to: /opt/st/stm32cubeide_1.18.1/plugins/com.st.stm32cube.common.mx_6.14.1.202504091515//db//plugins/boardmanager/
2026-07-21 14:44:55,353 [WARN] ApiDb:259 - Overriding images path with different value:  => /opt/st/stm32cubeide_1.18.1/plugins/com.st.stm32cube.common.mx_6.14.1.202504091515//db//plugins/mcufinder/images/
2026-07-21 14:44:55,366 [INFO] ApiDb:250 - Set database path to: /home/varun/.stmcufinder/plugins/mcufinder//mcu/
2026-07-21 14:44:55,369 [INFO] DbMcusAds:125 - Set database path to: /home/varun/.stmcufinder/plugins/mcufinder//mcu/
2026-07-21 14:44:55,415 [INFO] CrossReferenceDbSqlite:203 - Set database path to: /home/varun/.stmcufinder/plugins/mcufinder//mcu/cs/
2026-07-21 14:44:55,486 [INFO] RulesReader:64 - Compatibility file has been processed (302 Rules)
2026-07-21 14:44:55,524 [INFO] DbMcusXml:78 - Set database path to: /opt/st/stm32cubeide_1.18.1/plugins/com.st.stm32cube.common.mx_6.14.1.202504091515//db//mcu/
2026-07-21 14:44:55,524 [INFO] ApiDb:274 - Set plugin database path to: /opt/st/stm32cubeide_1.18.1/plugins/com.st.stm32cube.common.mx_6.14.1.202504091515//db//plugins/boardmanager/
2026-07-21 14:44:55,524 [INFO] ApiDb:261 - Set plugin images path to: /opt/st/stm32cubeide_1.18.1/plugins/com.st.stm32cube.common.mx_6.14.1.202504091515//db//plugins/mcufinder/images/
2026-07-21 14:44:55,525 [WARN] DbFile:41 - Overriding database path with different value: /home/varun/.stmcufinder/plugins/mcufinder/ => /home/varun/.stmcufinder/plugins/mcufinder
2026-07-21 14:44:55,525 [INFO] ApiDb:250 - Set database path to: /home/varun/.stmcufinder/plugins/mcufinder//mcu/
2026-07-21 14:44:55,525 [WARN] DbFile:41 - Overriding database path with different value: /home/varun/.stmcufinder/plugins/mcufinder/ => /home/varun/.stmcufinder/plugins/mcufinder
2026-07-21 14:44:55,525 [INFO] DbMcusAds:125 - Set database path to: /home/varun/.stmcufinder/plugins/mcufinder//mcu/
2026-07-21 14:44:55,525 [WARN] DbFile:41 - Overriding database path with different value: /home/varun/.stmcufinder/plugins/mcufinder/ => /home/varun/.stmcufinder/plugins/mcufinder
2026-07-21 14:44:55,525 [WARN] DbFile:41 - Overriding database path with different value: /home/varun/.stmcufinder/plugins/mcufinder/ => /home/varun/.stmcufinder/plugins/mcufinder
2026-07-21 14:44:55,525 [INFO] CrossReferenceDbSqlite:203 - Set database path to: /home/varun/.stmcufinder/plugins/mcufinder//mcu/cs/
2026-07-21 14:44:55,569 [INFO] MainPanel:272 - HeapMemory: 268435456
2026-07-21 14:44:55,647 [INFO] DbMcusXml:78 - Set database path to: /opt/st/stm32cubeide_1.18.1/plugins/com.st.stm32cube.common.mx_6.14.1.202504091515//db//mcu/
2026-07-21 14:44:55,647 [INFO] ApiDb:274 - Set plugin database path to: /opt/st/stm32cubeide_1.18.1/plugins/com.st.stm32cube.common.mx_6.14.1.202504091515//db//plugins/boardmanager/
2026-07-21 14:44:55,648 [INFO] ApiDb:261 - Set plugin images path to: /opt/st/stm32cubeide_1.18.1/plugins/com.st.stm32cube.common.mx_6.14.1.202504091515//db//plugins/mcufinder/images/
2026-07-21 14:44:55,648 [WARN] DbFile:41 - Overriding database path with different value: /home/varun/.stmcufinder/plugins/mcufinder/ => /home/varun/.stmcufinder/plugins/mcufinder
2026-07-21 14:44:55,648 [INFO] ApiDb:250 - Set database path to: /home/varun/.stmcufinder/plugins/mcufinder//mcu/
2026-07-21 14:44:55,648 [WARN] DbFile:41 - Overriding database path with different value: /home/varun/.stmcufinder/plugins/mcufinder/ => /home/varun/.stmcufinder/plugins/mcufinder
2026-07-21 14:44:55,648 [INFO] DbMcusAds:125 - Set database path to: /home/varun/.stmcufinder/plugins/mcufinder//mcu/
2026-07-21 14:44:55,648 [WARN] DbFile:41 - Overriding database path with different value: /home/varun/.stmcufinder/plugins/mcufinder/ => /home/varun/.stmcufinder/plugins/mcufinder
2026-07-21 14:44:55,648 [WARN] DbFile:41 - Overriding database path with different value: /home/varun/.stmcufinder/plugins/mcufinder/ => /home/varun/.stmcufinder/plugins/mcufinder
2026-07-21 14:44:55,648 [INFO] CrossReferenceDbSqlite:203 - Set database path to: /home/varun/.stmcufinder/plugins/mcufinder//mcu/cs/
2026-07-21 14:44:55,660 [INFO] ApplicationProperties:184 - Using Application install path: /opt/st/stm32cubeide_1.18.1/plugins/com.st.stm32cube.common.mx_6.14.1.202504091515
2026-07-21 14:44:55,661 [INFO] PluginManage:196 - Search for loadable plugins [exclusion list=, ]
2026-07-21 14:44:55,662 [INFO] PluginManage:310 - Check plugin analytics
2026-07-21 14:44:55,782 [INFO] AnalyticsPlugin:253 - Accepted Software Licenses: 
2026-07-21 14:44:55,782 [INFO] AnalyticsPlugin:255 - Accepted CMSIS Pack Licenses: 
2026-07-21 14:44:55,782 [INFO] AnalyticsPlugin:257 - Accepted Firmware Licenses: 
2026-07-21 14:44:55,784 [INFO] PluginManage:359 - Loaded plugin analytics (category:tool,tabindex:-1)
2026-07-21 14:44:55,784 [INFO] PluginManage:310 - Check plugin cadmodel
2026-07-21 14:44:55,790 [INFO] CADModel:105 - Init CAD model plugin
2026-07-21 14:44:55,790 [INFO] PluginManage:359 - Loaded plugin cadmodel (category:power,tabindex:5)
2026-07-21 14:44:55,790 [INFO] PluginManage:310 - Check plugin clock
2026-07-21 14:44:55,795 [INFO] PluginManage:359 - Loaded plugin clock (category:base,tabindex:2)
2026-07-21 14:44:55,795 [INFO] PluginManage:310 - Check plugin ddr
2026-07-21 14:44:55,796 [INFO] PluginManage:359 - Loaded plugin ddr (category:tool,tabindex:6)
2026-07-21 14:44:55,796 [INFO] PluginManage:310 - Check plugin filemanager
2026-07-21 14:44:55,925 [INFO] PluginManage:359 - Loaded plugin filemanager (category:base,tabindex:10)
2026-07-21 14:44:55,925 [INFO] PluginManage:310 - Check plugin ipmanager
2026-07-21 14:44:55,930 [INFO] PluginManage:359 - Loaded plugin ipmanager (category:base,tabindex:5)
2026-07-21 14:44:55,930 [INFO] PluginManage:310 - Check plugin lpbam
2026-07-21 14:44:55,940 [INFO] PluginManage:359 - Loaded plugin lpbam (category:base,tabindex:0)
2026-07-21 14:44:55,940 [INFO] PluginManage:310 - Check plugin memorymap
2026-07-21 14:44:55,953 [INFO] PluginManage:359 - Loaded plugin memorymap (category:base,tabindex:4)
2026-07-21 14:44:55,954 [INFO] PluginManage:310 - Check plugin pinoutandconfiguration
2026-07-21 14:44:55,961 [INFO] PluginManage:359 - Loaded plugin pinoutandconfiguration (category:base,tabindex:1)
2026-07-21 14:44:55,961 [INFO] PluginManage:310 - Check plugin pinoutconfig
2026-07-21 14:44:56,046 [WARN] SupportedApi:132 - Cannot load RTOS API schema: s4s-elt-must-match.1: The content of 'definitions' must match (annotation?, (simpleType | complexType)?, (unique | key | keyref)*)). A problem was found starting at: attribute.
2026-07-21 14:44:56,144 [INFO] PluginManage:359 - Loaded plugin pinoutconfig (category:base,tabindex:0)
2026-07-21 14:44:56,144 [INFO] PluginManage:310 - Check plugin power
2026-07-21 14:44:56,148 [INFO] PluginManage:359 - Loaded plugin power (category:power,tabindex:4)
2026-07-21 14:44:56,148 [INFO] PluginManage:310 - Check plugin projectmanager
2026-07-21 14:44:56,162 [INFO] PluginManage:359 - Loaded plugin projectmanager (category:projectmanager,tabindex:4)
2026-07-21 14:44:56,162 [INFO] PluginManage:310 - Check plugin rif
2026-07-21 14:44:56,166 [INFO] PluginManage:359 - Loaded plugin rif (category:base,tabindex:3)
2026-07-21 14:44:56,166 [INFO] PluginManage:310 - Check plugin thirdparty
2026-07-21 14:44:56,256 [INFO] PluginManage:359 - Loaded plugin thirdparty (category:base,tabindex:-1)
2026-07-21 14:44:56,256 [INFO] PluginManage:310 - Check plugin tools
2026-07-21 14:44:56,256 [WARN] IntegrityCheckThread:84 - waiting for thirdparty lock release [integrity check]
2026-07-21 14:44:56,257 [INFO] IntegrityCheckThread:86 - entering critical section [integrity check]
2026-07-21 14:44:56,257 [INFO] ThirdPartyUpdaterWithRetryManager:70 - Updater plugin not ready yet. [1/15]
2026-07-21 14:44:56,258 [INFO] PluginManage:359 - Loaded plugin tools (category:base,tabindex:7)
2026-07-21 14:44:56,258 [INFO] PluginManage:310 - Check plugin tutovideos
2026-07-21 14:44:56,381 [INFO] PluginManage:359 - Loaded plugin tutovideos (category:base,tabindex:-1)
2026-07-21 14:44:56,381 [INFO] PluginManage:310 - Check plugin updater
2026-07-21 14:44:56,400 [INFO] PluginManage:359 - Loaded plugin updater (category:base,tabindex:12)
2026-07-21 14:44:56,400 [INFO] PluginManage:310 - Check plugin userauth
2026-07-21 14:44:56,405 [INFO] UserAuth:118 - Init User Auth plugin
2026-07-21 14:44:56,406 [INFO] PluginManage:359 - Loaded plugin userauth (category:base,tabindex:14)
2026-07-21 14:44:56,406 [INFO] PluginManage:283 - PluginManage : Loaded plugins [18]
2026-07-21 14:44:56,534 [INFO] PinOutPanel:1589 - setPackage(No Configuration,No Configuration)
2026-07-21 14:44:56,584 [INFO] CADModel:165 - CPN selected for project level
2026-07-21 14:44:56,584 [INFO] CADModel:114 - Register for checkConnection events
2026-07-21 14:44:56,598 [INFO] IPUIPlugin:80 - create IPUIPlugin
2026-07-21 14:44:56,599 [INFO] PluginManager:220 - loadIPPluginJar : add adc
2026-07-21 14:44:56,601 [INFO] IPUIPlugin:80 - create IPUIPlugin
2026-07-21 14:44:56,601 [INFO] PluginManager:220 - loadIPPluginJar : add aes
2026-07-21 14:44:56,604 [INFO] IPUIPlugin:80 - create IPUIPlugin
2026-07-21 14:44:56,604 [INFO] PluginManager:220 - loadIPPluginJar : add can
2026-07-21 14:44:56,605 [INFO] IPUIPlugin:80 - create IPUIPlugin
2026-07-21 14:44:56,605 [INFO] PluginManager:220 - loadIPPluginJar : add comp
2026-07-21 14:44:56,606 [INFO] IPUIPlugin:80 - create IPUIPlugin
2026-07-21 14:44:56,606 [INFO] PluginManager:220 - loadIPPluginJar : add cryp
2026-07-21 14:44:56,608 [INFO] IPUIPlugin:80 - create IPUIPlugin
2026-07-21 14:44:56,608 [INFO] PluginManager:220 - loadIPPluginJar : add ddr_ctrl_phy
2026-07-21 14:44:56,609 [INFO] IPUIPlugin:80 - create IPUIPlugin
2026-07-21 14:44:56,609 [INFO] PluginManager:220 - loadIPPluginJar : add dfsdm
2026-07-21 14:44:56,614 [INFO] IPUIPlugin:80 - create IPUIPlugin
2026-07-21 14:44:56,614 [INFO] PluginManager:220 - loadIPPluginJar : add dma
2026-07-21 14:44:56,616 [INFO] IPUIPlugin:80 - create IPUIPlugin
2026-07-21 14:44:56,616 [INFO] PluginManager:220 - loadIPPluginJar : add dma3
2026-07-21 14:44:56,618 [INFO] IPUIPlugin:80 - create IPUIPlugin
2026-07-21 14:44:56,618 [INFO] PluginManager:220 - loadIPPluginJar : add extmemmanager
2026-07-21 14:44:56,620 [INFO] IPUIPlugin:80 - create IPUIPlugin
2026-07-21 14:44:56,620 [INFO] PluginManager:220 - loadIPPluginJar : add fatfs
2026-07-21 14:44:56,623 [INFO] IPUIPlugin:80 - create IPUIPlugin
2026-07-21 14:44:56,623 [INFO] PluginManager:220 - loadIPPluginJar : add fmc
2026-07-21 14:44:56,626 [INFO] IPUIPlugin:80 - create IPUIPlugin
2026-07-21 14:44:56,627 [INFO] PluginManager:220 - loadIPPluginJar : add freertos
2026-07-21 14:44:56,628 [INFO] IPUIPlugin:80 - create IPUIPlugin
2026-07-21 14:44:56,628 [INFO] PluginManager:220 - loadIPPluginJar : add genericplugin
2026-07-21 14:44:56,630 [INFO] IPUIPlugin:80 - create IPUIPlugin
2026-07-21 14:44:56,630 [INFO] PluginManager:220 - loadIPPluginJar : add gfxmmu
2026-07-21 14:44:56,635 [INFO] IPUIPlugin:80 - create IPUIPlugin
2026-07-21 14:44:56,635 [INFO] PluginManager:220 - loadIPPluginJar : add gic
2026-07-21 14:44:56,638 [INFO] IPUIPlugin:80 - create IPUIPlugin
2026-07-21 14:44:56,638 [INFO] PluginManager:220 - loadIPPluginJar : add gpio
2026-07-21 14:44:56,640 [INFO] IPUIPlugin:80 - create IPUIPlugin
2026-07-21 14:44:56,640 [INFO] PluginManager:220 - loadIPPluginJar : add gtzc
2026-07-21 14:44:56,641 [INFO] IPUIPlugin:80 - create IPUIPlugin
2026-07-21 14:44:56,641 [INFO] PluginManager:220 - loadIPPluginJar : add hash
2026-07-21 14:44:56,643 [INFO] IPUIPlugin:80 - create IPUIPlugin
2026-07-21 14:44:56,643 [INFO] PluginManager:220 - loadIPPluginJar : add i2c
2026-07-21 14:44:56,644 [INFO] IPUIPlugin:80 - create IPUIPlugin
2026-07-21 14:44:56,645 [INFO] PluginManager:220 - loadIPPluginJar : add i2s
2026-07-21 14:44:56,647 [INFO] IPUIPlugin:80 - create IPUIPlugin
2026-07-21 14:44:56,647 [INFO] PluginManager:220 - loadIPPluginJar : add i3c
2026-07-21 14:44:56,650 [INFO] IPUIPlugin:80 - create IPUIPlugin
2026-07-21 14:44:56,650 [INFO] PluginManager:220 - loadIPPluginJar : add ipddr
2026-07-21 14:44:56,655 [INFO] IPUIPlugin:80 - create IPUIPlugin
2026-07-21 14:44:56,655 [INFO] PluginManager:220 - loadIPPluginJar : add linkedlist
2026-07-21 14:44:56,657 [INFO] IPUIPlugin:80 - create IPUIPlugin
2026-07-21 14:44:56,657 [INFO] PluginManager:220 - loadIPPluginJar : add lorawan
2026-07-21 14:44:56,657 [INFO] IPUIPlugin:80 - create IPUIPlugin
2026-07-21 14:44:56,657 [INFO] PluginManager:220 - loadIPPluginJar : add ltdc
2026-07-21 14:44:56,660 [INFO] IPUIPlugin:80 - create IPUIPlugin
2026-07-21 14:44:56,660 [INFO] PluginManager:220 - loadIPPluginJar : add mdma
2026-07-21 14:44:56,662 [INFO] IPUIPlugin:80 - create IPUIPlugin
2026-07-21 14:44:56,663 [INFO] PluginManager:220 - loadIPPluginJar : add nvic
2026-07-21 14:44:56,665 [INFO] IPUIPlugin:80 - create IPUIPlugin
2026-07-21 14:44:56,665 [INFO] PluginManager:220 - loadIPPluginJar : add opamp
2026-07-21 14:44:56,667 [INFO] IPUIPlugin:80 - create IPUIPlugin
2026-07-21 14:44:56,667 [INFO] PluginManager:220 - loadIPPluginJar : add openamp
2026-07-21 14:44:56,668 [INFO] IPUIPlugin:80 - create IPUIPlugin
2026-07-21 14:44:56,669 [INFO] PluginManager:220 - loadIPPluginJar : add pdm2pcm
2026-07-21 14:44:56,672 [INFO] IPUIPlugin:80 - create IPUIPlugin
2026-07-21 14:44:56,674 [INFO] PluginManager:220 - loadIPPluginJar : add plateformsettings
2026-07-21 14:44:56,675 [INFO] IPUIPlugin:80 - create IPUIPlugin
2026-07-21 14:44:56,675 [INFO] PluginManager:220 - loadIPPluginJar : add quadspi
2026-07-21 14:44:56,676 [INFO] IPUIPlugin:80 - create IPUIPlugin
2026-07-21 14:44:56,676 [INFO] PluginManager:220 - loadIPPluginJar : add radio
2026-07-21 14:44:56,678 [INFO] IPUIPlugin:80 - create IPUIPlugin
2026-07-21 14:44:56,678 [INFO] PluginManager:220 - loadIPPluginJar : add resmgrutility
2026-07-21 14:44:56,680 [INFO] IPUIPlugin:80 - create IPUIPlugin
2026-07-21 14:44:56,680 [INFO] PluginManager:220 - loadIPPluginJar : add sai
2026-07-21 14:44:56,682 [INFO] IPUIPlugin:80 - create IPUIPlugin
2026-07-21 14:44:56,682 [INFO] PluginManager:220 - loadIPPluginJar : add spi
2026-07-21 14:44:56,687 [INFO] IPUIPlugin:80 - create IPUIPlugin
2026-07-21 14:44:56,687 [INFO] PluginManager:220 - loadIPPluginJar : add stm32_wpan
2026-07-21 14:44:56,688 [INFO] IPUIPlugin:80 - create IPUIPlugin
2026-07-21 14:44:56,688 [INFO] PluginManager:220 - loadIPPluginJar : add tim
2026-07-21 14:44:56,690 [INFO] IPUIPlugin:80 - create IPUIPlugin
2026-07-21 14:44:56,690 [INFO] PluginManager:220 - loadIPPluginJar : add touchsensing
2026-07-21 14:44:56,691 [INFO] IPUIPlugin:80 - create IPUIPlugin
2026-07-21 14:44:56,691 [INFO] PluginManager:220 - loadIPPluginJar : add tracer_emb
2026-07-21 14:44:56,692 [INFO] IPUIPlugin:80 - create IPUIPlugin
2026-07-21 14:44:56,692 [INFO] PluginManager:220 - loadIPPluginJar : add ts
2026-07-21 14:44:56,693 [INFO] IPUIPlugin:80 - create IPUIPlugin
2026-07-21 14:44:56,693 [INFO] PluginManager:220 - loadIPPluginJar : add tsc
2026-07-21 14:44:56,694 [INFO] IPUIPlugin:80 - create IPUIPlugin
2026-07-21 14:44:56,694 [INFO] PluginManager:220 - loadIPPluginJar : add ucpd
2026-07-21 14:44:56,696 [INFO] IPUIPlugin:80 - create IPUIPlugin
2026-07-21 14:44:56,696 [INFO] PluginManager:220 - loadIPPluginJar : add usart
2026-07-21 14:44:56,698 [INFO] IPUIPlugin:80 - create IPUIPlugin
2026-07-21 14:44:56,698 [INFO] PluginManager:220 - loadIPPluginJar : add usbx
2026-07-21 14:44:56,790 [FATAL] Updater:351 - Updater called before beeing initialized
2026-07-21 14:44:56,805 [INFO] RulesReader:64 - Compatibility file has been processed (302 Rules)
2026-07-21 14:44:56,811 [INFO] RulesReader:64 - Compatibility file has been processed (302 Rules)
2026-07-21 14:44:56,816 [INFO] CADModel:165 - CPN selected for project level
2026-07-21 14:44:56,817 [INFO] CADModel:114 - Register for checkConnection events
2026-07-21 14:44:56,817 [FATAL] Updater:351 - Updater called before beeing initialized
2026-07-21 14:44:56,817 [ERROR] CADModel:125 - Updater not yet initialized, retry later 
2026-07-21 14:44:56,890 [FATAL] Updater:351 - Updater called before beeing initialized
2026-07-21 14:44:56,891 [INFO] CADModel:165 - CPN selected for project level
2026-07-21 14:44:56,891 [INFO] CADModel:114 - Register for checkConnection events
2026-07-21 14:44:56,891 [FATAL] Updater:351 - Updater called before beeing initialized
2026-07-21 14:44:56,891 [ERROR] CADModel:125 - Updater not yet initialized, retry later 
2026-07-21 14:44:56,893 [FATAL] Updater:351 - Updater called before beeing initialized
2026-07-21 14:44:56,946 [FATAL] Updater:351 - Updater called before beeing initialized
2026-07-21 14:44:56,949 [INFO] DbMcusAds:53 - JSON generation date=Wed Jul 15 15:16:00 IST 2026 (1784108760991)
2026-07-21 14:44:56,949 [FATAL] Updater:351 - Updater called before beeing initialized
2026-07-21 14:44:56,967 [WARN] DetailPanel:346 - Failed to get advertising image, set to default
2026-07-21 14:44:57,121 [FATAL] Updater:351 - Updater called before beeing initialized
2026-07-21 14:44:57,122 [FATAL] Updater:351 - Updater called before beeing initialized
2026-07-21 14:44:57,122 [FATAL] Updater:351 - Updater called before beeing initialized
2026-07-21 14:44:57,122 [WARN] DetailPanel:346 - Failed to get advertising image, set to default
2026-07-21 14:44:57,123 [FATAL] Updater:351 - Updater called before beeing initialized
2026-07-21 14:44:57,140 [ERROR] Updater:1198 - MainUpdater not yet initialized. External WinMGr cannot be set.
2026-07-21 14:44:57,141 [INFO] Updater:1134 - Updater Version found : 6.14.1
2026-07-21 14:44:57,153 [INFO] ApplicationProperties:184 - Using Application install path: /opt/st/stm32cubeide_1.18.1/plugins/com.st.stm32cube.common.mx_6.14.1.202504091515
2026-07-21 14:44:57,169 [INFO] MainUpdater:525 - Copy updater definitions from MX database
2026-07-21 14:44:57,469 [INFO] MainUpdater:2872 - connection check result : 10
2026-07-21 14:44:57,469 [INFO] MainUpdater:3566 - Updater definition file requires update
2026-07-21 14:44:57,469 [INFO] MainUpdater:289 - Updater Check For Update Now.
2026-07-21 14:44:57,469 [INFO] MicroXplorer:498 - Change Database Version : DB.6.0.141
2026-07-21 14:44:57,472 [INFO] McuFinderGlobals:63 - Set McuFinder mode to 2 (CubeIDE integrated)
2026-07-21 14:44:57,475 [INFO] UserAuth:484 - Internet connection configuration mode: 1
2026-07-21 14:44:57,481 [INFO] JxBrowserEngine:152 - Initiate JxBrowser Engine with user profile folder
2026-07-21 14:44:57,541 [INFO] ServerAccessManage:473 - Download File updaters.zip
2026-07-21 14:44:57,678 [INFO] FileExtend:242 - Unzip File : updaters.zip
2026-07-21 14:44:57,678 [INFO] FileExtend:257 - Standard Zip Deflate
2026-07-21 14:44:57,963 [INFO] ServerAccessManage:473 - Download File PacksControlFlags.xml
2026-07-21 14:44:58,062 [INFO] ServerAccessManage:473 - Download File cubemx.pidx
2026-07-21 14:44:58,130 [INFO] LoadServerUpdatesThread:375 - End of LoadServerUpdate Thread
2026-07-21 14:44:58,148 [INFO] WebApp:169 - Instantiating new browser for Auth
2026-07-21 14:44:58,272 [INFO] CheckServerUpdateThread:120 - End of CheckServer Thread
2026-07-21 14:44:58,535 [INFO] WebApp:463 - Apply proxy settings
2026-07-21 14:44:58,536 [INFO] WebApp:548 - Chromium requires no authentication
2026-07-21 14:44:58,542 [INFO] WebApp:491 - Direct internet connection detected
2026-07-21 14:44:58,553 [INFO] WebApp:894 - Register for checkConnection events
2026-07-21 14:44:58,554 [INFO] WebApp:463 - Apply proxy settings
2026-07-21 14:44:58,554 [INFO] WebApp:548 - Chromium requires no authentication
2026-07-21 14:44:58,554 [INFO] WebApp:491 - Direct internet connection detected
2026-07-21 14:44:58,627 [INFO] WebApp:225 - Starting web application
2026-07-21 14:44:58,627 [INFO] WebApp:593 - Web application path used /opt/st/stm32cubeide_1.18.1/plugins/com.st.stm32cube.common.mx_6.14.1.202504091515/db/plugins/mcufinder/reactClient1/index.html
2026-07-21 14:44:58,674 [INFO] McuFinderGlobals:63 - Set McuFinder mode to 2 (CubeIDE integrated)
2026-07-21 14:44:58,675 [INFO] MainUpdater:2872 - connection check result : 10
2026-07-21 14:44:58,676 [INFO] McuFinderGlobals:76 - Set McuFinderConnectedMode to true
2026-07-21 14:44:58,706 [INFO] UserAuth:484 - Internet connection configuration mode: 1
2026-07-21 14:44:58,936 [INFO] ServerAccessManage:473 - Download File mcusAds.json._tmp_
2026-07-21 14:44:59,039 [INFO] LoadUrlFilesThread:156 - End of LoadUrlFiles Thread
2026-07-21 14:44:59,077 [INFO] ServerAccessManage:473 - Download File cube-finder-db.zip
2026-07-21 14:44:59,258 [WARN] MainUpdater:1193 - Updater busy. Cannot search thirdparties
2026-07-21 14:44:59,258 [INFO] ThirdPartyUpdaterWithRetryManager:96 - Updater plugin is busy. [1/15]
2026-07-21 14:44:59,286 [INFO] WebApp:191 - Connection restablished
2026-07-21 14:45:02,234 [INFO] FileExtend:242 - Unzip File : cube-finder-db.zip
2026-07-21 14:45:02,234 [INFO] FileExtend:257 - Standard Zip Deflate
2026-07-21 14:45:02,258 [WARN] MainUpdater:1193 - Updater busy. Cannot search thirdparties
2026-07-21 14:45:02,258 [INFO] ThirdPartyUpdaterWithRetryManager:96 - Updater plugin is busy. [2/15]
2026-07-21 14:45:02,694 [INFO] LoadUrlFilesThread:156 - End of LoadUrlFiles Thread
2026-07-21 14:45:05,259 [WARN] MainUpdater:1193 - Updater busy. Cannot search thirdparties
2026-07-21 14:45:05,259 [INFO] ThirdPartyUpdaterWithRetryManager:96 - Updater plugin is busy. [3/15]
2026-07-21 14:45:08,259 [WARN] MainUpdater:1193 - Updater busy. Cannot search thirdparties
2026-07-21 14:45:08,260 [INFO] ThirdPartyUpdaterWithRetryManager:96 - Updater plugin is busy. [4/15]
2026-07-21 14:45:10,151 [ERROR] LogOutputStream:75 - [STDERR_REDIRECT] Jul 21, 2026 2:45:10 PM java.util.prefs.FileSystemPreferences checkLockFile0ErrorCode
2026-07-21 14:45:10,152 [ERROR] LogOutputStream:75 - [STDERR_REDIRECT] WARNING: Could not lock System prefs. Unix error code 2.
2026-07-21 14:45:10,152 [ERROR] LogOutputStream:75 - [STDERR_REDIRECT] 
2026-07-21 14:45:10,153 [ERROR] LogOutputStream:75 - [STDERR_REDIRECT] Jul 21, 2026 2:45:10 PM java.util.prefs.FileSystemPreferences syncWorld
2026-07-21 14:45:10,153 [ERROR] LogOutputStream:75 - [STDERR_REDIRECT] WARNING: Couldn't flush system prefs: java.util.prefs.BackingStoreException: Couldn't get file lock.
2026-07-21 14:45:10,153 [ERROR] LogOutputStream:75 - [STDERR_REDIRECT] 
2026-07-21 14:45:11,260 [WARN] MainUpdater:1193 - Updater busy. Cannot search thirdparties
2026-07-21 14:45:11,260 [INFO] ThirdPartyUpdaterWithRetryManager:96 - Updater plugin is busy. [5/15]
2026-07-21 14:45:14,261 [WARN] MainUpdater:1193 - Updater busy. Cannot search thirdparties
2026-07-21 14:45:14,261 [INFO] ThirdPartyUpdaterWithRetryManager:96 - Updater plugin is busy. [6/15]
2026-07-21 14:45:17,262 [WARN] MainUpdater:1193 - Updater busy. Cannot search thirdparties
2026-07-21 14:45:17,262 [INFO] ThirdPartyUpdaterWithRetryManager:96 - Updater plugin is busy. [7/15]
2026-07-21 14:45:20,263 [WARN] MainUpdater:1193 - Updater busy. Cannot search thirdparties
2026-07-21 14:45:20,263 [INFO] ThirdPartyUpdaterWithRetryManager:96 - Updater plugin is busy. [8/15]
2026-07-21 14:45:23,263 [WARN] MainUpdater:1193 - Updater busy. Cannot search thirdparties
2026-07-21 14:45:23,264 [INFO] ThirdPartyUpdaterWithRetryManager:96 - Updater plugin is busy. [9/15]
2026-07-21 14:45:26,264 [WARN] MainUpdater:1193 - Updater busy. Cannot search thirdparties
2026-07-21 14:45:26,264 [INFO] ThirdPartyUpdaterWithRetryManager:96 - Updater plugin is busy. [10/15]
2026-07-21 14:45:29,265 [WARN] MainUpdater:1193 - Updater busy. Cannot search thirdparties
2026-07-21 14:45:29,265 [INFO] ThirdPartyUpdaterWithRetryManager:96 - Updater plugin is busy. [11/15]
2026-07-21 14:45:32,266 [WARN] MainUpdater:1193 - Updater busy. Cannot search thirdparties
2026-07-21 14:45:32,267 [INFO] ThirdPartyUpdaterWithRetryManager:96 - Updater plugin is busy. [12/15]
2026-07-21 14:45:35,268 [WARN] MainUpdater:1193 - Updater busy. Cannot search thirdparties
2026-07-21 14:45:35,269 [INFO] ThirdPartyUpdaterWithRetryManager:96 - Updater plugin is busy. [13/15]
2026-07-21 14:45:38,269 [WARN] MainUpdater:1193 - Updater busy. Cannot search thirdparties
2026-07-21 14:45:38,270 [INFO] ThirdPartyUpdaterWithRetryManager:96 - Updater plugin is busy. [14/15]
2026-07-21 14:45:40,137 [ERROR] LogOutputStream:75 - [STDERR_REDIRECT] Jul 21, 2026 2:45:40 PM java.util.prefs.FileSystemPreferences checkLockFile0ErrorCode
2026-07-21 14:45:40,137 [ERROR] LogOutputStream:75 - [STDERR_REDIRECT] WARNING: Could not lock System prefs. Unix error code 2.
2026-07-21 14:45:40,137 [ERROR] LogOutputStream:75 - [STDERR_REDIRECT] 
2026-07-21 14:45:40,138 [ERROR] LogOutputStream:75 - [STDERR_REDIRECT] Jul 21, 2026 2:45:40 PM java.util.prefs.FileSystemPreferences syncWorld
2026-07-21 14:45:40,138 [ERROR] LogOutputStream:75 - [STDERR_REDIRECT] WARNING: Couldn't flush system prefs: java.util.prefs.BackingStoreException: Couldn't get file lock.
2026-07-21 14:45:40,138 [ERROR] LogOutputStream:75 - [STDERR_REDIRECT] 
2026-07-21 14:45:40,262 [INFO] DbMcusAds:53 - JSON generation date=Wed Jul 15 15:16:00 IST 2026 (1784108760991)
2026-07-21 14:45:40,268 [ERROR] TargetSelectorAdapter:267 - Unable to refresh data
2026-07-21 14:45:40,496 [INFO] ApiDb:581 - Connected to CubeFinder SQLite database (/home/varun/.stmcufinder/plugins/mcufinder/mcu/cube-finder-db.db)
2026-07-21 14:45:40,599 [INFO] ApiDb:668 - CubeFinder database Data Model version=2.1
2026-07-21 14:45:40,599 [INFO] ApiDb:669 - CubeFinder database Configuration version=3.0.42
2026-07-21 14:45:40,600 [INFO] ApiDb:670 - CubeFinder database generation date=2026-06-23 (1782213372)
2026-07-21 14:45:40,600 [INFO] ApiDb:671 - CubeFinder database FW Pack versions=[FP-ATR-ASTRA1_V2.0.0, FP-SNS-FLIGHT1_V5.1.0, FP-SNS-MOTENV1_V5.1.0, FP-SNS-MOTENVWB1_V1.5.0, FP-SNS-SMARTAG2_V1.2.0, FP-SNS-STBOX1_V2.1.0, STM32Cube_FW_C0_V1.4.0, STM32Cube_FW_F4_V1.28.3, STM32Cube_FW_F7_V1.17.4, STM32Cube_FW_G0_V1.6.3, STM32Cube_FW_G4_V1.6.2, STM32Cube_FW_H5_V1.7.0, STM32Cube_FW_H7RS_V1.3.0, STM32Cube_FW_H7_V1.13.0, STM32Cube_FW_L0_V1.12.2, STM32Cube_FW_L4_V1.18.2, STM32Cube_FW_L5_V1.6.0, STM32Cube_FW_N6_V1.4.0, STM32Cube_FW_U0_V1.3.0, STM32Cube_FW_U3_V1.4.0, STM32Cube_FW_U5_V1.9.0, STM32Cube_FW_WB0_V1.5.0, STM32Cube_FW_WBA_V1.10.0, STM32Cube_FW_WB_V1.24.0, STM32Cube_FW_WL3_V1.5.0, STM32Cube_FW_WL_V1.6.0, X-CUBE-ALGOBUILD_V1.5.0, X-CUBE-ALS_V1.0.2, X-CUBE-AZRTOS-F4_V1.1.0, X-CUBE-AZRTOS-F7_V1.1.0, X-CUBE-AZRTOS-G0_V1.1.0, X-CUBE-AZRTOS-G4_V2.0.0, X-CUBE-AZRTOS-H7RS_V1.1.0, X-CUBE-AZRTOS-H7_V3.5.0, X-CUBE-AZRTOS-L4_V2.0.0, X-CUBE-AZRTOS-L5_V2.0.0, X-CUBE-AZRTOS-WB_V2.0.0, X-CUBE-AZRTOS-WL_V2.0.0, X-CUBE-BLE1_V7.1.0, X-CUBE-BLE2_V3.3.0, X-CUBE-BLEMGR_V4.1.0, X-CUBE-EEPRMA1_V5.2.0, X-CUBE-FREERTOS_V1.5.0, X-CUBE-GNSS1_V7.1.1, X-CUBE-MEMS1_V12.1.0, X-CUBE-NFC4_V3.0.0, X-CUBE-NFC7_V2.0.0, X-CUBE-SFXS2LP1_V4.0.0, X-CUBE-ST67W61_V1.3.0, X-CUBE-SUBG2_V5.0.0, X-CUBE-TOF1_V3.4.3]
2026-07-21 14:45:40,679 [INFO] DbBoardsSqlite:226 - include board P-NUCLEO-WB55-NUCLEO as a kit item of type 'Nucleo-64'
2026-07-21 14:45:40,679 [INFO] DbBoardsSqlite:226 - include board P-NUCLEO-WB55-USBDONGLE as a kit item of type 'Nucleo USB Dongle'
2026-07-21 14:45:40,680 [INFO] DbBoardsSqlite:226 - include board STEVAL-IDP005V1 as a kit item of type 'Evaluation Board'
2026-07-21 14:45:40,680 [INFO] DbBoardsSqlite:226 - include board STEVAL-IDP005V2 as a kit item of type 'Evaluation Board'
2026-07-21 14:45:40,763 [INFO] ApiDb:240 - Found 895 in-development CPN: [B-G473E-ZEST1S, B-WB1M-WPAN1, B-WBA5M-WPAN, B-WL5M-SUBG1, NUCLEO-C031C6, NUCLEO-C051C8, NUCLEO-C071RB, NUCLEO-C092RC, NUCLEO-H503RB, NUCLEO-H533RE, NUCLEO-H563ZI, NUCLEO-H7S3L8, NUCLEO-N657X0-Q, NUCLEO-U031R8, NUCLEO-U083RC, NUCLEO-U385RG-Q, NUCLEO-U545RE-Q, NUCLEO-U5A5ZJ-Q, NUCLEO-WB05KZ, NUCLEO-WB07CC, NUCLEO-WB09KE, NUCLEO-WBA52CG, NUCLEO-WBA55CG, NUCLEO-WBA65RI, NUCLEO-WL33CC1, NUCLEO-WL33CC2, STEVAL-PROTEUS1, STEVAL-SMARTAG2, STEVAL-STWINBX1, STM320518-EVAL, STM32C0116-DK, STM32C011D6Y3TR, STM32C011D6Y6TR, STM32C011F4P3, STM32C011F4P6, STM32C011F4U3, STM32C011F4U6TR, STM32C011F6P3, STM32C011F6P6, STM32C011F6U3, STM32C011F6U6TR, STM32C011J4M3, STM32C011J4M6, STM32C011J6M3, STM32C011J6M6, STM32C0316-DK, STM32C031C4T3, STM32C031C4T6, STM32C031C4U3, STM32C031C4U6, STM32C031C6T3, STM32C031C6T6, STM32C031C6U3, STM32C031C6U6, STM32C031F4P3, STM32C031F4P6, STM32C031F6P3, STM32C031F6P6, STM32C031G4U3, STM32C031G4U6, STM32C031G6U3, STM32C031G6U6, STM32C031K4T3, STM32C031K4T6, STM32C031K4U3, STM32C031K4U6, STM32C031K6T3, STM32C031K6T6, STM32C031K6U3, STM32C031K6U6, STM32C051C6T6, STM32C051C6U6, STM32C051C8T6, STM32C051C8U6, STM32C051D8Y6TR, STM32C051F6P6, STM32C051F8P6, STM32C051G6U6, STM32C051G8U6, STM32C051K6T6, STM32C051K6U6, STM32C051K8T6, STM32C071C8T6, STM32C071C8T6N, STM32C071C8U6, STM32C071C8U6N, STM32C071CBT6, STM32C071CBT6N, STM32C071CBU6, STM32C071CBU6N, STM32C071F8P6, STM32C071F8P6N, STM32C071FBP6, STM32C071FBP6N, STM32C071FBY6TR, STM32C071G8U6, STM32C071G8U6N, STM32C071GBU6, STM32C071GBU6N, STM32C071K8T6, STM32C071K8T6N, STM32C071K8U6, STM32C071K8U6N, STM32C071KBT6, STM32C071KBT6N, STM32C071KBU6, STM32C071KBU6N, STM32C071R8T6, STM32C071R8T6N, STM32C071RBI6N, STM32C071RBT6, STM32C071RBT6N, STM32C091CBT6, STM32C091CBU6, STM32C091CCT6, STM32C091CCU6, STM32C091ECY6TR, STM32C091FBP6, STM32C091FCP6, STM32C091GBU6, STM32C091GCU6, STM32C091KBT6, STM32C091KBU6, STM32C091KCT6, STM32C091KCU6, STM32C091RBT6, STM32C091RCI6, STM32C091RCT6, STM32C092CBT6, STM32C092CBU6, STM32C092CCT6, STM32C092CCU6, STM32C092ECY6TR, STM32C092FBP6, STM32C092FCP6, STM32C092GBU6, STM32C092GCU6, STM32C092KBT6, STM32C092KBU6, STM32C092KCT6, STM32C092KCU6, STM32C092RBT6, STM32C092RCI6, STM32C092RCT6, STM32G071K8TXN, STM32G071K8UXN, STM32G081GBU6N, STM32G081KBT6N, STM32G081KBUXN, STM32G0B1CCT6N, STM32G0B1KCT6, STM32G0B1NEY6TR, STM32G0B1RCT6N, STM32G0C1CCT6, STM32G0C1CCT6N, STM32G0C1CCU6N, STM32G0C1CET6N, STM32G0C1CEU6N, STM32G0C1KCT6, STM32G0C1NEY6TR, STM32G0C1RCI6N, STM32G0C1RCT6N, STM32G0C1REI6N, STM32G0C1RET6N, STM32G0C1VCI6, STM32G0C1VEI6, STM32G411C6T3, STM32G411C6T6, STM32G411C6U3, STM32G411C6U6, STM32G411C8T3, STM32G411C8T6, STM32G411C8U3, STM32G411C8U6, STM32G411CBT3, STM32G411CBT6, STM32G411CBU3, STM32G411CBU6, STM32G411CCT3, STM32G411CCT6, STM32G411CCU3, STM32G411CCU6, STM32G411K6T3, STM32G411K6T6, STM32G411K6U3, STM32G411K6U6, STM32G411K8T3, STM32G411K8T6, STM32G411K8U3, STM32G411K8U6, STM32G411KBT3, STM32G411KBT6, STM32G411KBU3, STM32G411KBU6, STM32G411M6T3, STM32G411M6T6, STM32G411M8T3, STM32G411M8T6, STM32G411MBT3, STM32G411MBT6, STM32G411MCT3, STM32G411MCT6, STM32G411R6T3, STM32G411R6T6, STM32G411R8T3, STM32G411R8T6, STM32G411RBT3, STM32G411RBT6, STM32G411RCT3, STM32G411RCT6, STM32G414CBT3, STM32G414CBT6, STM32G414CBU3, STM32G414CBU6, STM32G414CCT3, STM32G414CCT6, STM32G414CCU3, STM32G414CCU6, STM32G414MBT3, STM32G414MBT6, STM32G414MCT3, STM32G414MCT6, STM32G414RBT3, STM32G414RBT6, STM32G414RCT3, STM32G414RCT6, STM32G414VBT3, STM32G414VBT6, STM32G414VCT3, STM32G414VCT6, STM32G431CBT3Z, STM32G431RBT3Z, STM32G471CCT6, STM32G471CCU6, STM32G471CET3, STM32G471CET6, STM32G471CEU3, STM32G471CEU6, STM32G471MCT6, STM32G471MET3, STM32G471MET6, STM32G471MEY6TR, STM32G471QCT6, STM32G471QET3, STM32G471RCT6, STM32G471RET3, STM32G471RET6, STM32G471VCH6, STM32G471VCI6, STM32G471VCT6, STM32G471VEH3, STM32G471VEH6, STM32G471VEI3, STM32G471VEI6, STM32G471VET3, STM32G471VET6, STM32G473QET3Z, STM32G473RET3Z, STM32G474CCT6, STM32G491RET3Z, STM32H503CBT6, STM32H503CBU6, STM32H503EBY6TR, STM32H503KBU6, STM32H503RBT6, STM32H523CCT6, STM32H523CCU6, STM32H523CET6, STM32H523CEU6, STM32H523HEY6TR, STM32H523RCT6, STM32H523RET6, STM32H523VCI6, STM32H523VCT6, STM32H523VEI6, STM32H523VET6, STM32H523ZCJ6, STM32H523ZCT6, STM32H523ZEJ6, STM32H523ZET6, STM32H533CET6, STM32H533CEU6, STM32H533HEY6TR, STM32H533RET6, STM32H533VEI6, STM32H533VET6, STM32H533ZEJ6, STM32H533ZET6, STM32H562AGI6, STM32H562AII6, STM32H562IGK6, STM32H562IGT6, STM32H562IIK6, STM32H562IIT6, STM32H562RGT6, STM32H562RGV6, STM32H562RIT6, STM32H562RIV6, STM32H562VGT6, STM32H562VIT6, STM32H562ZGT6, STM32H562ZIT6, STM32H563AGI6, STM32H563AII3Q, STM32H563AII6, STM32H563IGK6, STM32H563IGT6, STM32H563IIK3Q, STM32H563IIK6, STM32H563IIT3Q, STM32H563IIT6, STM32H563MIY3QTR, STM32H563RGT6, STM32H563RGV6, STM32H563RIT6, STM32H563RIV6, STM32H563VGT6, STM32H563VIT3Q, STM32H563VIT6, STM32H563ZGT6, STM32H563ZIT3Q, STM32H563ZIT6, STM32H573AII3Q, STM32H573AII6, STM32H573I-DK, STM32H573IIK3Q, STM32H573IIK6, STM32H573IIT3Q, STM32H573IIT6, STM32H573MIY3QTR, STM32H573RIT6, STM32H573RIV6, STM32H573VIT3Q, STM32H573VIT6, STM32H573ZIT3Q, STM32H573ZIT6, STM32H7R3A8I6, STM32H7R3I8K6, STM32H7R3I8T6, STM32H7R3L8H6, STM32H7R3L8H6H, STM32H7R3R8V6, STM32H7R3V8H6, STM32H7R3V8T6, STM32H7R3V8Y6TR, STM32H7R3Z8J6, STM32H7R3Z8T6, STM32H7R7A8I6, STM32H7R7I8K6, STM32H7R7I8T6, STM32H7R7L8H6, STM32H7R7L8H6H, STM32H7R7Z8J6, STM32H7S3A8I6, STM32H7S3I8K6, STM32H7S3I8T6, STM32H7S3L8H6, STM32H7S3L8H6H, STM32H7S3R8V6, STM32H7S3V8H6, STM32H7S3V8T6, STM32H7S3V8Y6TR, STM32H7S3Z8J6, STM32H7S3Z8T6, STM32H7S78-DK, STM32H7S7A8I6, STM32H7S7I8K6, STM32H7S7I8T6, STM32H7S7L8H6, STM32H7S7L8H6H, STM32H7S7Z8J6, STM32L4R5QGI6STR, STM32MP131AAE3, STM32MP131AAF3, STM32MP131AAG3, STM32MP131CAE3, STM32MP131CAF3, STM32MP131CAG3, STM32MP131DAE7, STM32MP131DAF7, STM32MP131DAG7, STM32MP131FAE7, STM32MP131FAF7, STM32MP131FAG7, STM32MP133AAE3, STM32MP133AAF3, STM32MP133AAG3, STM32MP133CAE3, STM32MP133CAF3, STM32MP133CAG3, STM32MP133DAE7, STM32MP133DAF7, STM32MP133DAG7, STM32MP133FAE7, STM32MP133FAF7, STM32MP133FAG7, STM32MP135AAE3, STM32MP135AAF3, STM32MP135AAG3, STM32MP135CAE3, STM32MP135CAF3, STM32MP135CAG3, STM32MP135DAE7, STM32MP135DAF7, STM32MP135DAG7, STM32MP135F-DK, STM32MP135FAE7, STM32MP135FAF7, STM32MP135FAF7T, STM32MP135FAF7U, STM32MP135FAG7, STM32MP231AAJ3, STM32MP231AAK3, STM32MP231AAL3, STM32MP231CAJ3, STM32MP231CAK3, STM32MP231CAL3, STM32MP231DAJ3, STM32MP231DAK3, STM32MP231DAL3, STM32MP231FAJ3, STM32MP231FAK3, STM32MP231FAL3, STM32MP233AAJ3, STM32MP233AAK3, STM32MP233AAL3, STM32MP233CAJ3, STM32MP233CAK3, STM32MP233CAL3, STM32MP233DAJ3, STM32MP233DAK3, STM32MP233DAL3, STM32MP233FAJ3, STM32MP233FAK3, STM32MP233FAL3, STM32MP235AAJ3, STM32MP235AAK3, STM32MP235AAL3, STM32MP235CAJ3, STM32MP235CAK3, STM32MP235CAL3, STM32MP235DAJ3, STM32MP235DAK3, STM32MP235DAL3, STM32MP235FAJ3, STM32MP235FAK3, STM32MP235FAL3, STM32MP251AAI3, STM32MP251AAJ3, STM32MP251AAK3, STM32MP251AAL3, STM32MP251CAI3, STM32MP251CAJ3, STM32MP251CAK3, STM32MP251CAL3, STM32MP251DAI3, STM32MP251DAJ3, STM32MP251DAK3, STM32MP251DAL3, STM32MP251FAI3, STM32MP251FAJ3, STM32MP251FAK3, STM32MP251FAL3, STM32MP253AAI3, STM32MP253AAJ3, STM32MP253AAK3, STM32MP253AAL3, STM32MP253CAI3, STM32MP253CAJ3, STM32MP253CAK3, STM32MP253CAL3, STM32MP253DAI3, STM32MP253DAJ3, STM32MP253DAK3, STM32MP253DAL3, STM32MP253FAI3, STM32MP253FAJ3, STM32MP253FAK3, STM32MP253FAL3, STM32MP255AAI3, STM32MP255AAJ3, STM32MP255AAK3, STM32MP255AAL3, STM32MP255CAI3, STM32MP255CAJ3, STM32MP255CAK3, STM32MP255CAL3, STM32MP255DAI3, STM32MP255DAJ3, STM32MP255DAK3, STM32MP255DAL3, STM32MP255FAI3, STM32MP255FAJ3, STM32MP255FAK3, STM32MP255FAL3, STM32MP257AAI3, STM32MP257AAJ3, STM32MP257AAK3, STM32MP257AAL3, STM32MP257CAI3, STM32MP257CAJ3, STM32MP257CAK3, STM32MP257CAL3, STM32MP257DAI3, STM32MP257DAJ3, STM32MP257DAK3, STM32MP257DAL3, STM32MP257F-DK, STM32MP257F-EV1, STM32MP257FAI3, STM32MP257FAJ3, STM32MP257FAK3, STM32MP257FAL3, STM32N645A0H3Q, STM32N645B0H3Q, STM32N645I0H3Q, STM32N645L0H3Q, STM32N645X0H3Q, STM32N645Z0H3Q, STM32N647A0H3Q, STM32N647B0H3Q, STM32N647I0H3Q, STM32N647L0H3Q, STM32N647X0H3Q, STM32N647Z0H3Q, STM32N655A0H3Q, STM32N655B0H3Q, STM32N655I0H3Q, STM32N655L0H3Q, STM32N655X0H3Q, STM32N655Z0H3Q, STM32N6570-DK, STM32N657A0H3Q, STM32N657B0H3Q, STM32N657I0H3Q, STM32N657L0H3Q, STM32N657X0H3Q, STM32N657Z0H3Q, STM32U031C6T6, STM32U031C6U6, STM32U031C8T6, STM32U031C8U6, STM32U031F4P6, STM32U031F6P6, STM32U031F8P6, STM32U031G6Y6TR, STM32U031G8Y6TR, STM32U031K4U6, STM32U031K6U6, STM32U031K8U6, STM32U031R6I6, STM32U031R6T6, STM32U031R8I6, STM32U031R8T6, STM32U073C8T6, STM32U073C8U6, STM32U073CBT6, STM32U073CBU6, STM32U073CCT6, STM32U073CCU6, STM32U073H8Y6TR, STM32U073HBY6TR, STM32U073HCY6TR, STM32U073K8U6, STM32U073KBU6, STM32U073KCU6, STM32U073M8I6, STM32U073M8T6, STM32U073MBI6, STM32U073MBT6, STM32U073MCI6, STM32U073MCT6, STM32U073R8I6, STM32U073R8T6, STM32U073RBI6, STM32U073RBT6, STM32U073RCI6, STM32U073RCT6, STM32U083C-DK, STM32U083CCT6, STM32U083CCU6, STM32U083HCY6TR, STM32U083KCU6, STM32U083MCI6, STM32U083MCT6, STM32U083RCI6, STM32U083RCT6, STM32U375CET6, STM32U375CET6Q, STM32U375CEU6, STM32U375CEU6Q, STM32U375CEY6QTR, STM32U375CGT6, STM32U375CGT6Q, STM32U375CGU6, STM32U375CGU6Q, STM32U375CGY6QTR, STM32U375KEU6, STM32U375KGU6, STM32U375REI6, STM32U375REI6Q, STM32U375RET6, STM32U375RET6Q, STM32U375REY6GTR, STM32U375REY6QTR, STM32U375RGI6, STM32U375RGI6Q, STM32U375RGT6, STM32U375RGT6Q, STM32U375RGY6GTR, STM32U375RGY6QTR, STM32U375VEI6, STM32U375VEI6Q, STM32U375VET6, STM32U375VET6Q, STM32U375VGI6, STM32U375VGI6Q, STM32U375VGT6, STM32U375VGT6Q, STM32U385CGT6, STM32U385CGT6Q, STM32U385CGU6, STM32U385CGU6Q, STM32U385CGY6QTR, STM32U385KGU6, STM32U385RGI6, STM32U385RGI6Q, STM32U385RGT6, STM32U385RGT6Q, STM32U385RGY6GTR, STM32U385RGY6QTR, STM32U385VGI6, STM32U385VGI6Q, STM32U385VGT6, STM32U385VGT6Q, STM32U535CBT6, STM32U535CBT6Q, STM32U535CBU6, STM32U535CBU6Q, STM32U535CCT6, STM32U535CCT6Q, STM32U535CCU6, STM32U535CCU6Q, STM32U535CET6, STM32U535CET6Q, STM32U535CEU6, STM32U535CEU6Q, STM32U535JEY6QTR, STM32U535NCY6QTR, STM32U535NEY6QTR, STM32U535RBI6, STM32U535RBI6Q, STM32U535RBT6, STM32U535RBT6Q, STM32U535RCI6, STM32U535RCI6Q, STM32U535RCT6, STM32U535RCT6Q, STM32U535REI6, STM32U535REI6Q, STM32U535RET6, STM32U535RET6Q, STM32U535VCI6, STM32U535VCI6Q, STM32U535VCT6, STM32U535VCT6Q, STM32U535VEI6, STM32U535VEI6Q, STM32U535VET6, STM32U535VET6Q, STM32U545CET6, STM32U545CET6Q, STM32U545CEU6, STM32U545CEU6Q, STM32U545JEY6QTR, STM32U545NEY6QTR, STM32U545REI6, STM32U545REI6Q, STM32U545RET6, STM32U545RET6Q, STM32U545VEI6, STM32U545VEI6Q, STM32U545VET6, STM32U545VET6Q, STM32U595AIH6, STM32U595AIH6Q, STM32U595AJH6, STM32U595AJH6Q, STM32U595QII6, STM32U595QII6Q, STM32U595QJI6, STM32U595QJI6Q, STM32U595RIT6, STM32U595RIT6Q, STM32U595RJT6, STM32U595RJT6Q, STM32U595VIT6, STM32U595VIT6Q, STM32U595VJT6, STM32U595VJT6Q, STM32U595ZIT6, STM32U595ZIT6Q, STM32U595ZIY6QTR, STM32U595ZJT6, STM32U595ZJT6Q, STM32U595ZJY6QTR, STM32U599BJY6QTR, STM32U599NIH6Q, STM32U599NJH6Q, STM32U599VIT6Q, STM32U599VJT6, STM32U599VJT6Q, STM32U599ZIT6Q, STM32U599ZIY6QTR, STM32U599ZJT6Q, STM32U599ZJY6QTR, STM32U5A5AJH6, STM32U5A5AJH6Q, STM32U5A5QII3Q , STM32U5A5QJI6, STM32U5A5QJI6Q, STM32U5A5RJT6, STM32U5A5RJT6Q, STM32U5A5VJT6, STM32U5A5VJT6Q, STM32U5A5ZJT6, STM32U5A5ZJT6Q, STM32U5A5ZJY6QTR, STM32U5A9BJY6QTR, STM32U5A9J-DK, STM32U5A9NJH6Q, STM32U5A9VJT6Q, STM32U5A9ZJT6Q, STM32U5A9ZJY6QTR, STM32U5F7VIT6, STM32U5F7VIT6Q, STM32U5F7VJT6, STM32U5F7VJT6Q, STM32U5F9BJY6QTR, STM32U5F9NJH6Q, STM32U5F9VIT6Q, STM32U5F9VJT6Q, STM32U5F9ZIJ6QTR, STM32U5F9ZIT6Q, STM32U5F9ZJJ6QTR, STM32U5F9ZJT6Q, STM32U5G7VJT6, STM32U5G7VJT6Q, STM32U5G9BJY6QTR, STM32U5G9J-DK1, STM32U5G9J-DK2, STM32U5G9NJH6Q, STM32U5G9VJT6Q, STM32U5G9ZJJ6QTR, STM32U5G9ZJT6Q, STM32WB05KZV6TR, STM32WB05KZV7TR, STM32WB05TZF6TR, STM32WB05TZF7TR, STM32WB06CCF6TR, STM32WB06CCF7TR, STM32WB06CCV6TR, STM32WB06CCV7TR, STM32WB06KCV6TR, STM32WB06KCV7TR, STM32WB07CCF6TR, STM32WB07CCF7TR, STM32WB07CCV6TR, STM32WB07CCV7TR, STM32WB07KCV6TR, STM32WB07KCV7TR, STM32WB09KEV6TR, STM32WB09KEV7TR, STM32WB09TEF6TR, STM32WB09TEF7TR, STM32WB1MMCH6, STM32WBA50KGU6, STM32WBA50KGU6TR, STM32WBA52CEU6, STM32WBA52CEU6TR, STM32WBA52CEU7, STM32WBA52CEU7TR, STM32WBA52CGU6, STM32WBA52CGU6TR, STM32WBA52CGU6U, STM32WBA52CGU7, STM32WBA52CGU7TR, STM32WBA52KEU6, STM32WBA52KEU6TR, STM32WBA52KGU6, STM32WBA52KGU6TR, STM32WBA54CEU6, STM32WBA54CEU6TR, STM32WBA54CEU7, STM32WBA54CEU7TR, STM32WBA54CGU6, STM32WBA54CGU6TR, STM32WBA54CGU7, STM32WBA54CGU7TR, STM32WBA54KEU6, STM32WBA54KEU6TR, STM32WBA54KEU7, STM32WBA54KEU7TR, STM32WBA54KGU6, STM32WBA54KGU6TR, STM32WBA54KGU7, STM32WBA54KGU7TR, STM32WBA55CEU6, STM32WBA55CEU6TR, STM32WBA55CEU7, STM32WBA55CEU7TR, STM32WBA55CGU6, STM32WBA55CGU6TR, STM32WBA55CGU6U, STM32WBA55CGU7, STM32WBA55CGU7TR, STM32WBA55G-DK1, STM32WBA55HEF6, STM32WBA55HEF7, STM32WBA55HGF6, STM32WBA55HGF7, STM32WBA55UEI6, STM32WBA55UEI6TR, STM32WBA55UEI7, STM32WBA55UEI7TR, STM32WBA55UGI6, STM32WBA55UGI6TR, STM32WBA55UGI7, STM32WBA55UGI7TR, STM32WBA5MJGH6TR, STM32WBA62CGU6, STM32WBA62CIU6, STM32WBA62MGF6, STM32WBA62MIF6, STM32WBA62PGI6, STM32WBA62PII6, STM32WBA63CGU6, STM32WBA63CGU7, STM32WBA63CIU6, STM32WBA63CIU7, STM32WBA64CGU6, STM32WBA64CGU7, STM32WBA64CIU6, STM32WBA64CIU7, STM32WBA65CGU6, STM32WBA65CGU7, STM32WBA65CIU6, STM32WBA65CIU7, STM32WBA65I-DK1, STM32WBA65MGF6, STM32WBA65MGF7, STM32WBA65MIF6, STM32WBA65MIF7, STM32WBA65PGI6, STM32WBA65PGI7, STM32WBA65PII6, STM32WBA65PII7, STM32WBA65RGV6, STM32WBA65RGV7, STM32WBA65RIV6, STM32WBA65RIV7, STM32WL30K8V6, STM32WL30KBV6, STM32WL31C8V6, STM32WL31CBV6, STM32WL31K8V6, STM32WL31KBV6, STM32WL33C8V6, STM32WL33C8V6TR, STM32WL33C8V7, STM32WL33C8V7TR, STM32WL33CBV6, STM32WL33CBV6TR, STM32WL33CBV7, STM32WL33CBV7TR, STM32WL33CCV6, STM32WL33CCV6TR, STM32WL33CCV7, STM32WL33CCV7A, STM32WL33CCV7ATR, STM32WL33CCV7TR, STM32WL33K8V6, STM32WL33K8V6TR, STM32WL33K8V7, STM32WL33K8V7TR, STM32WL33KBV6, STM32WL33KBV6TR, STM32WL33KBV7, STM32WL33KBV7TR, STM32WL33KCV6, STM32WL33KCV6TR, STM32WL33KCV7, STM32WL33KCV7TR, STM32WL5MOCH6, STM32WL5MOCH6TR]
2026-07-21 14:45:40,768 [INFO] ApiDb:668 - CubeFinder database Data Model version=2.1
2026-07-21 14:45:40,768 [INFO] ApiDb:669 - CubeFinder database Configuration version=3.0.42
2026-07-21 14:45:40,768 [INFO] ApiDb:670 - CubeFinder database generation date=2026-06-23 (1782213372)
2026-07-21 14:45:40,768 [INFO] ApiDb:671 - CubeFinder database FW Pack versions=[FP-ATR-ASTRA1_V2.0.0, FP-SNS-FLIGHT1_V5.1.0, FP-SNS-MOTENV1_V5.1.0, FP-SNS-MOTENVWB1_V1.5.0, FP-SNS-SMARTAG2_V1.2.0, FP-SNS-STBOX1_V2.1.0, STM32Cube_FW_C0_V1.4.0, STM32Cube_FW_F4_V1.28.3, STM32Cube_FW_F7_V1.17.4, STM32Cube_FW_G0_V1.6.3, STM32Cube_FW_G4_V1.6.2, STM32Cube_FW_H5_V1.7.0, STM32Cube_FW_H7RS_V1.3.0, STM32Cube_FW_H7_V1.13.0, STM32Cube_FW_L0_V1.12.2, STM32Cube_FW_L4_V1.18.2, STM32Cube_FW_L5_V1.6.0, STM32Cube_FW_N6_V1.4.0, STM32Cube_FW_U0_V1.3.0, STM32Cube_FW_U3_V1.4.0, STM32Cube_FW_U5_V1.9.0, STM32Cube_FW_WB0_V1.5.0, STM32Cube_FW_WBA_V1.10.0, STM32Cube_FW_WB_V1.24.0, STM32Cube_FW_WL3_V1.5.0, STM32Cube_FW_WL_V1.6.0, X-CUBE-ALGOBUILD_V1.5.0, X-CUBE-ALS_V1.0.2, X-CUBE-AZRTOS-F4_V1.1.0, X-CUBE-AZRTOS-F7_V1.1.0, X-CUBE-AZRTOS-G0_V1.1.0, X-CUBE-AZRTOS-G4_V2.0.0, X-CUBE-AZRTOS-H7RS_V1.1.0, X-CUBE-AZRTOS-H7_V3.5.0, X-CUBE-AZRTOS-L4_V2.0.0, X-CUBE-AZRTOS-L5_V2.0.0, X-CUBE-AZRTOS-WB_V2.0.0, X-CUBE-AZRTOS-WL_V2.0.0, X-CUBE-BLE1_V7.1.0, X-CUBE-BLE2_V3.3.0, X-CUBE-BLEMGR_V4.1.0, X-CUBE-EEPRMA1_V5.2.0, X-CUBE-FREERTOS_V1.5.0, X-CUBE-GNSS1_V7.1.1, X-CUBE-MEMS1_V12.1.0, X-CUBE-NFC4_V3.0.0, X-CUBE-NFC7_V2.0.0, X-CUBE-SFXS2LP1_V4.0.0, X-CUBE-ST67W61_V1.3.0, X-CUBE-SUBG2_V5.0.0, X-CUBE-TOF1_V3.4.3]
2026-07-21 14:45:41,270 [WARN] MainUpdater:1193 - Updater busy. Cannot search thirdparties
2026-07-21 14:45:41,270 [INFO] ThirdPartyUpdaterWithRetryManager:96 - Updater plugin is busy. [15/15]
2026-07-21 14:45:41,271 [ERROR] IntegrityCheckThread:130 - Cannot retrieve database content from updater: error -1
2026-07-21 14:45:41,271 [INFO] ThirdParty:978 - Integrity check success = false
2026-07-21 14:45:41,271 [INFO] IntegrityCheckThread:100 - exiting critical section [integrity check]
2026-07-21 14:45:41,271 [INFO] IntegrityCheckThread:103 - End integrity checks thread
2026-07-21 14:45:42,638 [INFO] ApiDb:240 - Found 895 in-development CPN: [B-G473E-ZEST1S, B-WB1M-WPAN1, B-WBA5M-WPAN, B-WL5M-SUBG1, NUCLEO-C031C6, NUCLEO-C051C8, NUCLEO-C071RB, NUCLEO-C092RC, NUCLEO-H503RB, NUCLEO-H533RE, NUCLEO-H563ZI, NUCLEO-H7S3L8, NUCLEO-N657X0-Q, NUCLEO-U031R8, NUCLEO-U083RC, NUCLEO-U385RG-Q, NUCLEO-U545RE-Q, NUCLEO-U5A5ZJ-Q, NUCLEO-WB05KZ, NUCLEO-WB07CC, NUCLEO-WB09KE, NUCLEO-WBA52CG, NUCLEO-WBA55CG, NUCLEO-WBA65RI, NUCLEO-WL33CC1, NUCLEO-WL33CC2, STEVAL-PROTEUS1, STEVAL-SMARTAG2, STEVAL-STWINBX1, STM320518-EVAL, STM32C0116-DK, STM32C011D6Y3TR, STM32C011D6Y6TR, STM32C011F4P3, STM32C011F4P6, STM32C011F4U3, STM32C011F4U6TR, STM32C011F6P3, STM32C011F6P6, STM32C011F6U3, STM32C011F6U6TR, STM32C011J4M3, STM32C011J4M6, STM32C011J6M3, STM32C011J6M6, STM32C0316-DK, STM32C031C4T3, STM32C031C4T6, STM32C031C4U3, STM32C031C4U6, STM32C031C6T3, STM32C031C6T6, STM32C031C6U3, STM32C031C6U6, STM32C031F4P3, STM32C031F4P6, STM32C031F6P3, STM32C031F6P6, STM32C031G4U3, STM32C031G4U6, STM32C031G6U3, STM32C031G6U6, STM32C031K4T3, STM32C031K4T6, STM32C031K4U3, STM32C031K4U6, STM32C031K6T3, STM32C031K6T6, STM32C031K6U3, STM32C031K6U6, STM32C051C6T6, STM32C051C6U6, STM32C051C8T6, STM32C051C8U6, STM32C051D8Y6TR, STM32C051F6P6, STM32C051F8P6, STM32C051G6U6, STM32C051G8U6, STM32C051K6T6, STM32C051K6U6, STM32C051K8T6, STM32C071C8T6, STM32C071C8T6N, STM32C071C8U6, STM32C071C8U6N, STM32C071CBT6, STM32C071CBT6N, STM32C071CBU6, STM32C071CBU6N, STM32C071F8P6, STM32C071F8P6N, STM32C071FBP6, STM32C071FBP6N, STM32C071FBY6TR, STM32C071G8U6, STM32C071G8U6N, STM32C071GBU6, STM32C071GBU6N, STM32C071K8T6, STM32C071K8T6N, STM32C071K8U6, STM32C071K8U6N, STM32C071KBT6, STM32C071KBT6N, STM32C071KBU6, STM32C071KBU6N, STM32C071R8T6, STM32C071R8T6N, STM32C071RBI6N, STM32C071RBT6, STM32C071RBT6N, STM32C091CBT6, STM32C091CBU6, STM32C091CCT6, STM32C091CCU6, STM32C091ECY6TR, STM32C091FBP6, STM32C091FCP6, STM32C091GBU6, STM32C091GCU6, STM32C091KBT6, STM32C091KBU6, STM32C091KCT6, STM32C091KCU6, STM32C091RBT6, STM32C091RCI6, STM32C091RCT6, STM32C092CBT6, STM32C092CBU6, STM32C092CCT6, STM32C092CCU6, STM32C092ECY6TR, STM32C092FBP6, STM32C092FCP6, STM32C092GBU6, STM32C092GCU6, STM32C092KBT6, STM32C092KBU6, STM32C092KCT6, STM32C092KCU6, STM32C092RBT6, STM32C092RCI6, STM32C092RCT6, STM32G071K8TXN, STM32G071K8UXN, STM32G081GBU6N, STM32G081KBT6N, STM32G081KBUXN, STM32G0B1CCT6N, STM32G0B1KCT6, STM32G0B1NEY6TR, STM32G0B1RCT6N, STM32G0C1CCT6, STM32G0C1CCT6N, STM32G0C1CCU6N, STM32G0C1CET6N, STM32G0C1CEU6N, STM32G0C1KCT6, STM32G0C1NEY6TR, STM32G0C1RCI6N, STM32G0C1RCT6N, STM32G0C1REI6N, STM32G0C1RET6N, STM32G0C1VCI6, STM32G0C1VEI6, STM32G411C6T3, STM32G411C6T6, STM32G411C6U3, STM32G411C6U6, STM32G411C8T3, STM32G411C8T6, STM32G411C8U3, STM32G411C8U6, STM32G411CBT3, STM32G411CBT6, STM32G411CBU3, STM32G411CBU6, STM32G411CCT3, STM32G411CCT6, STM32G411CCU3, STM32G411CCU6, STM32G411K6T3, STM32G411K6T6, STM32G411K6U3, STM32G411K6U6, STM32G411K8T3, STM32G411K8T6, STM32G411K8U3, STM32G411K8U6, STM32G411KBT3, STM32G411KBT6, STM32G411KBU3, STM32G411KBU6, STM32G411M6T3, STM32G411M6T6, STM32G411M8T3, STM32G411M8T6, STM32G411MBT3, STM32G411MBT6, STM32G411MCT3, STM32G411MCT6, STM32G411R6T3, STM32G411R6T6, STM32G411R8T3, STM32G411R8T6, STM32G411RBT3, STM32G411RBT6, STM32G411RCT3, STM32G411RCT6, STM32G414CBT3, STM32G414CBT6, STM32G414CBU3, STM32G414CBU6, STM32G414CCT3, STM32G414CCT6, STM32G414CCU3, STM32G414CCU6, STM32G414MBT3, STM32G414MBT6, STM32G414MCT3, STM32G414MCT6, STM32G414RBT3, STM32G414RBT6, STM32G414RCT3, STM32G414RCT6, STM32G414VBT3, STM32G414VBT6, STM32G414VCT3, STM32G414VCT6, STM32G431CBT3Z, STM32G431RBT3Z, STM32G471CCT6, STM32G471CCU6, STM32G471CET3, STM32G471CET6, STM32G471CEU3, STM32G471CEU6, STM32G471MCT6, STM32G471MET3, STM32G471MET6, STM32G471MEY6TR, STM32G471QCT6, STM32G471QET3, STM32G471RCT6, STM32G471RET3, STM32G471RET6, STM32G471VCH6, STM32G471VCI6, STM32G471VCT6, STM32G471VEH3, STM32G471VEH6, STM32G471VEI3, STM32G471VEI6, STM32G471VET3, STM32G471VET6, STM32G473QET3Z, STM32G473RET3Z, STM32G474CCT6, STM32G491RET3Z, STM32H503CBT6, STM32H503CBU6, STM32H503EBY6TR, STM32H503KBU6, STM32H503RBT6, STM32H523CCT6, STM32H523CCU6, STM32H523CET6, STM32H523CEU6, STM32H523HEY6TR, STM32H523RCT6, STM32H523RET6, STM32H523VCI6, STM32H523VCT6, STM32H523VEI6, STM32H523VET6, STM32H523ZCJ6, STM32H523ZCT6, STM32H523ZEJ6, STM32H523ZET6, STM32H533CET6, STM32H533CEU6, STM32H533HEY6TR, STM32H533RET6, STM32H533VEI6, STM32H533VET6, STM32H533ZEJ6, STM32H533ZET6, STM32H562AGI6, STM32H562AII6, STM32H562IGK6, STM32H562IGT6, STM32H562IIK6, STM32H562IIT6, STM32H562RGT6, STM32H562RGV6, STM32H562RIT6, STM32H562RIV6, STM32H562VGT6, STM32H562VIT6, STM32H562ZGT6, STM32H562ZIT6, STM32H563AGI6, STM32H563AII3Q, STM32H563AII6, STM32H563IGK6, STM32H563IGT6, STM32H563IIK3Q, STM32H563IIK6, STM32H563IIT3Q, STM32H563IIT6, STM32H563MIY3QTR, STM32H563RGT6, STM32H563RGV6, STM32H563RIT6, STM32H563RIV6, STM32H563VGT6, STM32H563VIT3Q, STM32H563VIT6, STM32H563ZGT6, STM32H563ZIT3Q, STM32H563ZIT6, STM32H573AII3Q, STM32H573AII6, STM32H573I-DK, STM32H573IIK3Q, STM32H573IIK6, STM32H573IIT3Q, STM32H573IIT6, STM32H573MIY3QTR, STM32H573RIT6, STM32H573RIV6, STM32H573VIT3Q, STM32H573VIT6, STM32H573ZIT3Q, STM32H573ZIT6, STM32H7R3A8I6, STM32H7R3I8K6, STM32H7R3I8T6, STM32H7R3L8H6, STM32H7R3L8H6H, STM32H7R3R8V6, STM32H7R3V8H6, STM32H7R3V8T6, STM32H7R3V8Y6TR, STM32H7R3Z8J6, STM32H7R3Z8T6, STM32H7R7A8I6, STM32H7R7I8K6, STM32H7R7I8T6, STM32H7R7L8H6, STM32H7R7L8H6H, STM32H7R7Z8J6, STM32H7S3A8I6, STM32H7S3I8K6, STM32H7S3I8T6, STM32H7S3L8H6, STM32H7S3L8H6H, STM32H7S3R8V6, STM32H7S3V8H6, STM32H7S3V8T6, STM32H7S3V8Y6TR, STM32H7S3Z8J6, STM32H7S3Z8T6, STM32H7S78-DK, STM32H7S7A8I6, STM32H7S7I8K6, STM32H7S7I8T6, STM32H7S7L8H6, STM32H7S7L8H6H, STM32H7S7Z8J6, STM32L4R5QGI6STR, STM32MP131AAE3, STM32MP131AAF3, STM32MP131AAG3, STM32MP131CAE3, STM32MP131CAF3, STM32MP131CAG3, STM32MP131DAE7, STM32MP131DAF7, STM32MP131DAG7, STM32MP131FAE7, STM32MP131FAF7, STM32MP131FAG7, STM32MP133AAE3, STM32MP133AAF3, STM32MP133AAG3, STM32MP133CAE3, STM32MP133CAF3, STM32MP133CAG3, STM32MP133DAE7, STM32MP133DAF7, STM32MP133DAG7, STM32MP133FAE7, STM32MP133FAF7, STM32MP133FAG7, STM32MP135AAE3, STM32MP135AAF3, STM32MP135AAG3, STM32MP135CAE3, STM32MP135CAF3, STM32MP135CAG3, STM32MP135DAE7, STM32MP135DAF7, STM32MP135DAG7, STM32MP135F-DK, STM32MP135FAE7, STM32MP135FAF7, STM32MP135FAF7T, STM32MP135FAF7U, STM32MP135FAG7, STM32MP231AAJ3, STM32MP231AAK3, STM32MP231AAL3, STM32MP231CAJ3, STM32MP231CAK3, STM32MP231CAL3, STM32MP231DAJ3, STM32MP231DAK3, STM32MP231DAL3, STM32MP231FAJ3, STM32MP231FAK3, STM32MP231FAL3, STM32MP233AAJ3, STM32MP233AAK3, STM32MP233AAL3, STM32MP233CAJ3, STM32MP233CAK3, STM32MP233CAL3, STM32MP233DAJ3, STM32MP233DAK3, STM32MP233DAL3, STM32MP233FAJ3, STM32MP233FAK3, STM32MP233FAL3, STM32MP235AAJ3, STM32MP235AAK3, STM32MP235AAL3, STM32MP235CAJ3, STM32MP235CAK3, STM32MP235CAL3, STM32MP235DAJ3, STM32MP235DAK3, STM32MP235DAL3, STM32MP235FAJ3, STM32MP235FAK3, STM32MP235FAL3, STM32MP251AAI3, STM32MP251AAJ3, STM32MP251AAK3, STM32MP251AAL3, STM32MP251CAI3, STM32MP251CAJ3, STM32MP251CAK3, STM32MP251CAL3, STM32MP251DAI3, STM32MP251DAJ3, STM32MP251DAK3, STM32MP251DAL3, STM32MP251FAI3, STM32MP251FAJ3, STM32MP251FAK3, STM32MP251FAL3, STM32MP253AAI3, STM32MP253AAJ3, STM32MP253AAK3, STM32MP253AAL3, STM32MP253CAI3, STM32MP253CAJ3, STM32MP253CAK3, STM32MP253CAL3, STM32MP253DAI3, STM32MP253DAJ3, STM32MP253DAK3, STM32MP253DAL3, STM32MP253FAI3, STM32MP253FAJ3, STM32MP253FAK3, STM32MP253FAL3, STM32MP255AAI3, STM32MP255AAJ3, STM32MP255AAK3, STM32MP255AAL3, STM32MP255CAI3, STM32MP255CAJ3, STM32MP255CAK3, STM32MP255CAL3, STM32MP255DAI3, STM32MP255DAJ3, STM32MP255DAK3, STM32MP255DAL3, STM32MP255FAI3, STM32MP255FAJ3, STM32MP255FAK3, STM32MP255FAL3, STM32MP257AAI3, STM32MP257AAJ3, STM32MP257AAK3, STM32MP257AAL3, STM32MP257CAI3, STM32MP257CAJ3, STM32MP257CAK3, STM32MP257CAL3, STM32MP257DAI3, STM32MP257DAJ3, STM32MP257DAK3, STM32MP257DAL3, STM32MP257F-DK, STM32MP257F-EV1, STM32MP257FAI3, STM32MP257FAJ3, STM32MP257FAK3, STM32MP257FAL3, STM32N645A0H3Q, STM32N645B0H3Q, STM32N645I0H3Q, STM32N645L0H3Q, STM32N645X0H3Q, STM32N645Z0H3Q, STM32N647A0H3Q, STM32N647B0H3Q, STM32N647I0H3Q, STM32N647L0H3Q, STM32N647X0H3Q, STM32N647Z0H3Q, STM32N655A0H3Q, STM32N655B0H3Q, STM32N655I0H3Q, STM32N655L0H3Q, STM32N655X0H3Q, STM32N655Z0H3Q, STM32N6570-DK, STM32N657A0H3Q, STM32N657B0H3Q, STM32N657I0H3Q, STM32N657L0H3Q, STM32N657X0H3Q, STM32N657Z0H3Q, STM32U031C6T6, STM32U031C6U6, STM32U031C8T6, STM32U031C8U6, STM32U031F4P6, STM32U031F6P6, STM32U031F8P6, STM32U031G6Y6TR, STM32U031G8Y6TR, STM32U031K4U6, STM32U031K6U6, STM32U031K8U6, STM32U031R6I6, STM32U031R6T6, STM32U031R8I6, STM32U031R8T6, STM32U073C8T6, STM32U073C8U6, STM32U073CBT6, STM32U073CBU6, STM32U073CCT6, STM32U073CCU6, STM32U073H8Y6TR, STM32U073HBY6TR, STM32U073HCY6TR, STM32U073K8U6, STM32U073KBU6, STM32U073KCU6, STM32U073M8I6, STM32U073M8T6, STM32U073MBI6, STM32U073MBT6, STM32U073MCI6, STM32U073MCT6, STM32U073R8I6, STM32U073R8T6, STM32U073RBI6, STM32U073RBT6, STM32U073RCI6, STM32U073RCT6, STM32U083C-DK, STM32U083CCT6, STM32U083CCU6, STM32U083HCY6TR, STM32U083KCU6, STM32U083MCI6, STM32U083MCT6, STM32U083RCI6, STM32U083RCT6, STM32U375CET6, STM32U375CET6Q, STM32U375CEU6, STM32U375CEU6Q, STM32U375CEY6QTR, STM32U375CGT6, STM32U375CGT6Q, STM32U375CGU6, STM32U375CGU6Q, STM32U375CGY6QTR, STM32U375KEU6, STM32U375KGU6, STM32U375REI6, STM32U375REI6Q, STM32U375RET6, STM32U375RET6Q, STM32U375REY6GTR, STM32U375REY6QTR, STM32U375RGI6, STM32U375RGI6Q, STM32U375RGT6, STM32U375RGT6Q, STM32U375RGY6GTR, STM32U375RGY6QTR, STM32U375VEI6, STM32U375VEI6Q, STM32U375VET6, STM32U375VET6Q, STM32U375VGI6, STM32U375VGI6Q, STM32U375VGT6, STM32U375VGT6Q, STM32U385CGT6, STM32U385CGT6Q, STM32U385CGU6, STM32U385CGU6Q, STM32U385CGY6QTR, STM32U385KGU6, STM32U385RGI6, STM32U385RGI6Q, STM32U385RGT6, STM32U385RGT6Q, STM32U385RGY6GTR, STM32U385RGY6QTR, STM32U385VGI6, STM32U385VGI6Q, STM32U385VGT6, STM32U385VGT6Q, STM32U535CBT6, STM32U535CBT6Q, STM32U535CBU6, STM32U535CBU6Q, STM32U535CCT6, STM32U535CCT6Q, STM32U535CCU6, STM32U535CCU6Q, STM32U535CET6, STM32U535CET6Q, STM32U535CEU6, STM32U535CEU6Q, STM32U535JEY6QTR, STM32U535NCY6QTR, STM32U535NEY6QTR, STM32U535RBI6, STM32U535RBI6Q, STM32U535RBT6, STM32U535RBT6Q, STM32U535RCI6, STM32U535RCI6Q, STM32U535RCT6, STM32U535RCT6Q, STM32U535REI6, STM32U535REI6Q, STM32U535RET6, STM32U535RET6Q, STM32U535VCI6, STM32U535VCI6Q, STM32U535VCT6, STM32U535VCT6Q, STM32U535VEI6, STM32U535VEI6Q, STM32U535VET6, STM32U535VET6Q, STM32U545CET6, STM32U545CET6Q, STM32U545CEU6, STM32U545CEU6Q, STM32U545JEY6QTR, STM32U545NEY6QTR, STM32U545REI6, STM32U545REI6Q, STM32U545RET6, STM32U545RET6Q, STM32U545VEI6, STM32U545VEI6Q, STM32U545VET6, STM32U545VET6Q, STM32U595AIH6, STM32U595AIH6Q, STM32U595AJH6, STM32U595AJH6Q, STM32U595QII6, STM32U595QII6Q, STM32U595QJI6, STM32U595QJI6Q, STM32U595RIT6, STM32U595RIT6Q, STM32U595RJT6, STM32U595RJT6Q, STM32U595VIT6, STM32U595VIT6Q, STM32U595VJT6, STM32U595VJT6Q, STM32U595ZIT6, STM32U595ZIT6Q, STM32U595ZIY6QTR, STM32U595ZJT6, STM32U595ZJT6Q, STM32U595ZJY6QTR, STM32U599BJY6QTR, STM32U599NIH6Q, STM32U599NJH6Q, STM32U599VIT6Q, STM32U599VJT6, STM32U599VJT6Q, STM32U599ZIT6Q, STM32U599ZIY6QTR, STM32U599ZJT6Q, STM32U599ZJY6QTR, STM32U5A5AJH6, STM32U5A5AJH6Q, STM32U5A5QII3Q , STM32U5A5QJI6, STM32U5A5QJI6Q, STM32U5A5RJT6, STM32U5A5RJT6Q, STM32U5A5VJT6, STM32U5A5VJT6Q, STM32U5A5ZJT6, STM32U5A5ZJT6Q, STM32U5A5ZJY6QTR, STM32U5A9BJY6QTR, STM32U5A9J-DK, STM32U5A9NJH6Q, STM32U5A9VJT6Q, STM32U5A9ZJT6Q, STM32U5A9ZJY6QTR, STM32U5F7VIT6, STM32U5F7VIT6Q, STM32U5F7VJT6, STM32U5F7VJT6Q, STM32U5F9BJY6QTR, STM32U5F9NJH6Q, STM32U5F9VIT6Q, STM32U5F9VJT6Q, STM32U5F9ZIJ6QTR, STM32U5F9ZIT6Q, STM32U5F9ZJJ6QTR, STM32U5F9ZJT6Q, STM32U5G7VJT6, STM32U5G7VJT6Q, STM32U5G9BJY6QTR, STM32U5G9J-DK1, STM32U5G9J-DK2, STM32U5G9NJH6Q, STM32U5G9VJT6Q, STM32U5G9ZJJ6QTR, STM32U5G9ZJT6Q, STM32WB05KZV6TR, STM32WB05KZV7TR, STM32WB05TZF6TR, STM32WB05TZF7TR, STM32WB06CCF6TR, STM32WB06CCF7TR, STM32WB06CCV6TR, STM32WB06CCV7TR, STM32WB06KCV6TR, STM32WB06KCV7TR, STM32WB07CCF6TR, STM32WB07CCF7TR, STM32WB07CCV6TR, STM32WB07CCV7TR, STM32WB07KCV6TR, STM32WB07KCV7TR, STM32WB09KEV6TR, STM32WB09KEV7TR, STM32WB09TEF6TR, STM32WB09TEF7TR, STM32WB1MMCH6, STM32WBA50KGU6, STM32WBA50KGU6TR, STM32WBA52CEU6, STM32WBA52CEU6TR, STM32WBA52CEU7, STM32WBA52CEU7TR, STM32WBA52CGU6, STM32WBA52CGU6TR, STM32WBA52CGU6U, STM32WBA52CGU7, STM32WBA52CGU7TR, STM32WBA52KEU6, STM32WBA52KEU6TR, STM32WBA52KGU6, STM32WBA52KGU6TR, STM32WBA54CEU6, STM32WBA54CEU6TR, STM32WBA54CEU7, STM32WBA54CEU7TR, STM32WBA54CGU6, STM32WBA54CGU6TR, STM32WBA54CGU7, STM32WBA54CGU7TR, STM32WBA54KEU6, STM32WBA54KEU6TR, STM32WBA54KEU7, STM32WBA54KEU7TR, STM32WBA54KGU6, STM32WBA54KGU6TR, STM32WBA54KGU7, STM32WBA54KGU7TR, STM32WBA55CEU6, STM32WBA55CEU6TR, STM32WBA55CEU7, STM32WBA55CEU7TR, STM32WBA55CGU6, STM32WBA55CGU6TR, STM32WBA55CGU6U, STM32WBA55CGU7, STM32WBA55CGU7TR, STM32WBA55G-DK1, STM32WBA55HEF6, STM32WBA55HEF7, STM32WBA55HGF6, STM32WBA55HGF7, STM32WBA55UEI6, STM32WBA55UEI6TR, STM32WBA55UEI7, STM32WBA55UEI7TR, STM32WBA55UGI6, STM32WBA55UGI6TR, STM32WBA55UGI7, STM32WBA55UGI7TR, STM32WBA5MJGH6TR, STM32WBA62CGU6, STM32WBA62CIU6, STM32WBA62MGF6, STM32WBA62MIF6, STM32WBA62PGI6, STM32WBA62PII6, STM32WBA63CGU6, STM32WBA63CGU7, STM32WBA63CIU6, STM32WBA63CIU7, STM32WBA64CGU6, STM32WBA64CGU7, STM32WBA64CIU6, STM32WBA64CIU7, STM32WBA65CGU6, STM32WBA65CGU7, STM32WBA65CIU6, STM32WBA65CIU7, STM32WBA65I-DK1, STM32WBA65MGF6, STM32WBA65MGF7, STM32WBA65MIF6, STM32WBA65MIF7, STM32WBA65PGI6, STM32WBA65PGI7, STM32WBA65PII6, STM32WBA65PII7, STM32WBA65RGV6, STM32WBA65RGV7, STM32WBA65RIV6, STM32WBA65RIV7, STM32WL30K8V6, STM32WL30KBV6, STM32WL31C8V6, STM32WL31CBV6, STM32WL31K8V6, STM32WL31KBV6, STM32WL33C8V6, STM32WL33C8V6TR, STM32WL33C8V7, STM32WL33C8V7TR, STM32WL33CBV6, STM32WL33CBV6TR, STM32WL33CBV7, STM32WL33CBV7TR, STM32WL33CCV6, STM32WL33CCV6TR, STM32WL33CCV7, STM32WL33CCV7A, STM32WL33CCV7ATR, STM32WL33CCV7TR, STM32WL33K8V6, STM32WL33K8V6TR, STM32WL33K8V7, STM32WL33K8V7TR, STM32WL33KBV6, STM32WL33KBV6TR, STM32WL33KBV7, STM32WL33KBV7TR, STM32WL33KCV6, STM32WL33KCV6TR, STM32WL33KCV7, STM32WL33KCV7TR, STM32WL5MOCH6, STM32WL5MOCH6TR]
2026-07-21 14:45:42,642 [INFO] DbMcus:218 - Found 5246 MCUs, 5093 are supported
2026-07-21 14:45:42,642 [INFO] ApiDb:423 - Load user favorites file /home/varun/.stm32cubeide/favorites.mcus.txt: 0 item(s)
2026-07-21 14:45:42,642 [INFO] ApiDb:427 - User favorites MCUs=[]
2026-07-21 14:45:42,643 [INFO] DbMcus:224 - Set 0 / 0 favorites MCUs
2026-07-21 14:45:42,958 [INFO] BoardInfo:889 - No configuration file found for board NUCLEO-H5E5ZJ
2026-07-21 14:45:42,959 [INFO] DbBoards:161 - Board is not supported: NUCLEO-H5E5ZJ
2026-07-21 14:45:42,973 [INFO] BoardInfo:889 - No configuration file found for board NUCLEO-U3C5ZI-Q
2026-07-21 14:45:42,973 [INFO] DbBoards:161 - Board is not supported: NUCLEO-U3C5ZI-Q
2026-07-21 14:45:42,977 [INFO] BoardInfo:889 - No configuration file found for board NUCLEO-WBA25CE1
2026-07-21 14:45:42,977 [INFO] DbBoards:161 - Board is not supported: NUCLEO-WBA25CE1
2026-07-21 14:45:42,979 [INFO] BoardInfo:889 - No configuration file found for board NUCLEO-WL3RKB1
2026-07-21 14:45:42,979 [INFO] DbBoards:161 - Board is not supported: NUCLEO-WL3RKB1
2026-07-21 14:45:42,980 [INFO] BoardInfo:889 - No configuration file found for board NUCLEO-WL3RKB2
2026-07-21 14:45:42,980 [INFO] DbBoards:161 - Board is not supported: NUCLEO-WL3RKB2
2026-07-21 14:45:42,982 [INFO] BoardInfo:889 - No configuration file found for board P-NUCLEO-WB55
2026-07-21 14:45:42,982 [INFO] DbBoards:161 - Kit is not supported: P-NUCLEO-WB55
2026-07-21 14:45:42,984 [INFO] BoardInfo:889 - No configuration file found for board STEVAL-BFA001V1B
2026-07-21 14:45:42,984 [INFO] DbBoards:161 - Kit is not supported: STEVAL-BFA001V1B
2026-07-21 14:45:42,984 [INFO] BoardInfo:889 - No configuration file found for board STEVAL-BFA001V2B
2026-07-21 14:45:42,984 [INFO] DbBoards:161 - Kit is not supported: STEVAL-BFA001V2B
2026-07-21 14:45:43,010 [INFO] BoardInfo:889 - No configuration file found for board STM32H5F5J-DK
2026-07-21 14:45:43,010 [INFO] DbBoards:161 - Board is not supported: STM32H5F5J-DK
2026-07-21 14:45:43,025 [INFO] BoardInfo:889 - No configuration file found for board STM32MP215F-DK
2026-07-21 14:45:43,025 [INFO] DbBoards:161 - Board is not supported: STM32MP215F-DK
2026-07-21 14:45:43,045 [INFO] DbBoards:168 - Found 218 boards, 208 are supported
2026-07-21 14:45:43,046 [INFO] DbBoards:169 - Found 218 boards, 43 of them is supported for  Bsp
2026-07-21 14:45:43,048 [INFO] ApiDb:423 - Load user favorites file /home/varun/.stm32cubeide/favorites.boards.txt: 0 item(s)
2026-07-21 14:45:43,048 [INFO] ApiDb:427 - User favorites Boards=[]
2026-07-21 14:45:43,048 [INFO] DbBoards:198 - Set 0 / 0 favorites Boards
2026-07-21 14:45:43,048 [INFO] McuFinderGlobals:76 - Set McuFinderConnectedMode to true
2026-07-21 14:45:43,054 [INFO] MultiScanPanel:200 - Auto-refresh data requested => check proxy status ongoing
2026-07-21 14:45:43,055 [INFO] FinderPluginLoader:95 - Searching for filters in installed packs
2026-07-21 14:45:43,915 [ERROR] WebUtils:398 - Updater is busy
2026-07-21 14:45:43,915 [WARN] DetailPanel:346 - Failed to get advertising image, set to default
2026-07-21 14:45:47,883 [WARN] ServerAccessManage:1168 - Warning during Server Connection :  timeout Connect timed out
2026-07-21 14:45:47,883 [ERROR] ServerAccessManage:651 - Problem, Http timeout : crdb.zip.
2026-07-21 14:45:47,983 [INFO] LoadUrlFilesThread:156 - End of LoadUrlFiles Thread
2026-07-21 14:45:54,350 [INFO] MultiScanPanel:200 - Auto-refresh data requested => check proxy status ongoing
2026-07-21 14:45:54,411 [INFO] LoadUrlFilesThread:185 - End of LoadServerUrlFiles without Thread
2026-07-21 14:45:54,428 [INFO] DetailPanel:341 - Set advertising image to /home/varun/STM32Cube/Repository//en.stm32h5cubemxbanner.png
2026-07-21 14:45:54,436 [INFO] DbBoards:642 - Loading board mini-images...
2026-07-21 14:45:55,760 [INFO] DbBoards:665 - Loaded 218 board mini-images
2026-07-21 14:46:10,137 [ERROR] LogOutputStream:75 - [STDERR_REDIRECT] Jul 21, 2026 2:46:10 PM java.util.prefs.FileSystemPreferences checkLockFile0ErrorCode
2026-07-21 14:46:10,138 [ERROR] LogOutputStream:75 - [STDERR_REDIRECT] WARNING: Could not lock System prefs. Unix error code 2.
2026-07-21 14:46:10,138 [ERROR] LogOutputStream:75 - [STDERR_REDIRECT] 
2026-07-21 14:46:10,138 [ERROR] LogOutputStream:75 - [STDERR_REDIRECT] Jul 21, 2026 2:46:10 PM java.util.prefs.FileSystemPreferences syncWorld
2026-07-21 14:46:10,138 [ERROR] LogOutputStream:75 - [STDERR_REDIRECT] WARNING: Couldn't flush system prefs: java.util.prefs.BackingStoreException: Couldn't get file lock.
2026-07-21 14:46:10,139 [ERROR] LogOutputStream:75 - [STDERR_REDIRECT] 
2026-07-21 14:46:40,136 [ERROR] LogOutputStream:75 - [STDERR_REDIRECT] Jul 21, 2026 2:46:40 PM java.util.prefs.FileSystemPreferences checkLockFile0ErrorCode
2026-07-21 14:46:40,136 [ERROR] LogOutputStream:75 - [STDERR_REDIRECT] WARNING: Could not lock System prefs. Unix error code 2.
2026-07-21 14:46:40,136 [ERROR] LogOutputStream:75 - [STDERR_REDIRECT] 
2026-07-21 14:46:40,137 [ERROR] LogOutputStream:75 - [STDERR_REDIRECT] Jul 21, 2026 2:46:40 PM java.util.prefs.FileSystemPreferences syncWorld
2026-07-21 14:46:40,137 [ERROR] LogOutputStream:75 - [STDERR_REDIRECT] WARNING: Couldn't flush system prefs: java.util.prefs.BackingStoreException: Couldn't get file lock.
2026-07-21 14:46:40,137 [ERROR] LogOutputStream:75 - [STDERR_REDIRECT] 
2026-07-21 14:47:10,137 [ERROR] LogOutputStream:75 - [STDERR_REDIRECT] Jul 21, 2026 2:47:10 PM java.util.prefs.FileSystemPreferences checkLockFile0ErrorCode
2026-07-21 14:47:10,137 [ERROR] LogOutputStream:75 - [STDERR_REDIRECT] WARNING: Could not lock System prefs. Unix error code 2.
2026-07-21 14:47:10,137 [ERROR] LogOutputStream:75 - [STDERR_REDIRECT] 
2026-07-21 14:47:10,138 [ERROR] LogOutputStream:75 - [STDERR_REDIRECT] Jul 21, 2026 2:47:10 PM java.util.prefs.FileSystemPreferences syncWorld
2026-07-21 14:47:10,138 [ERROR] LogOutputStream:75 - [STDERR_REDIRECT] WARNING: Couldn't flush system prefs: java.util.prefs.BackingStoreException: Couldn't get file lock.
2026-07-21 14:47:10,138 [ERROR] LogOutputStream:75 - [STDERR_REDIRECT] 
2026-07-21 14:47:40,136 [ERROR] LogOutputStream:75 - [STDERR_REDIRECT] Jul 21, 2026 2:47:40 PM java.util.prefs.FileSystemPreferences checkLockFile0ErrorCode
2026-07-21 14:47:40,136 [ERROR] LogOutputStream:75 - [STDERR_REDIRECT] WARNING: Could not lock System prefs. Unix error code 2.
2026-07-21 14:47:40,136 [ERROR] LogOutputStream:75 - [STDERR_REDIRECT] 
2026-07-21 14:47:40,136 [ERROR] LogOutputStream:75 - [STDERR_REDIRECT] Jul 21, 2026 2:47:40 PM java.util.prefs.FileSystemPreferences syncWorld
2026-07-21 14:47:40,137 [ERROR] LogOutputStream:75 - [STDERR_REDIRECT] WARNING: Couldn't flush system prefs: java.util.prefs.BackingStoreException: Couldn't get file lock.
2026-07-21 14:47:40,137 [ERROR] LogOutputStream:75 - [STDERR_REDIRECT] 
2026-07-21 14:48:05,932 [INFO] McuFinderGlobals:76 - Set McuFinderConnectedMode to true
2026-07-21 14:48:05,937 [INFO] ApiDb:448 - Save user favorites file /home/varun/.stm32cubeide/favorites.mcus.txt: 0 item(s)
2026-07-21 14:48:05,937 [INFO] ApiDb:452 - User favorites MCUs=[]
2026-07-21 14:48:05,939 [INFO] ApiDb:448 - Save user favorites file /home/varun/.stm32cubeide/favorites.boards.txt: 0 item(s)
2026-07-21 14:48:05,939 [INFO] ApiDb:452 - User favorites Boards=[]
2026-07-21 14:48:10,145 [ERROR] LogOutputStream:75 - [STDERR_REDIRECT] Jul 21, 2026 2:48:10 PM java.util.prefs.FileSystemPreferences checkLockFile0ErrorCode
2026-07-21 14:48:10,146 [ERROR] LogOutputStream:75 - [STDERR_REDIRECT] WARNING: Could not lock System prefs. Unix error code 2.
2026-07-21 14:48:10,146 [ERROR] LogOutputStream:75 - [STDERR_REDIRECT] 
2026-07-21 14:48:10,146 [ERROR] LogOutputStream:75 - [STDERR_REDIRECT] Jul 21, 2026 2:48:10 PM java.util.prefs.FileSystemPreferences syncWorld
2026-07-21 14:48:10,146 [ERROR] LogOutputStream:75 - [STDERR_REDIRECT] WARNING: Couldn't flush system prefs: java.util.prefs.BackingStoreException: Couldn't get file lock.
2026-07-21 14:48:10,146 [ERROR] LogOutputStream:75 - [STDERR_REDIRECT] 
2026-07-21 14:48:40,138 [ERROR] LogOutputStream:75 - [STDERR_REDIRECT] Jul 21, 2026 2:48:40 PM java.util.prefs.FileSystemPreferences checkLockFile0ErrorCode
2026-07-21 14:48:40,138 [ERROR] LogOutputStream:75 - [STDERR_REDIRECT] WARNING: Could not lock System prefs. Unix error code 2.
2026-07-21 14:48:40,138 [ERROR] LogOutputStream:75 - [STDERR_REDIRECT] 
2026-07-21 14:48:40,138 [ERROR] LogOutputStream:75 - [STDERR_REDIRECT] Jul 21, 2026 2:48:40 PM java.util.prefs.FileSystemPreferences syncWorld
2026-07-21 14:48:40,139 [ERROR] LogOutputStream:75 - [STDERR_REDIRECT] WARNING: Couldn't flush system prefs: java.util.prefs.BackingStoreException: Couldn't get file lock.
2026-07-21 14:48:40,139 [ERROR] LogOutputStream:75 - [STDERR_REDIRECT] 
2026-07-21 14:49:10,137 [ERROR] LogOutputStream:75 - [STDERR_REDIRECT] Jul 21, 2026 2:49:10 PM java.util.prefs.FileSystemPreferences checkLockFile0ErrorCode
2026-07-21 14:49:10,138 [ERROR] LogOutputStream:75 - [STDERR_REDIRECT] WARNING: Could not lock System prefs. Unix error code 2.
2026-07-21 14:49:10,138 [ERROR] LogOutputStream:75 - [STDERR_REDIRECT] 
2026-07-21 14:49:10,138 [ERROR] LogOutputStream:75 - [STDERR_REDIRECT] Jul 21, 2026 2:49:10 PM java.util.prefs.FileSystemPreferences syncWorld
2026-07-21 14:49:10,138 [ERROR] LogOutputStream:75 - [STDERR_REDIRECT] WARNING: Couldn't flush system prefs: java.util.prefs.BackingStoreException: Couldn't get file lock.
2026-07-21 14:49:10,138 [ERROR] LogOutputStream:75 - [STDERR_REDIRECT] 
2026-07-21 14:49:40,137 [ERROR] LogOutputStream:75 - [STDERR_REDIRECT] Jul 21, 2026 2:49:40 PM java.util.prefs.FileSystemPreferences checkLockFile0ErrorCode
2026-07-21 14:49:40,137 [ERROR] LogOutputStream:75 - [STDERR_REDIRECT] WARNING: Could not lock System prefs. Unix error code 2.
2026-07-21 14:49:40,137 [ERROR] LogOutputStream:75 - [STDERR_REDIRECT] 
2026-07-21 14:49:40,137 [ERROR] LogOutputStream:75 - [STDERR_REDIRECT] Jul 21, 2026 2:49:40 PM java.util.prefs.FileSystemPreferences syncWorld
2026-07-21 14:49:40,137 [ERROR] LogOutputStream:75 - [STDERR_REDIRECT] WARNING: Couldn't flush system prefs: java.util.prefs.BackingStoreException: Couldn't get file lock.
2026-07-21 14:49:40,138 [ERROR] LogOutputStream:75 - [STDERR_REDIRECT] 
2026-07-21 14:50:10,137 [ERROR] LogOutputStream:75 - [STDERR_REDIRECT] Jul 21, 2026 2:50:10 PM java.util.prefs.FileSystemPreferences checkLockFile0ErrorCode
2026-07-21 14:50:10,137 [ERROR] LogOutputStream:75 - [STDERR_REDIRECT] WARNING: Could not lock System prefs. Unix error code 2.
2026-07-21 14:50:10,137 [ERROR] LogOutputStream:75 - [STDERR_REDIRECT] 
2026-07-21 14:50:10,138 [ERROR] LogOutputStream:75 - [STDERR_REDIRECT] Jul 21, 2026 2:50:10 PM java.util.prefs.FileSystemPreferences syncWorld
2026-07-21 14:50:10,138 [ERROR] LogOutputStream:75 - [STDERR_REDIRECT] WARNING: Couldn't flush system prefs: java.util.prefs.BackingStoreException: Couldn't get file lock.
2026-07-21 14:50:10,138 [ERROR] LogOutputStream:75 - [STDERR_REDIRECT] 
2026-07-21 14:50:40,140 [ERROR] LogOutputStream:75 - [STDERR_REDIRECT] Jul 21, 2026 2:50:40 PM java.util.prefs.FileSystemPreferences checkLockFile0ErrorCode
2026-07-21 14:50:40,141 [ERROR] LogOutputStream:75 - [STDERR_REDIRECT] WARNING: Could not lock System prefs. Unix error code 2.
2026-07-21 14:50:40,141 [ERROR] LogOutputStream:75 - [STDERR_REDIRECT] 
2026-07-21 14:50:40,141 [ERROR] LogOutputStream:75 - [STDERR_REDIRECT] Jul 21, 2026 2:50:40 PM java.util.prefs.FileSystemPreferences syncWorld
2026-07-21 14:50:40,141 [ERROR] LogOutputStream:75 - [STDERR_REDIRECT] WARNING: Couldn't flush system prefs: java.util.prefs.BackingStoreException: Couldn't get file lock.
2026-07-21 14:50:40,142 [ERROR] LogOutputStream:75 - [STDERR_REDIRECT] 
2026-07-21 14:51:10,137 [ERROR] LogOutputStream:75 - [STDERR_REDIRECT] Jul 21, 2026 2:51:10 PM java.util.prefs.FileSystemPreferences checkLockFile0ErrorCode
2026-07-21 14:51:10,137 [ERROR] LogOutputStream:75 - [STDERR_REDIRECT] WARNING: Could not lock System prefs. Unix error code 2.
2026-07-21 14:51:10,137 [ERROR] LogOutputStream:75 - [STDERR_REDIRECT] 
2026-07-21 14:51:10,138 [ERROR] LogOutputStream:75 - [STDERR_REDIRECT] Jul 21, 2026 2:51:10 PM java.util.prefs.FileSystemPreferences syncWorld
2026-07-21 14:51:10,138 [ERROR] LogOutputStream:75 - [STDERR_REDIRECT] WARNING: Couldn't flush system prefs: java.util.prefs.BackingStoreException: Couldn't get file lock.
2026-07-21 14:51:10,138 [ERROR] LogOutputStream:75 - [STDERR_REDIRECT] 
2026-07-21 14:51:40,139 [ERROR] LogOutputStream:75 - [STDERR_REDIRECT] Jul 21, 2026 2:51:40 PM java.util.prefs.FileSystemPreferences checkLockFile0ErrorCode
2026-07-21 14:51:40,140 [ERROR] LogOutputStream:75 - [STDERR_REDIRECT] WARNING: Could not lock System prefs. Unix error code 2.
2026-07-21 14:51:40,140 [ERROR] LogOutputStream:75 - [STDERR_REDIRECT] 
2026-07-21 14:51:40,140 [ERROR] LogOutputStream:75 - [STDERR_REDIRECT] Jul 21, 2026 2:51:40 PM java.util.prefs.FileSystemPreferences syncWorld
2026-07-21 14:51:40,140 [ERROR] LogOutputStream:75 - [STDERR_REDIRECT] WARNING: Couldn't flush system prefs: java.util.prefs.BackingStoreException: Couldn't get file lock.
2026-07-21 14:51:40,140 [ERROR] LogOutputStream:75 - [STDERR_REDIRECT] 
2026-07-21 14:52:10,138 [ERROR] LogOutputStream:75 - [STDERR_REDIRECT] Jul 21, 2026 2:52:10 PM java.util.prefs.FileSystemPreferences checkLockFile0ErrorCode
2026-07-21 14:52:10,139 [ERROR] LogOutputStream:75 - [STDERR_REDIRECT] WARNING: Could not lock System prefs. Unix error code 2.
2026-07-21 14:52:10,139 [ERROR] LogOutputStream:75 - [STDERR_REDIRECT] 
2026-07-21 14:52:10,139 [ERROR] LogOutputStream:75 - [STDERR_REDIRECT] Jul 21, 2026 2:52:10 PM java.util.prefs.FileSystemPreferences syncWorld
2026-07-21 14:52:10,139 [ERROR] LogOutputStream:75 - [STDERR_REDIRECT] WARNING: Couldn't flush system prefs: java.util.prefs.BackingStoreException: Couldn't get file lock.
2026-07-21 14:52:10,139 [ERROR] LogOutputStream:75 - [STDERR_REDIRECT] 
2026-07-21 14:52:12,298 [INFO] McuFinderGlobals:63 - Set McuFinder mode to 2 (CubeIDE integrated)
2026-07-21 14:52:12,298 [INFO] UserAuth:484 - Internet connection configuration mode: 1
2026-07-21 14:52:13,472 [INFO] UserAuth:171 - activating auth plugin
2026-07-21 14:52:13,477 [INFO] UserAuth:484 - Internet connection configuration mode: 1
2026-07-21 14:52:30,456 [INFO] McuFinderGlobals:63 - Set McuFinder mode to 2 (CubeIDE integrated)
2026-07-21 14:52:30,456 [INFO] UserAuth:171 - activating auth plugin
2026-07-21 14:52:30,459 [INFO] UserAuth:484 - Internet connection configuration mode: 1
2026-07-21 14:52:40,137 [ERROR] LogOutputStream:75 - [STDERR_REDIRECT] Jul 21, 2026 2:52:40 PM java.util.prefs.FileSystemPreferences checkLockFile0ErrorCode
2026-07-21 14:52:40,138 [ERROR] LogOutputStream:75 - [STDERR_REDIRECT] WARNING: Could not lock System prefs. Unix error code 2.
2026-07-21 14:52:40,138 [ERROR] LogOutputStream:75 - [STDERR_REDIRECT] 
2026-07-21 14:52:40,138 [ERROR] LogOutputStream:75 - [STDERR_REDIRECT] Jul 21, 2026 2:52:40 PM java.util.prefs.FileSystemPreferences syncWorld
2026-07-21 14:52:40,138 [ERROR] LogOutputStream:75 - [STDERR_REDIRECT] WARNING: Couldn't flush system prefs: java.util.prefs.BackingStoreException: Couldn't get file lock.
2026-07-21 14:52:40,138 [ERROR] LogOutputStream:75 - [STDERR_REDIRECT] 
2026-07-21 14:53:10,139 [ERROR] LogOutputStream:75 - [STDERR_REDIRECT] Jul 21, 2026 2:53:10 PM java.util.prefs.FileSystemPreferences checkLockFile0ErrorCode
2026-07-21 14:53:10,140 [ERROR] LogOutputStream:75 - [STDERR_REDIRECT] WARNING: Could not lock System prefs. Unix error code 2.
2026-07-21 14:53:10,140 [ERROR] LogOutputStream:75 - [STDERR_REDIRECT] 
2026-07-21 14:53:10,140 [ERROR] LogOutputStream:75 - [STDERR_REDIRECT] Jul 21, 2026 2:53:10 PM java.util.prefs.FileSystemPreferences syncWorld
2026-07-21 14:53:10,140 [ERROR] LogOutputStream:75 - [STDERR_REDIRECT] WARNING: Couldn't flush system prefs: java.util.prefs.BackingStoreException: Couldn't get file lock.
2026-07-21 14:53:10,141 [ERROR] LogOutputStream:75 - [STDERR_REDIRECT] 
2026-07-21 14:53:24,868 [INFO] WebApp:650 - userauth.ini created with success
2026-07-21 14:53:40,138 [ERROR] LogOutputStream:75 - [STDERR_REDIRECT] Jul 21, 2026 2:53:40 PM java.util.prefs.FileSystemPreferences checkLockFile0ErrorCode
2026-07-21 14:53:40,139 [ERROR] LogOutputStream:75 - [STDERR_REDIRECT] WARNING: Could not lock System prefs. Unix error code 2.
2026-07-21 14:53:40,139 [ERROR] LogOutputStream:75 - [STDERR_REDIRECT] 
2026-07-21 14:53:40,139 [ERROR] LogOutputStream:75 - [STDERR_REDIRECT] Jul 21, 2026 2:53:40 PM java.util.prefs.FileSystemPreferences syncWorld
2026-07-21 14:53:40,139 [ERROR] LogOutputStream:75 - [STDERR_REDIRECT] WARNING: Couldn't flush system prefs: java.util.prefs.BackingStoreException: Couldn't get file lock.
2026-07-21 14:53:40,139 [ERROR] LogOutputStream:75 - [STDERR_REDIRECT] 
2026-07-21 14:54:10,138 [ERROR] LogOutputStream:75 - [STDERR_REDIRECT] Jul 21, 2026 2:54:10 PM java.util.prefs.FileSystemPreferences checkLockFile0ErrorCode
2026-07-21 14:54:10,139 [ERROR] LogOutputStream:75 - [STDERR_REDIRECT] WARNING: Could not lock System prefs. Unix error code 2.
2026-07-21 14:54:10,139 [ERROR] LogOutputStream:75 - [STDERR_REDIRECT] 
2026-07-21 14:54:10,139 [ERROR] LogOutputStream:75 - [STDERR_REDIRECT] Jul 21, 2026 2:54:10 PM java.util.prefs.FileSystemPreferences syncWorld
2026-07-21 14:54:10,139 [ERROR] LogOutputStream:75 - [STDERR_REDIRECT] WARNING: Couldn't flush system prefs: java.util.prefs.BackingStoreException: Couldn't get file lock.
2026-07-21 14:54:10,139 [ERROR] LogOutputStream:75 - [STDERR_REDIRECT] 
2026-07-21 14:54:40,139 [ERROR] LogOutputStream:75 - [STDERR_REDIRECT] Jul 21, 2026 2:54:40 PM java.util.prefs.FileSystemPreferences checkLockFile0ErrorCode
2026-07-21 14:54:40,139 [ERROR] LogOutputStream:75 - [STDERR_REDIRECT] WARNING: Could not lock System prefs. Unix error code 2.
2026-07-21 14:54:40,139 [ERROR] LogOutputStream:75 - [STDERR_REDIRECT] 
2026-07-21 14:54:40,139 [ERROR] LogOutputStream:75 - [STDERR_REDIRECT] Jul 21, 2026 2:54:40 PM java.util.prefs.FileSystemPreferences syncWorld
2026-07-21 14:54:40,139 [ERROR] LogOutputStream:75 - [STDERR_REDIRECT] WARNING: Couldn't flush system prefs: java.util.prefs.BackingStoreException: Couldn't get file lock.
2026-07-21 14:54:40,139 [ERROR] LogOutputStream:75 - [STDERR_REDIRECT] 
2026-07-21 14:55:10,139 [ERROR] LogOutputStream:75 - [STDERR_REDIRECT] Jul 21, 2026 2:55:10 PM java.util.prefs.FileSystemPreferences checkLockFile0ErrorCode
2026-07-21 14:55:10,140 [ERROR] LogOutputStream:75 - [STDERR_REDIRECT] WARNING: Could not lock System prefs. Unix error code 2.
2026-07-21 14:55:10,140 [ERROR] LogOutputStream:75 - [STDERR_REDIRECT] 
2026-07-21 14:55:10,140 [ERROR] LogOutputStream:75 - [STDERR_REDIRECT] Jul 21, 2026 2:55:10 PM java.util.prefs.FileSystemPreferences syncWorld
2026-07-21 14:55:10,140 [ERROR] LogOutputStream:75 - [STDERR_REDIRECT] WARNING: Couldn't flush system prefs: java.util.prefs.BackingStoreException: Couldn't get file lock.
2026-07-21 14:55:10,141 [ERROR] LogOutputStream:75 - [STDERR_REDIRECT] 
2026-07-21 14:55:40,139 [ERROR] LogOutputStream:75 - [STDERR_REDIRECT] Jul 21, 2026 2:55:40 PM java.util.prefs.FileSystemPreferences checkLockFile0ErrorCode
2026-07-21 14:55:40,140 [ERROR] LogOutputStream:75 - [STDERR_REDIRECT] WARNING: Could not lock System prefs. Unix error code 2.
2026-07-21 14:55:40,140 [ERROR] LogOutputStream:75 - [STDERR_REDIRECT] 
2026-07-21 14:55:40,140 [ERROR] LogOutputStream:75 - [STDERR_REDIRECT] Jul 21, 2026 2:55:40 PM java.util.prefs.FileSystemPreferences syncWorld
2026-07-21 14:55:40,140 [ERROR] LogOutputStream:75 - [STDERR_REDIRECT] WARNING: Couldn't flush system prefs: java.util.prefs.BackingStoreException: Couldn't get file lock.
2026-07-21 14:55:40,140 [ERROR] LogOutputStream:75 - [STDERR_REDIRECT] 
2026-07-21 14:56:09,279 [ERROR] LogOutputStream:75 - [STDERR_REDIRECT] 
2026-07-21 14:56:09,280 [ERROR] LogOutputStream:75 - [STDERR_REDIRECT] 
2026-07-21 14:56:20,352 [INFO] Activator:176 - 


2026-07-21 14:56:20,353 [INFO] Activator:177 - !SESSION log4j initialized
2026-07-21 14:56:23,098 [INFO] LogOutputStream:77 - [STDOUT_REDIRECT] 
2026-07-21 14:56:23,455 [INFO] ApplicationProperties:184 - Using Application install path: /opt/st/stm32cubeide_1.18.1/plugins/com.st.stm32cube.common.mx_6.14.1.202504091515
2026-07-21 14:56:23,467 [INFO] DbMcusXml:78 - Set database path to: /opt/st/stm32cubeide_1.18.1/plugins/com.st.stm32cube.common.mx_6.14.1.202504091515//db//mcu/
2026-07-21 14:56:23,467 [INFO] ApiDb:274 - Set plugin database path to: /opt/st/stm32cubeide_1.18.1/plugins/com.st.stm32cube.common.mx_6.14.1.202504091515//db//plugins/boardmanager/
2026-07-21 14:56:23,467 [WARN] ApiDb:259 - Overriding images path with different value:  => /opt/st/stm32cubeide_1.18.1/plugins/com.st.stm32cube.common.mx_6.14.1.202504091515//db//plugins/mcufinder/images/
2026-07-21 14:56:23,470 [INFO] ApiDb:250 - Set database path to: /home/varun/.stmcufinder/plugins/mcufinder//mcu/
2026-07-21 14:56:23,470 [INFO] DbMcusAds:125 - Set database path to: /home/varun/.stmcufinder/plugins/mcufinder//mcu/
2026-07-21 14:56:23,471 [INFO] CrossReferenceDbSqlite:203 - Set database path to: /home/varun/.stmcufinder/plugins/mcufinder//mcu/cs/
2026-07-21 14:56:23,543 [INFO] RulesReader:64 - Compatibility file has been processed (302 Rules)
2026-07-21 14:56:23,576 [INFO] DbMcusXml:78 - Set database path to: /opt/st/stm32cubeide_1.18.1/plugins/com.st.stm32cube.common.mx_6.14.1.202504091515//db//mcu/
2026-07-21 14:56:23,577 [INFO] ApiDb:274 - Set plugin database path to: /opt/st/stm32cubeide_1.18.1/plugins/com.st.stm32cube.common.mx_6.14.1.202504091515//db//plugins/boardmanager/
2026-07-21 14:56:23,577 [INFO] ApiDb:261 - Set plugin images path to: /opt/st/stm32cubeide_1.18.1/plugins/com.st.stm32cube.common.mx_6.14.1.202504091515//db//plugins/mcufinder/images/
2026-07-21 14:56:23,577 [WARN] DbFile:41 - Overriding database path with different value: /home/varun/.stmcufinder/plugins/mcufinder/ => /home/varun/.stmcufinder/plugins/mcufinder
2026-07-21 14:56:23,577 [INFO] ApiDb:250 - Set database path to: /home/varun/.stmcufinder/plugins/mcufinder//mcu/
2026-07-21 14:56:23,577 [WARN] DbFile:41 - Overriding database path with different value: /home/varun/.stmcufinder/plugins/mcufinder/ => /home/varun/.stmcufinder/plugins/mcufinder
2026-07-21 14:56:23,577 [INFO] DbMcusAds:125 - Set database path to: /home/varun/.stmcufinder/plugins/mcufinder//mcu/
2026-07-21 14:56:23,577 [WARN] DbFile:41 - Overriding database path with different value: /home/varun/.stmcufinder/plugins/mcufinder/ => /home/varun/.stmcufinder/plugins/mcufinder
2026-07-21 14:56:23,577 [WARN] DbFile:41 - Overriding database path with different value: /home/varun/.stmcufinder/plugins/mcufinder/ => /home/varun/.stmcufinder/plugins/mcufinder
2026-07-21 14:56:23,577 [INFO] CrossReferenceDbSqlite:203 - Set database path to: /home/varun/.stmcufinder/plugins/mcufinder//mcu/cs/
2026-07-21 14:56:23,612 [INFO] MainPanel:272 - HeapMemory: 268435456
2026-07-21 14:56:23,674 [INFO] DbMcusXml:78 - Set database path to: /opt/st/stm32cubeide_1.18.1/plugins/com.st.stm32cube.common.mx_6.14.1.202504091515//db//mcu/
2026-07-21 14:56:23,675 [INFO] ApiDb:274 - Set plugin database path to: /opt/st/stm32cubeide_1.18.1/plugins/com.st.stm32cube.common.mx_6.14.1.202504091515//db//plugins/boardmanager/
2026-07-21 14:56:23,675 [INFO] ApiDb:261 - Set plugin images path to: /opt/st/stm32cubeide_1.18.1/plugins/com.st.stm32cube.common.mx_6.14.1.202504091515//db//plugins/mcufinder/images/
2026-07-21 14:56:23,675 [WARN] DbFile:41 - Overriding database path with different value: /home/varun/.stmcufinder/plugins/mcufinder/ => /home/varun/.stmcufinder/plugins/mcufinder
2026-07-21 14:56:23,675 [INFO] ApiDb:250 - Set database path to: /home/varun/.stmcufinder/plugins/mcufinder//mcu/
2026-07-21 14:56:23,675 [WARN] DbFile:41 - Overriding database path with different value: /home/varun/.stmcufinder/plugins/mcufinder/ => /home/varun/.stmcufinder/plugins/mcufinder
2026-07-21 14:56:23,675 [INFO] DbMcusAds:125 - Set database path to: /home/varun/.stmcufinder/plugins/mcufinder//mcu/
2026-07-21 14:56:23,675 [WARN] DbFile:41 - Overriding database path with different value: /home/varun/.stmcufinder/plugins/mcufinder/ => /home/varun/.stmcufinder/plugins/mcufinder
2026-07-21 14:56:23,675 [WARN] DbFile:41 - Overriding database path with different value: /home/varun/.stmcufinder/plugins/mcufinder/ => /home/varun/.stmcufinder/plugins/mcufinder
2026-07-21 14:56:23,675 [INFO] CrossReferenceDbSqlite:203 - Set database path to: /home/varun/.stmcufinder/plugins/mcufinder//mcu/cs/
2026-07-21 14:56:23,686 [INFO] ApplicationProperties:184 - Using Application install path: /opt/st/stm32cubeide_1.18.1/plugins/com.st.stm32cube.common.mx_6.14.1.202504091515
2026-07-21 14:56:23,687 [INFO] PluginManage:196 - Search for loadable plugins [exclusion list=, ]
2026-07-21 14:56:23,687 [INFO] PluginManage:310 - Check plugin analytics
2026-07-21 14:56:23,767 [INFO] AnalyticsPlugin:253 - Accepted Software Licenses: 
2026-07-21 14:56:23,767 [INFO] AnalyticsPlugin:255 - Accepted CMSIS Pack Licenses: 
2026-07-21 14:56:23,767 [INFO] AnalyticsPlugin:257 - Accepted Firmware Licenses: 
2026-07-21 14:56:23,768 [INFO] PluginManage:359 - Loaded plugin analytics (category:tool,tabindex:-1)
2026-07-21 14:56:23,769 [INFO] PluginManage:310 - Check plugin cadmodel
2026-07-21 14:56:23,771 [INFO] CADModel:105 - Init CAD model plugin
2026-07-21 14:56:23,771 [INFO] PluginManage:359 - Loaded plugin cadmodel (category:power,tabindex:5)
2026-07-21 14:56:23,771 [INFO] PluginManage:310 - Check plugin clock
2026-07-21 14:56:23,776 [INFO] PluginManage:359 - Loaded plugin clock (category:base,tabindex:2)
2026-07-21 14:56:23,776 [INFO] PluginManage:310 - Check plugin ddr
2026-07-21 14:56:23,777 [INFO] PluginManage:359 - Loaded plugin ddr (category:tool,tabindex:6)
2026-07-21 14:56:23,777 [INFO] PluginManage:310 - Check plugin filemanager
2026-07-21 14:56:23,857 [INFO] PluginManage:359 - Loaded plugin filemanager (category:base,tabindex:10)
2026-07-21 14:56:23,858 [INFO] PluginManage:310 - Check plugin ipmanager
2026-07-21 14:56:23,861 [INFO] PluginManage:359 - Loaded plugin ipmanager (category:base,tabindex:5)
2026-07-21 14:56:23,861 [INFO] PluginManage:310 - Check plugin lpbam
2026-07-21 14:56:23,865 [INFO] PluginManage:359 - Loaded plugin lpbam (category:base,tabindex:0)
2026-07-21 14:56:23,866 [INFO] PluginManage:310 - Check plugin memorymap
2026-07-21 14:56:23,872 [INFO] PluginManage:359 - Loaded plugin memorymap (category:base,tabindex:4)
2026-07-21 14:56:23,872 [INFO] PluginManage:310 - Check plugin pinoutandconfiguration
2026-07-21 14:56:23,877 [INFO] PluginManage:359 - Loaded plugin pinoutandconfiguration (category:base,tabindex:1)
2026-07-21 14:56:23,877 [INFO] PluginManage:310 - Check plugin pinoutconfig
2026-07-21 14:56:23,928 [WARN] SupportedApi:132 - Cannot load RTOS API schema: s4s-elt-must-match.1: The content of 'definitions' must match (annotation?, (simpleType | complexType)?, (unique | key | keyref)*)). A problem was found starting at: attribute.
2026-07-21 14:56:23,997 [INFO] PluginManage:359 - Loaded plugin pinoutconfig (category:base,tabindex:0)
2026-07-21 14:56:23,997 [INFO] PluginManage:310 - Check plugin power
2026-07-21 14:56:24,001 [INFO] PluginManage:359 - Loaded plugin power (category:power,tabindex:4)
2026-07-21 14:56:24,001 [INFO] PluginManage:310 - Check plugin projectmanager
2026-07-21 14:56:24,012 [INFO] PluginManage:359 - Loaded plugin projectmanager (category:projectmanager,tabindex:4)
2026-07-21 14:56:24,012 [INFO] PluginManage:310 - Check plugin rif
2026-07-21 14:56:24,016 [INFO] PluginManage:359 - Loaded plugin rif (category:base,tabindex:3)
2026-07-21 14:56:24,016 [INFO] PluginManage:310 - Check plugin thirdparty
2026-07-21 14:56:24,094 [INFO] PluginManage:359 - Loaded plugin thirdparty (category:base,tabindex:-1)
2026-07-21 14:56:24,094 [WARN] IntegrityCheckThread:84 - waiting for thirdparty lock release [integrity check]
2026-07-21 14:56:24,094 [INFO] PluginManage:310 - Check plugin tools
2026-07-21 14:56:24,094 [INFO] IntegrityCheckThread:86 - entering critical section [integrity check]
2026-07-21 14:56:24,094 [INFO] ThirdPartyUpdaterWithRetryManager:70 - Updater plugin not ready yet. [1/15]
2026-07-21 14:56:24,095 [INFO] PluginManage:359 - Loaded plugin tools (category:base,tabindex:7)
2026-07-21 14:56:24,096 [INFO] PluginManage:310 - Check plugin tutovideos
2026-07-21 14:56:24,206 [INFO] PluginManage:359 - Loaded plugin tutovideos (category:base,tabindex:-1)
2026-07-21 14:56:24,206 [INFO] PluginManage:310 - Check plugin updater
2026-07-21 14:56:24,222 [INFO] PluginManage:359 - Loaded plugin updater (category:base,tabindex:12)
2026-07-21 14:56:24,222 [INFO] PluginManage:310 - Check plugin userauth
2026-07-21 14:56:24,225 [INFO] UserAuth:118 - Init User Auth plugin
2026-07-21 14:56:24,226 [INFO] PluginManage:359 - Loaded plugin userauth (category:base,tabindex:14)
2026-07-21 14:56:24,226 [INFO] PluginManage:283 - PluginManage : Loaded plugins [18]
2026-07-21 14:56:24,344 [INFO] PinOutPanel:1589 - setPackage(No Configuration,No Configuration)
2026-07-21 14:56:24,387 [INFO] CADModel:165 - CPN selected for project level
2026-07-21 14:56:24,388 [INFO] CADModel:114 - Register for checkConnection events
2026-07-21 14:56:24,400 [INFO] IPUIPlugin:80 - create IPUIPlugin
2026-07-21 14:56:24,400 [INFO] PluginManager:220 - loadIPPluginJar : add adc
2026-07-21 14:56:24,401 [INFO] IPUIPlugin:80 - create IPUIPlugin
2026-07-21 14:56:24,401 [INFO] PluginManager:220 - loadIPPluginJar : add aes
2026-07-21 14:56:24,403 [INFO] IPUIPlugin:80 - create IPUIPlugin
2026-07-21 14:56:24,403 [INFO] PluginManager:220 - loadIPPluginJar : add can
2026-07-21 14:56:24,404 [INFO] IPUIPlugin:80 - create IPUIPlugin
2026-07-21 14:56:24,404 [INFO] PluginManager:220 - loadIPPluginJar : add comp
2026-07-21 14:56:24,405 [INFO] IPUIPlugin:80 - create IPUIPlugin
2026-07-21 14:56:24,405 [INFO] PluginManager:220 - loadIPPluginJar : add cryp
2026-07-21 14:56:24,407 [INFO] IPUIPlugin:80 - create IPUIPlugin
2026-07-21 14:56:24,407 [INFO] PluginManager:220 - loadIPPluginJar : add ddr_ctrl_phy
2026-07-21 14:56:24,408 [INFO] IPUIPlugin:80 - create IPUIPlugin
2026-07-21 14:56:24,408 [INFO] PluginManager:220 - loadIPPluginJar : add dfsdm
2026-07-21 14:56:24,412 [INFO] IPUIPlugin:80 - create IPUIPlugin
2026-07-21 14:56:24,412 [INFO] PluginManager:220 - loadIPPluginJar : add dma
2026-07-21 14:56:24,414 [INFO] IPUIPlugin:80 - create IPUIPlugin
2026-07-21 14:56:24,414 [INFO] PluginManager:220 - loadIPPluginJar : add dma3
2026-07-21 14:56:24,415 [INFO] IPUIPlugin:80 - create IPUIPlugin
2026-07-21 14:56:24,415 [INFO] PluginManager:220 - loadIPPluginJar : add extmemmanager
2026-07-21 14:56:24,416 [INFO] IPUIPlugin:80 - create IPUIPlugin
2026-07-21 14:56:24,416 [INFO] PluginManager:220 - loadIPPluginJar : add fatfs
2026-07-21 14:56:24,418 [INFO] IPUIPlugin:80 - create IPUIPlugin
2026-07-21 14:56:24,418 [INFO] PluginManager:220 - loadIPPluginJar : add fmc
2026-07-21 14:56:24,423 [INFO] IPUIPlugin:80 - create IPUIPlugin
2026-07-21 14:56:24,423 [INFO] PluginManager:220 - loadIPPluginJar : add freertos
2026-07-21 14:56:24,424 [INFO] IPUIPlugin:80 - create IPUIPlugin
2026-07-21 14:56:24,424 [INFO] PluginManager:220 - loadIPPluginJar : add genericplugin
2026-07-21 14:56:24,425 [INFO] IPUIPlugin:80 - create IPUIPlugin
2026-07-21 14:56:24,425 [INFO] PluginManager:220 - loadIPPluginJar : add gfxmmu
2026-07-21 14:56:24,428 [INFO] IPUIPlugin:80 - create IPUIPlugin
2026-07-21 14:56:24,428 [INFO] PluginManager:220 - loadIPPluginJar : add gic
2026-07-21 14:56:24,431 [INFO] IPUIPlugin:80 - create IPUIPlugin
2026-07-21 14:56:24,431 [INFO] PluginManager:220 - loadIPPluginJar : add gpio
2026-07-21 14:56:24,432 [INFO] IPUIPlugin:80 - create IPUIPlugin
2026-07-21 14:56:24,432 [INFO] PluginManager:220 - loadIPPluginJar : add gtzc
2026-07-21 14:56:24,433 [INFO] IPUIPlugin:80 - create IPUIPlugin
2026-07-21 14:56:24,433 [INFO] PluginManager:220 - loadIPPluginJar : add hash
2026-07-21 14:56:24,434 [INFO] IPUIPlugin:80 - create IPUIPlugin
2026-07-21 14:56:24,434 [INFO] PluginManager:220 - loadIPPluginJar : add i2c
2026-07-21 14:56:24,435 [INFO] IPUIPlugin:80 - create IPUIPlugin
2026-07-21 14:56:24,435 [INFO] PluginManager:220 - loadIPPluginJar : add i2s
2026-07-21 14:56:24,437 [INFO] IPUIPlugin:80 - create IPUIPlugin
2026-07-21 14:56:24,437 [INFO] PluginManager:220 - loadIPPluginJar : add i3c
2026-07-21 14:56:24,439 [INFO] IPUIPlugin:80 - create IPUIPlugin
2026-07-21 14:56:24,440 [INFO] PluginManager:220 - loadIPPluginJar : add ipddr
2026-07-21 14:56:24,445 [INFO] IPUIPlugin:80 - create IPUIPlugin
2026-07-21 14:56:24,445 [INFO] PluginManager:220 - loadIPPluginJar : add linkedlist
2026-07-21 14:56:24,447 [INFO] IPUIPlugin:80 - create IPUIPlugin
2026-07-21 14:56:24,447 [INFO] PluginManager:220 - loadIPPluginJar : add lorawan
2026-07-21 14:56:24,448 [INFO] IPUIPlugin:80 - create IPUIPlugin
2026-07-21 14:56:24,448 [INFO] PluginManager:220 - loadIPPluginJar : add ltdc
2026-07-21 14:56:24,451 [INFO] IPUIPlugin:80 - create IPUIPlugin
2026-07-21 14:56:24,451 [INFO] PluginManager:220 - loadIPPluginJar : add mdma
2026-07-21 14:56:24,454 [INFO] IPUIPlugin:80 - create IPUIPlugin
2026-07-21 14:56:24,454 [INFO] PluginManager:220 - loadIPPluginJar : add nvic
2026-07-21 14:56:24,457 [INFO] IPUIPlugin:80 - create IPUIPlugin
2026-07-21 14:56:24,457 [INFO] PluginManager:220 - loadIPPluginJar : add opamp
2026-07-21 14:56:24,458 [INFO] IPUIPlugin:80 - create IPUIPlugin
2026-07-21 14:56:24,458 [INFO] PluginManager:220 - loadIPPluginJar : add openamp
2026-07-21 14:56:24,459 [INFO] IPUIPlugin:80 - create IPUIPlugin
2026-07-21 14:56:24,460 [INFO] PluginManager:220 - loadIPPluginJar : add pdm2pcm
2026-07-21 14:56:24,462 [INFO] IPUIPlugin:80 - create IPUIPlugin
2026-07-21 14:56:24,464 [INFO] PluginManager:220 - loadIPPluginJar : add plateformsettings
2026-07-21 14:56:24,465 [INFO] IPUIPlugin:80 - create IPUIPlugin
2026-07-21 14:56:24,465 [INFO] PluginManager:220 - loadIPPluginJar : add quadspi
2026-07-21 14:56:24,466 [INFO] IPUIPlugin:80 - create IPUIPlugin
2026-07-21 14:56:24,466 [INFO] PluginManager:220 - loadIPPluginJar : add radio
2026-07-21 14:56:24,467 [INFO] IPUIPlugin:80 - create IPUIPlugin
2026-07-21 14:56:24,467 [INFO] PluginManager:220 - loadIPPluginJar : add resmgrutility
2026-07-21 14:56:24,469 [INFO] IPUIPlugin:80 - create IPUIPlugin
2026-07-21 14:56:24,469 [INFO] PluginManager:220 - loadIPPluginJar : add sai
2026-07-21 14:56:24,469 [INFO] IPUIPlugin:80 - create IPUIPlugin
2026-07-21 14:56:24,469 [INFO] PluginManager:220 - loadIPPluginJar : add spi
2026-07-21 14:56:24,474 [INFO] IPUIPlugin:80 - create IPUIPlugin
2026-07-21 14:56:24,474 [INFO] PluginManager:220 - loadIPPluginJar : add stm32_wpan
2026-07-21 14:56:24,475 [INFO] IPUIPlugin:80 - create IPUIPlugin
2026-07-21 14:56:24,475 [INFO] PluginManager:220 - loadIPPluginJar : add tim
2026-07-21 14:56:24,476 [INFO] IPUIPlugin:80 - create IPUIPlugin
2026-07-21 14:56:24,476 [INFO] PluginManager:220 - loadIPPluginJar : add touchsensing
2026-07-21 14:56:24,477 [INFO] IPUIPlugin:80 - create IPUIPlugin
2026-07-21 14:56:24,477 [INFO] PluginManager:220 - loadIPPluginJar : add tracer_emb
2026-07-21 14:56:24,478 [INFO] IPUIPlugin:80 - create IPUIPlugin
2026-07-21 14:56:24,478 [INFO] PluginManager:220 - loadIPPluginJar : add ts
2026-07-21 14:56:24,478 [INFO] IPUIPlugin:80 - create IPUIPlugin
2026-07-21 14:56:24,478 [INFO] PluginManager:220 - loadIPPluginJar : add tsc
2026-07-21 14:56:24,479 [INFO] IPUIPlugin:80 - create IPUIPlugin
2026-07-21 14:56:24,479 [INFO] PluginManager:220 - loadIPPluginJar : add ucpd
2026-07-21 14:56:24,480 [INFO] IPUIPlugin:80 - create IPUIPlugin
2026-07-21 14:56:24,481 [INFO] PluginManager:220 - loadIPPluginJar : add usart
2026-07-21 14:56:24,482 [INFO] IPUIPlugin:80 - create IPUIPlugin
2026-07-21 14:56:24,482 [INFO] PluginManager:220 - loadIPPluginJar : add usbx
2026-07-21 14:56:24,571 [FATAL] Updater:351 - Updater called before beeing initialized
2026-07-21 14:56:24,587 [INFO] RulesReader:64 - Compatibility file has been processed (302 Rules)
2026-07-21 14:56:24,594 [INFO] RulesReader:64 - Compatibility file has been processed (302 Rules)
2026-07-21 14:56:24,600 [INFO] CADModel:165 - CPN selected for project level
2026-07-21 14:56:24,600 [INFO] CADModel:114 - Register for checkConnection events
2026-07-21 14:56:24,600 [FATAL] Updater:351 - Updater called before beeing initialized
2026-07-21 14:56:24,600 [ERROR] CADModel:125 - Updater not yet initialized, retry later 
2026-07-21 14:56:24,682 [FATAL] Updater:351 - Updater called before beeing initialized
2026-07-21 14:56:24,683 [INFO] CADModel:165 - CPN selected for project level
2026-07-21 14:56:24,683 [INFO] CADModel:114 - Register for checkConnection events
2026-07-21 14:56:24,683 [FATAL] Updater:351 - Updater called before beeing initialized
2026-07-21 14:56:24,683 [ERROR] CADModel:125 - Updater not yet initialized, retry later 
2026-07-21 14:56:24,685 [FATAL] Updater:351 - Updater called before beeing initialized
2026-07-21 14:56:24,735 [FATAL] Updater:351 - Updater called before beeing initialized
2026-07-21 14:56:24,738 [INFO] DbMcusAds:53 - JSON generation date=Wed Jul 15 15:16:00 IST 2026 (1784108760991)
2026-07-21 14:56:24,738 [FATAL] Updater:351 - Updater called before beeing initialized
2026-07-21 14:56:24,756 [WARN] DetailPanel:346 - Failed to get advertising image, set to default
2026-07-21 14:56:24,924 [FATAL] Updater:351 - Updater called before beeing initialized
2026-07-21 14:56:24,926 [FATAL] Updater:351 - Updater called before beeing initialized
2026-07-21 14:56:24,926 [FATAL] Updater:351 - Updater called before beeing initialized
2026-07-21 14:56:24,926 [WARN] DetailPanel:346 - Failed to get advertising image, set to default
2026-07-21 14:56:24,927 [FATAL] Updater:351 - Updater called before beeing initialized
2026-07-21 14:56:24,944 [ERROR] Updater:1198 - MainUpdater not yet initialized. External WinMGr cannot be set.
2026-07-21 14:56:24,945 [INFO] Updater:1134 - Updater Version found : 6.14.1
2026-07-21 14:56:24,958 [INFO] ApplicationProperties:184 - Using Application install path: /opt/st/stm32cubeide_1.18.1/plugins/com.st.stm32cube.common.mx_6.14.1.202504091515
2026-07-21 14:56:25,310 [INFO] MainUpdater:2872 - connection check result : 10
2026-07-21 14:56:25,310 [INFO] MainUpdater:289 - Updater Check For Update Now.
2026-07-21 14:56:25,310 [INFO] MicroXplorer:498 - Change Database Version : DB.6.0.141
2026-07-21 14:56:25,313 [INFO] McuFinderGlobals:63 - Set McuFinder mode to 2 (CubeIDE integrated)
2026-07-21 14:56:25,313 [INFO] UserAuth:484 - Internet connection configuration mode: 1
2026-07-21 14:56:25,322 [INFO] JxBrowserEngine:152 - Initiate JxBrowser Engine with user profile folder
2026-07-21 14:56:25,461 [INFO] CheckServerUpdateThread:120 - End of CheckServer Thread
2026-07-21 14:56:25,718 [INFO] WebApp:169 - Instantiating new browser for Auth
2026-07-21 14:56:26,070 [INFO] WebApp:463 - Apply proxy settings
2026-07-21 14:56:26,071 [INFO] WebApp:548 - Chromium requires no authentication
2026-07-21 14:56:26,076 [INFO] WebApp:491 - Direct internet connection detected
2026-07-21 14:56:26,088 [INFO] WebApp:894 - Register for checkConnection events
2026-07-21 14:56:26,089 [INFO] WebApp:463 - Apply proxy settings
2026-07-21 14:56:26,089 [INFO] WebApp:548 - Chromium requires no authentication
2026-07-21 14:56:26,089 [INFO] WebApp:491 - Direct internet connection detected
2026-07-21 14:56:26,161 [INFO] WebApp:225 - Starting web application
2026-07-21 14:56:26,161 [INFO] WebApp:593 - Web application path used /opt/st/stm32cubeide_1.18.1/plugins/com.st.stm32cube.common.mx_6.14.1.202504091515/db/plugins/mcufinder/reactClient1/index.html
2026-07-21 14:56:26,225 [INFO] UserAuth:484 - Internet connection configuration mode: 1
2026-07-21 14:56:26,786 [INFO] WebApp:191 - Connection restablished
2026-07-21 14:56:27,171 [WARN] PackLoader:240 - Cannot read IP mode file for STMicroelectronics.X-CUBE-DISPLAY.3.0.0
2026-07-21 14:56:27,184 [WARN] PackLoader:240 - Cannot read IP mode file for STMicroelectronics.X-CUBE-NFC10.1.0.0
2026-07-21 14:56:27,189 [WARN] PackLoader:240 - Cannot read IP mode file for STMicroelectronics.FP-SNS-SMARTAG2.1.2.0
2026-07-21 14:56:27,194 [WARN] PackLoader:240 - Cannot read IP mode file for STMicroelectronics.X-CUBE-BLE2.3.3.0
2026-07-21 14:56:27,200 [WARN] PackLoader:240 - Cannot read IP mode file for STMicroelectronics.X-CUBE-NFC9.1.0.0
2026-07-21 14:56:27,207 [WARN] PackLoader:240 - Cannot read IP mode file for STMicroelectronics.X-CUBE-NFC4.3.0.0
2026-07-21 14:56:27,213 [WARN] PackLoader:240 - Cannot read IP mode file for STMicroelectronics.FP-ATR-SIGFOX1.3.2.0
2026-07-21 14:56:27,218 [WARN] PackLoader:240 - Cannot read IP mode file for STMicroelectronics.X-CUBE-ISPU.2.1.0
2026-07-21 14:56:27,224 [WARN] PackLoader:240 - Cannot read IP mode file for STMicroelectronics.X-CUBE-SFXS2LP1.4.0.0
2026-07-21 14:56:27,235 [WARN] PackLoader:240 - Cannot read IP mode file for STMicroelectronics.X-CUBE-SUBG2.5.0.0
2026-07-21 14:56:27,245 [WARN] PackLoader:240 - Cannot read IP mode file for STMicroelectronics.X-CUBE-ALS.1.0.2
2026-07-21 14:56:27,247 [INFO] ThirdParty:978 - Integrity check success = true
2026-07-21 14:56:27,247 [INFO] IntegrityCheckThread:100 - exiting critical section [integrity check]
2026-07-21 14:56:27,247 [INFO] IntegrityCheckThread:103 - End integrity checks thread
2026-07-21 14:56:53,400 [ERROR] LogOutputStream:75 - [STDERR_REDIRECT] Jul 21, 2026 2:56:53 PM java.util.prefs.FileSystemPreferences checkLockFile0ErrorCode
2026-07-21 14:56:53,400 [ERROR] LogOutputStream:75 - [STDERR_REDIRECT] WARNING: Could not lock System prefs. Unix error code 2.
2026-07-21 14:56:53,400 [ERROR] LogOutputStream:75 - [STDERR_REDIRECT] 
2026-07-21 14:56:53,400 [ERROR] LogOutputStream:75 - [STDERR_REDIRECT] Jul 21, 2026 2:56:53 PM java.util.prefs.FileSystemPreferences syncWorld
2026-07-21 14:56:53,400 [ERROR] LogOutputStream:75 - [STDERR_REDIRECT] WARNING: Couldn't flush system prefs: java.util.prefs.BackingStoreException: Couldn't get file lock.
2026-07-21 14:56:53,400 [ERROR] LogOutputStream:75 - [STDERR_REDIRECT] 
2026-07-21 14:57:23,394 [ERROR] LogOutputStream:75 - [STDERR_REDIRECT] Jul 21, 2026 2:57:23 PM java.util.prefs.FileSystemPreferences checkLockFile0ErrorCode
2026-07-21 14:57:23,394 [ERROR] LogOutputStream:75 - [STDERR_REDIRECT] WARNING: Could not lock System prefs. Unix error code 2.
2026-07-21 14:57:23,394 [ERROR] LogOutputStream:75 - [STDERR_REDIRECT] 
2026-07-21 14:57:23,395 [ERROR] LogOutputStream:75 - [STDERR_REDIRECT] Jul 21, 2026 2:57:23 PM java.util.prefs.FileSystemPreferences syncWorld
2026-07-21 14:57:23,395 [ERROR] LogOutputStream:75 - [STDERR_REDIRECT] WARNING: Couldn't flush system prefs: java.util.prefs.BackingStoreException: Couldn't get file lock.
2026-07-21 14:57:23,395 [ERROR] LogOutputStream:75 - [STDERR_REDIRECT] 
2026-07-21 14:57:53,394 [ERROR] LogOutputStream:75 - [STDERR_REDIRECT] Jul 21, 2026 2:57:53 PM java.util.prefs.FileSystemPreferences checkLockFile0ErrorCode
2026-07-21 14:57:53,394 [ERROR] LogOutputStream:75 - [STDERR_REDIRECT] WARNING: Could not lock System prefs. Unix error code 2.
2026-07-21 14:57:53,394 [ERROR] LogOutputStream:75 - [STDERR_REDIRECT] 
2026-07-21 14:57:53,394 [ERROR] LogOutputStream:75 - [STDERR_REDIRECT] Jul 21, 2026 2:57:53 PM java.util.prefs.FileSystemPreferences syncWorld
2026-07-21 14:57:53,395 [ERROR] LogOutputStream:75 - [STDERR_REDIRECT] WARNING: Couldn't flush system prefs: java.util.prefs.BackingStoreException: Couldn't get file lock.
2026-07-21 14:57:53,395 [ERROR] LogOutputStream:75 - [STDERR_REDIRECT] 
2026-07-21 14:58:13,304 [ERROR] LogOutputStream:75 - [STDERR_REDIRECT] 
2026-07-21 14:58:13,305 [ERROR] LogOutputStream:75 - [STDERR_REDIRECT] 
2026-07-21 16:02:29,700 [INFO] Activator:176 - 


2026-07-21 16:02:29,701 [INFO] Activator:177 - !SESSION log4j initialized
2026-07-21 16:02:32,352 [INFO] LogOutputStream:77 - [STDOUT_REDIRECT] 
2026-07-21 16:02:32,697 [INFO] ApplicationProperties:184 - Using Application install path: /opt/st/stm32cubeide_1.18.1/plugins/com.st.stm32cube.common.mx_6.14.1.202504091515
2026-07-21 16:02:32,707 [INFO] DbMcusXml:78 - Set database path to: /opt/st/stm32cubeide_1.18.1/plugins/com.st.stm32cube.common.mx_6.14.1.202504091515//db//mcu/
2026-07-21 16:02:32,707 [INFO] ApiDb:274 - Set plugin database path to: /opt/st/stm32cubeide_1.18.1/plugins/com.st.stm32cube.common.mx_6.14.1.202504091515//db//plugins/boardmanager/
2026-07-21 16:02:32,707 [WARN] ApiDb:259 - Overriding images path with different value:  => /opt/st/stm32cubeide_1.18.1/plugins/com.st.stm32cube.common.mx_6.14.1.202504091515//db//plugins/mcufinder/images/
2026-07-21 16:02:32,709 [INFO] ApiDb:250 - Set database path to: /home/varun/.stmcufinder/plugins/mcufinder//mcu/
2026-07-21 16:02:32,709 [INFO] DbMcusAds:125 - Set database path to: /home/varun/.stmcufinder/plugins/mcufinder//mcu/
2026-07-21 16:02:32,710 [INFO] CrossReferenceDbSqlite:203 - Set database path to: /home/varun/.stmcufinder/plugins/mcufinder//mcu/cs/
2026-07-21 16:02:32,772 [INFO] RulesReader:64 - Compatibility file has been processed (302 Rules)
2026-07-21 16:02:32,802 [INFO] DbMcusXml:78 - Set database path to: /opt/st/stm32cubeide_1.18.1/plugins/com.st.stm32cube.common.mx_6.14.1.202504091515//db//mcu/
2026-07-21 16:02:32,802 [INFO] ApiDb:274 - Set plugin database path to: /opt/st/stm32cubeide_1.18.1/plugins/com.st.stm32cube.common.mx_6.14.1.202504091515//db//plugins/boardmanager/
2026-07-21 16:02:32,802 [INFO] ApiDb:261 - Set plugin images path to: /opt/st/stm32cubeide_1.18.1/plugins/com.st.stm32cube.common.mx_6.14.1.202504091515//db//plugins/mcufinder/images/
2026-07-21 16:02:32,802 [WARN] DbFile:41 - Overriding database path with different value: /home/varun/.stmcufinder/plugins/mcufinder/ => /home/varun/.stmcufinder/plugins/mcufinder
2026-07-21 16:02:32,802 [INFO] ApiDb:250 - Set database path to: /home/varun/.stmcufinder/plugins/mcufinder//mcu/
2026-07-21 16:02:32,802 [WARN] DbFile:41 - Overriding database path with different value: /home/varun/.stmcufinder/plugins/mcufinder/ => /home/varun/.stmcufinder/plugins/mcufinder
2026-07-21 16:02:32,802 [INFO] DbMcusAds:125 - Set database path to: /home/varun/.stmcufinder/plugins/mcufinder//mcu/
2026-07-21 16:02:32,802 [WARN] DbFile:41 - Overriding database path with different value: /home/varun/.stmcufinder/plugins/mcufinder/ => /home/varun/.stmcufinder/plugins/mcufinder
2026-07-21 16:02:32,802 [WARN] DbFile:41 - Overriding database path with different value: /home/varun/.stmcufinder/plugins/mcufinder/ => /home/varun/.stmcufinder/plugins/mcufinder
2026-07-21 16:02:32,802 [INFO] CrossReferenceDbSqlite:203 - Set database path to: /home/varun/.stmcufinder/plugins/mcufinder//mcu/cs/
2026-07-21 16:02:32,834 [INFO] MainPanel:272 - HeapMemory: 268435456
2026-07-21 16:02:32,886 [INFO] DbMcusXml:78 - Set database path to: /opt/st/stm32cubeide_1.18.1/plugins/com.st.stm32cube.common.mx_6.14.1.202504091515//db//mcu/
2026-07-21 16:02:32,887 [INFO] ApiDb:274 - Set plugin database path to: /opt/st/stm32cubeide_1.18.1/plugins/com.st.stm32cube.common.mx_6.14.1.202504091515//db//plugins/boardmanager/
2026-07-21 16:02:32,887 [INFO] ApiDb:261 - Set plugin images path to: /opt/st/stm32cubeide_1.18.1/plugins/com.st.stm32cube.common.mx_6.14.1.202504091515//db//plugins/mcufinder/images/
2026-07-21 16:02:32,887 [WARN] DbFile:41 - Overriding database path with different value: /home/varun/.stmcufinder/plugins/mcufinder/ => /home/varun/.stmcufinder/plugins/mcufinder
2026-07-21 16:02:32,887 [INFO] ApiDb:250 - Set database path to: /home/varun/.stmcufinder/plugins/mcufinder//mcu/
2026-07-21 16:02:32,887 [WARN] DbFile:41 - Overriding database path with different value: /home/varun/.stmcufinder/plugins/mcufinder/ => /home/varun/.stmcufinder/plugins/mcufinder
2026-07-21 16:02:32,887 [INFO] DbMcusAds:125 - Set database path to: /home/varun/.stmcufinder/plugins/mcufinder//mcu/
2026-07-21 16:02:32,887 [WARN] DbFile:41 - Overriding database path with different value: /home/varun/.stmcufinder/plugins/mcufinder/ => /home/varun/.stmcufinder/plugins/mcufinder
2026-07-21 16:02:32,887 [WARN] DbFile:41 - Overriding database path with different value: /home/varun/.stmcufinder/plugins/mcufinder/ => /home/varun/.stmcufinder/plugins/mcufinder
2026-07-21 16:02:32,887 [INFO] CrossReferenceDbSqlite:203 - Set database path to: /home/varun/.stmcufinder/plugins/mcufinder//mcu/cs/
2026-07-21 16:02:32,895 [INFO] ApplicationProperties:184 - Using Application install path: /opt/st/stm32cubeide_1.18.1/plugins/com.st.stm32cube.common.mx_6.14.1.202504091515
2026-07-21 16:02:32,895 [INFO] PluginManage:196 - Search for loadable plugins [exclusion list=, ]
2026-07-21 16:02:32,896 [INFO] PluginManage:310 - Check plugin analytics
2026-07-21 16:02:32,966 [INFO] AnalyticsPlugin:253 - Accepted Software Licenses: 
2026-07-21 16:02:32,966 [INFO] AnalyticsPlugin:255 - Accepted CMSIS Pack Licenses: 
2026-07-21 16:02:32,966 [INFO] AnalyticsPlugin:257 - Accepted Firmware Licenses: 
2026-07-21 16:02:32,967 [INFO] PluginManage:359 - Loaded plugin analytics (category:tool,tabindex:-1)
2026-07-21 16:02:32,967 [INFO] PluginManage:310 - Check plugin cadmodel
2026-07-21 16:02:32,970 [INFO] CADModel:105 - Init CAD model plugin
2026-07-21 16:02:32,970 [INFO] PluginManage:359 - Loaded plugin cadmodel (category:power,tabindex:5)
2026-07-21 16:02:32,970 [INFO] PluginManage:310 - Check plugin clock
2026-07-21 16:02:32,974 [INFO] PluginManage:359 - Loaded plugin clock (category:base,tabindex:2)
2026-07-21 16:02:32,975 [INFO] PluginManage:310 - Check plugin ddr
2026-07-21 16:02:32,976 [INFO] PluginManage:359 - Loaded plugin ddr (category:tool,tabindex:6)
2026-07-21 16:02:32,976 [INFO] PluginManage:310 - Check plugin filemanager
2026-07-21 16:02:33,056 [INFO] PluginManage:359 - Loaded plugin filemanager (category:base,tabindex:10)
2026-07-21 16:02:33,056 [INFO] PluginManage:310 - Check plugin ipmanager
2026-07-21 16:02:33,058 [INFO] PluginManage:359 - Loaded plugin ipmanager (category:base,tabindex:5)
2026-07-21 16:02:33,059 [INFO] PluginManage:310 - Check plugin lpbam
2026-07-21 16:02:33,063 [INFO] PluginManage:359 - Loaded plugin lpbam (category:base,tabindex:0)
2026-07-21 16:02:33,063 [INFO] PluginManage:310 - Check plugin memorymap
2026-07-21 16:02:33,069 [INFO] PluginManage:359 - Loaded plugin memorymap (category:base,tabindex:4)
2026-07-21 16:02:33,069 [INFO] PluginManage:310 - Check plugin pinoutandconfiguration
2026-07-21 16:02:33,072 [INFO] PluginManage:359 - Loaded plugin pinoutandconfiguration (category:base,tabindex:1)
2026-07-21 16:02:33,072 [INFO] PluginManage:310 - Check plugin pinoutconfig
2026-07-21 16:02:33,122 [WARN] SupportedApi:132 - Cannot load RTOS API schema: s4s-elt-must-match.1: The content of 'definitions' must match (annotation?, (simpleType | complexType)?, (unique | key | keyref)*)). A problem was found starting at: attribute.
2026-07-21 16:02:33,189 [INFO] PluginManage:359 - Loaded plugin pinoutconfig (category:base,tabindex:0)
2026-07-21 16:02:33,189 [INFO] PluginManage:310 - Check plugin power
2026-07-21 16:02:33,193 [INFO] PluginManage:359 - Loaded plugin power (category:power,tabindex:4)
2026-07-21 16:02:33,193 [INFO] PluginManage:310 - Check plugin projectmanager
2026-07-21 16:02:33,202 [INFO] PluginManage:359 - Loaded plugin projectmanager (category:projectmanager,tabindex:4)
2026-07-21 16:02:33,202 [INFO] PluginManage:310 - Check plugin rif
2026-07-21 16:02:33,205 [INFO] PluginManage:359 - Loaded plugin rif (category:base,tabindex:3)
2026-07-21 16:02:33,205 [INFO] PluginManage:310 - Check plugin thirdparty
2026-07-21 16:02:33,266 [INFO] PluginManage:359 - Loaded plugin thirdparty (category:base,tabindex:-1)
2026-07-21 16:02:33,266 [WARN] IntegrityCheckThread:84 - waiting for thirdparty lock release [integrity check]
2026-07-21 16:02:33,267 [INFO] IntegrityCheckThread:86 - entering critical section [integrity check]
2026-07-21 16:02:33,267 [INFO] PluginManage:310 - Check plugin tools
2026-07-21 16:02:33,267 [INFO] ThirdPartyUpdaterWithRetryManager:70 - Updater plugin not ready yet. [1/15]
2026-07-21 16:02:33,268 [INFO] PluginManage:359 - Loaded plugin tools (category:base,tabindex:7)
2026-07-21 16:02:33,268 [INFO] PluginManage:310 - Check plugin tutovideos
2026-07-21 16:02:33,369 [INFO] PluginManage:359 - Loaded plugin tutovideos (category:base,tabindex:-1)
2026-07-21 16:02:33,369 [INFO] PluginManage:310 - Check plugin updater
2026-07-21 16:02:33,384 [INFO] PluginManage:359 - Loaded plugin updater (category:base,tabindex:12)
2026-07-21 16:02:33,384 [INFO] PluginManage:310 - Check plugin userauth
2026-07-21 16:02:33,387 [INFO] UserAuth:118 - Init User Auth plugin
2026-07-21 16:02:33,388 [INFO] PluginManage:359 - Loaded plugin userauth (category:base,tabindex:14)
2026-07-21 16:02:33,388 [INFO] PluginManage:283 - PluginManage : Loaded plugins [18]
2026-07-21 16:02:33,492 [INFO] PinOutPanel:1589 - setPackage(No Configuration,No Configuration)
2026-07-21 16:02:33,535 [INFO] CADModel:165 - CPN selected for project level
2026-07-21 16:02:33,535 [INFO] CADModel:114 - Register for checkConnection events
2026-07-21 16:02:33,544 [INFO] IPUIPlugin:80 - create IPUIPlugin
2026-07-21 16:02:33,544 [INFO] PluginManager:220 - loadIPPluginJar : add adc
2026-07-21 16:02:33,546 [INFO] IPUIPlugin:80 - create IPUIPlugin
2026-07-21 16:02:33,546 [INFO] PluginManager:220 - loadIPPluginJar : add aes
2026-07-21 16:02:33,547 [INFO] IPUIPlugin:80 - create IPUIPlugin
2026-07-21 16:02:33,547 [INFO] PluginManager:220 - loadIPPluginJar : add can
2026-07-21 16:02:33,548 [INFO] IPUIPlugin:80 - create IPUIPlugin
2026-07-21 16:02:33,548 [INFO] PluginManager:220 - loadIPPluginJar : add comp
2026-07-21 16:02:33,548 [INFO] IPUIPlugin:80 - create IPUIPlugin
2026-07-21 16:02:33,548 [INFO] PluginManager:220 - loadIPPluginJar : add cryp
2026-07-21 16:02:33,549 [INFO] IPUIPlugin:80 - create IPUIPlugin
2026-07-21 16:02:33,549 [INFO] PluginManager:220 - loadIPPluginJar : add ddr_ctrl_phy
2026-07-21 16:02:33,550 [INFO] IPUIPlugin:80 - create IPUIPlugin
2026-07-21 16:02:33,550 [INFO] PluginManager:220 - loadIPPluginJar : add dfsdm
2026-07-21 16:02:33,553 [INFO] IPUIPlugin:80 - create IPUIPlugin
2026-07-21 16:02:33,553 [INFO] PluginManager:220 - loadIPPluginJar : add dma
2026-07-21 16:02:33,554 [INFO] IPUIPlugin:80 - create IPUIPlugin
2026-07-21 16:02:33,554 [INFO] PluginManager:220 - loadIPPluginJar : add dma3
2026-07-21 16:02:33,555 [INFO] IPUIPlugin:80 - create IPUIPlugin
2026-07-21 16:02:33,555 [INFO] PluginManager:220 - loadIPPluginJar : add extmemmanager
2026-07-21 16:02:33,556 [INFO] IPUIPlugin:80 - create IPUIPlugin
2026-07-21 16:02:33,556 [INFO] PluginManager:220 - loadIPPluginJar : add fatfs
2026-07-21 16:02:33,557 [INFO] IPUIPlugin:80 - create IPUIPlugin
2026-07-21 16:02:33,558 [INFO] PluginManager:220 - loadIPPluginJar : add fmc
2026-07-21 16:02:33,560 [INFO] IPUIPlugin:80 - create IPUIPlugin
2026-07-21 16:02:33,560 [INFO] PluginManager:220 - loadIPPluginJar : add freertos
2026-07-21 16:02:33,561 [INFO] IPUIPlugin:80 - create IPUIPlugin
2026-07-21 16:02:33,561 [INFO] PluginManager:220 - loadIPPluginJar : add genericplugin
2026-07-21 16:02:33,562 [INFO] IPUIPlugin:80 - create IPUIPlugin
2026-07-21 16:02:33,562 [INFO] PluginManager:220 - loadIPPluginJar : add gfxmmu
2026-07-21 16:02:33,565 [INFO] IPUIPlugin:80 - create IPUIPlugin
2026-07-21 16:02:33,565 [INFO] PluginManager:220 - loadIPPluginJar : add gic
2026-07-21 16:02:33,567 [INFO] IPUIPlugin:80 - create IPUIPlugin
2026-07-21 16:02:33,567 [INFO] PluginManager:220 - loadIPPluginJar : add gpio
2026-07-21 16:02:33,568 [INFO] IPUIPlugin:80 - create IPUIPlugin
2026-07-21 16:02:33,568 [INFO] PluginManager:220 - loadIPPluginJar : add gtzc
2026-07-21 16:02:33,569 [INFO] IPUIPlugin:80 - create IPUIPlugin
2026-07-21 16:02:33,569 [INFO] PluginManager:220 - loadIPPluginJar : add hash
2026-07-21 16:02:33,570 [INFO] IPUIPlugin:80 - create IPUIPlugin
2026-07-21 16:02:33,570 [INFO] PluginManager:220 - loadIPPluginJar : add i2c
2026-07-21 16:02:33,570 [INFO] IPUIPlugin:80 - create IPUIPlugin
2026-07-21 16:02:33,571 [INFO] PluginManager:220 - loadIPPluginJar : add i2s
2026-07-21 16:02:33,572 [INFO] IPUIPlugin:80 - create IPUIPlugin
2026-07-21 16:02:33,572 [INFO] PluginManager:220 - loadIPPluginJar : add i3c
2026-07-21 16:02:33,573 [INFO] IPUIPlugin:80 - create IPUIPlugin
2026-07-21 16:02:33,573 [INFO] PluginManager:220 - loadIPPluginJar : add ipddr
2026-07-21 16:02:33,578 [INFO] IPUIPlugin:80 - create IPUIPlugin
2026-07-21 16:02:33,578 [INFO] PluginManager:220 - loadIPPluginJar : add linkedlist
2026-07-21 16:02:33,580 [INFO] IPUIPlugin:80 - create IPUIPlugin
2026-07-21 16:02:33,580 [INFO] PluginManager:220 - loadIPPluginJar : add lorawan
2026-07-21 16:02:33,581 [INFO] IPUIPlugin:80 - create IPUIPlugin
2026-07-21 16:02:33,581 [INFO] PluginManager:220 - loadIPPluginJar : add ltdc
2026-07-21 16:02:33,584 [INFO] IPUIPlugin:80 - create IPUIPlugin
2026-07-21 16:02:33,584 [INFO] PluginManager:220 - loadIPPluginJar : add mdma
2026-07-21 16:02:33,585 [INFO] IPUIPlugin:80 - create IPUIPlugin
2026-07-21 16:02:33,585 [INFO] PluginManager:220 - loadIPPluginJar : add nvic
2026-07-21 16:02:33,586 [INFO] IPUIPlugin:80 - create IPUIPlugin
2026-07-21 16:02:33,587 [INFO] PluginManager:220 - loadIPPluginJar : add opamp
2026-07-21 16:02:33,588 [INFO] IPUIPlugin:80 - create IPUIPlugin
2026-07-21 16:02:33,588 [INFO] PluginManager:220 - loadIPPluginJar : add openamp
2026-07-21 16:02:33,589 [INFO] IPUIPlugin:80 - create IPUIPlugin
2026-07-21 16:02:33,589 [INFO] PluginManager:220 - loadIPPluginJar : add pdm2pcm
2026-07-21 16:02:33,592 [INFO] IPUIPlugin:80 - create IPUIPlugin
2026-07-21 16:02:33,594 [INFO] PluginManager:220 - loadIPPluginJar : add plateformsettings
2026-07-21 16:02:33,595 [INFO] IPUIPlugin:80 - create IPUIPlugin
2026-07-21 16:02:33,595 [INFO] PluginManager:220 - loadIPPluginJar : add quadspi
2026-07-21 16:02:33,596 [INFO] IPUIPlugin:80 - create IPUIPlugin
2026-07-21 16:02:33,597 [INFO] PluginManager:220 - loadIPPluginJar : add radio
2026-07-21 16:02:33,598 [INFO] IPUIPlugin:80 - create IPUIPlugin
2026-07-21 16:02:33,598 [INFO] PluginManager:220 - loadIPPluginJar : add resmgrutility
2026-07-21 16:02:33,599 [INFO] IPUIPlugin:80 - create IPUIPlugin
2026-07-21 16:02:33,599 [INFO] PluginManager:220 - loadIPPluginJar : add sai
2026-07-21 16:02:33,600 [INFO] IPUIPlugin:80 - create IPUIPlugin
2026-07-21 16:02:33,600 [INFO] PluginManager:220 - loadIPPluginJar : add spi
2026-07-21 16:02:33,604 [INFO] IPUIPlugin:80 - create IPUIPlugin
2026-07-21 16:02:33,604 [INFO] PluginManager:220 - loadIPPluginJar : add stm32_wpan
2026-07-21 16:02:33,604 [INFO] IPUIPlugin:80 - create IPUIPlugin
2026-07-21 16:02:33,605 [INFO] PluginManager:220 - loadIPPluginJar : add tim
2026-07-21 16:02:33,606 [INFO] IPUIPlugin:80 - create IPUIPlugin
2026-07-21 16:02:33,606 [INFO] PluginManager:220 - loadIPPluginJar : add touchsensing
2026-07-21 16:02:33,607 [INFO] IPUIPlugin:80 - create IPUIPlugin
2026-07-21 16:02:33,607 [INFO] PluginManager:220 - loadIPPluginJar : add tracer_emb
2026-07-21 16:02:33,608 [INFO] IPUIPlugin:80 - create IPUIPlugin
2026-07-21 16:02:33,608 [INFO] PluginManager:220 - loadIPPluginJar : add ts
2026-07-21 16:02:33,608 [INFO] IPUIPlugin:80 - create IPUIPlugin
2026-07-21 16:02:33,608 [INFO] PluginManager:220 - loadIPPluginJar : add tsc
2026-07-21 16:02:33,609 [INFO] IPUIPlugin:80 - create IPUIPlugin
2026-07-21 16:02:33,609 [INFO] PluginManager:220 - loadIPPluginJar : add ucpd
2026-07-21 16:02:33,610 [INFO] IPUIPlugin:80 - create IPUIPlugin
2026-07-21 16:02:33,611 [INFO] PluginManager:220 - loadIPPluginJar : add usart
2026-07-21 16:02:33,612 [INFO] IPUIPlugin:80 - create IPUIPlugin
2026-07-21 16:02:33,612 [INFO] PluginManager:220 - loadIPPluginJar : add usbx
2026-07-21 16:02:33,701 [FATAL] Updater:351 - Updater called before beeing initialized
2026-07-21 16:02:33,715 [INFO] RulesReader:64 - Compatibility file has been processed (302 Rules)
2026-07-21 16:02:33,722 [INFO] RulesReader:64 - Compatibility file has been processed (302 Rules)
2026-07-21 16:02:33,728 [INFO] CADModel:165 - CPN selected for project level
2026-07-21 16:02:33,728 [INFO] CADModel:114 - Register for checkConnection events
2026-07-21 16:02:33,728 [FATAL] Updater:351 - Updater called before beeing initialized
2026-07-21 16:02:33,728 [ERROR] CADModel:125 - Updater not yet initialized, retry later 
2026-07-21 16:02:33,796 [FATAL] Updater:351 - Updater called before beeing initialized
2026-07-21 16:02:33,797 [INFO] CADModel:165 - CPN selected for project level
2026-07-21 16:02:33,797 [INFO] CADModel:114 - Register for checkConnection events
2026-07-21 16:02:33,797 [FATAL] Updater:351 - Updater called before beeing initialized
2026-07-21 16:02:33,797 [ERROR] CADModel:125 - Updater not yet initialized, retry later 
2026-07-21 16:02:33,799 [FATAL] Updater:351 - Updater called before beeing initialized
2026-07-21 16:02:33,842 [FATAL] Updater:351 - Updater called before beeing initialized
2026-07-21 16:02:33,845 [INFO] DbMcusAds:53 - JSON generation date=Wed Jul 15 15:16:00 IST 2026 (1784108760991)
2026-07-21 16:02:33,845 [FATAL] Updater:351 - Updater called before beeing initialized
2026-07-21 16:02:33,862 [WARN] DetailPanel:346 - Failed to get advertising image, set to default
2026-07-21 16:02:34,030 [FATAL] Updater:351 - Updater called before beeing initialized
2026-07-21 16:02:34,032 [FATAL] Updater:351 - Updater called before beeing initialized
2026-07-21 16:02:34,032 [FATAL] Updater:351 - Updater called before beeing initialized
2026-07-21 16:02:34,032 [WARN] DetailPanel:346 - Failed to get advertising image, set to default
2026-07-21 16:02:34,033 [FATAL] Updater:351 - Updater called before beeing initialized
2026-07-21 16:02:34,051 [ERROR] Updater:1198 - MainUpdater not yet initialized. External WinMGr cannot be set.
2026-07-21 16:02:34,052 [INFO] Updater:1134 - Updater Version found : 6.14.1
2026-07-21 16:02:34,064 [INFO] ApplicationProperties:184 - Using Application install path: /opt/st/stm32cubeide_1.18.1/plugins/com.st.stm32cube.common.mx_6.14.1.202504091515
2026-07-21 16:02:34,534 [INFO] MainUpdater:2872 - connection check result : 10
2026-07-21 16:02:34,534 [INFO] MainUpdater:289 - Updater Check For Update Now.
2026-07-21 16:02:34,534 [INFO] MicroXplorer:498 - Change Database Version : DB.6.0.141
2026-07-21 16:02:34,538 [INFO] McuFinderGlobals:63 - Set McuFinder mode to 2 (CubeIDE integrated)
2026-07-21 16:02:34,538 [INFO] UserAuth:484 - Internet connection configuration mode: 1
2026-07-21 16:02:34,548 [INFO] JxBrowserEngine:152 - Initiate JxBrowser Engine with user profile folder
2026-07-21 16:02:34,674 [INFO] CheckServerUpdateThread:120 - End of CheckServer Thread
2026-07-21 16:02:34,889 [INFO] WebApp:169 - Instantiating new browser for Auth
2026-07-21 16:02:35,209 [INFO] WebApp:463 - Apply proxy settings
2026-07-21 16:02:35,209 [INFO] WebApp:548 - Chromium requires no authentication
2026-07-21 16:02:35,215 [INFO] WebApp:491 - Direct internet connection detected
2026-07-21 16:02:35,226 [INFO] WebApp:894 - Register for checkConnection events
2026-07-21 16:02:35,226 [INFO] WebApp:463 - Apply proxy settings
2026-07-21 16:02:35,226 [INFO] WebApp:548 - Chromium requires no authentication
2026-07-21 16:02:35,226 [INFO] WebApp:491 - Direct internet connection detected
2026-07-21 16:02:35,293 [INFO] WebApp:225 - Starting web application
2026-07-21 16:02:35,294 [INFO] WebApp:593 - Web application path used /opt/st/stm32cubeide_1.18.1/plugins/com.st.stm32cube.common.mx_6.14.1.202504091515/db/plugins/mcufinder/reactClient1/index.html
2026-07-21 16:02:35,353 [INFO] UserAuth:484 - Internet connection configuration mode: 1
2026-07-21 16:02:36,036 [INFO] WebApp:191 - Connection restablished
2026-07-21 16:02:36,334 [WARN] PackLoader:240 - Cannot read IP mode file for STMicroelectronics.X-CUBE-DISPLAY.3.0.0
2026-07-21 16:02:36,346 [WARN] PackLoader:240 - Cannot read IP mode file for STMicroelectronics.X-CUBE-NFC10.1.0.0
2026-07-21 16:02:36,350 [WARN] PackLoader:240 - Cannot read IP mode file for STMicroelectronics.FP-SNS-SMARTAG2.1.2.0
2026-07-21 16:02:36,354 [WARN] PackLoader:240 - Cannot read IP mode file for STMicroelectronics.X-CUBE-BLE2.3.3.0
2026-07-21 16:02:36,359 [WARN] PackLoader:240 - Cannot read IP mode file for STMicroelectronics.X-CUBE-NFC9.1.0.0
2026-07-21 16:02:36,363 [WARN] PackLoader:240 - Cannot read IP mode file for STMicroelectronics.X-CUBE-NFC4.3.0.0
2026-07-21 16:02:36,366 [WARN] PackLoader:240 - Cannot read IP mode file for STMicroelectronics.FP-ATR-SIGFOX1.3.2.0
2026-07-21 16:02:36,368 [WARN] PackLoader:240 - Cannot read IP mode file for STMicroelectronics.X-CUBE-ISPU.2.1.0
2026-07-21 16:02:36,373 [WARN] PackLoader:240 - Cannot read IP mode file for STMicroelectronics.X-CUBE-SFXS2LP1.4.0.0
2026-07-21 16:02:36,381 [WARN] PackLoader:240 - Cannot read IP mode file for STMicroelectronics.X-CUBE-SUBG2.5.0.0
2026-07-21 16:02:36,387 [WARN] PackLoader:240 - Cannot read IP mode file for STMicroelectronics.X-CUBE-ALS.1.0.2
2026-07-21 16:02:36,389 [INFO] ThirdParty:978 - Integrity check success = true
2026-07-21 16:02:36,389 [INFO] IntegrityCheckThread:100 - exiting critical section [integrity check]
2026-07-21 16:02:36,389 [INFO] IntegrityCheckThread:103 - End integrity checks thread
2026-07-21 16:03:02,597 [ERROR] LogOutputStream:75 - [STDERR_REDIRECT] Jul 21, 2026 4:03:02 PM java.util.prefs.FileSystemPreferences checkLockFile0ErrorCode
2026-07-21 16:03:02,597 [ERROR] LogOutputStream:75 - [STDERR_REDIRECT] WARNING: Could not lock System prefs. Unix error code 2.
2026-07-21 16:03:02,597 [ERROR] LogOutputStream:75 - [STDERR_REDIRECT] 
2026-07-21 16:03:02,598 [ERROR] LogOutputStream:75 - [STDERR_REDIRECT] Jul 21, 2026 4:03:02 PM java.util.prefs.FileSystemPreferences syncWorld
2026-07-21 16:03:02,598 [ERROR] LogOutputStream:75 - [STDERR_REDIRECT] WARNING: Couldn't flush system prefs: java.util.prefs.BackingStoreException: Couldn't get file lock.
2026-07-21 16:03:02,598 [ERROR] LogOutputStream:75 - [STDERR_REDIRECT] 
2026-07-21 16:03:20,322 [INFO] MainUpdater:2872 - connection check result : 10
2026-07-21 16:03:20,817 [INFO] CheckServerUpdateThread:120 - End of CheckServer Thread
2026-07-21 16:03:32,603 [ERROR] LogOutputStream:75 - [STDERR_REDIRECT] Jul 21, 2026 4:03:32 PM java.util.prefs.FileSystemPreferences checkLockFile0ErrorCode
2026-07-21 16:03:32,604 [ERROR] LogOutputStream:75 - [STDERR_REDIRECT] WARNING: Could not lock System prefs. Unix error code 2.
2026-07-21 16:03:32,604 [ERROR] LogOutputStream:75 - [STDERR_REDIRECT] 
2026-07-21 16:03:32,604 [ERROR] LogOutputStream:75 - [STDERR_REDIRECT] Jul 21, 2026 4:03:32 PM java.util.prefs.FileSystemPreferences syncWorld
2026-07-21 16:03:32,604 [ERROR] LogOutputStream:75 - [STDERR_REDIRECT] WARNING: Couldn't flush system prefs: java.util.prefs.BackingStoreException: Couldn't get file lock.
2026-07-21 16:03:32,604 [ERROR] LogOutputStream:75 - [STDERR_REDIRECT] 
2026-07-21 16:03:58,206 [INFO] ServerAccessManage:473 - Download File stm32cube_fw_f4_v1280.zip
2026-07-21 16:04:02,588 [ERROR] LogOutputStream:75 - [STDERR_REDIRECT] Jul 21, 2026 4:04:02 PM java.util.prefs.FileSystemPreferences checkLockFile0ErrorCode
2026-07-21 16:04:02,588 [ERROR] LogOutputStream:75 - [STDERR_REDIRECT] WARNING: Could not lock System prefs. Unix error code 2.
2026-07-21 16:04:02,588 [ERROR] LogOutputStream:75 - [STDERR_REDIRECT] 
2026-07-21 16:04:02,588 [ERROR] LogOutputStream:75 - [STDERR_REDIRECT] Jul 21, 2026 4:04:02 PM java.util.prefs.FileSystemPreferences syncWorld
2026-07-21 16:04:02,588 [ERROR] LogOutputStream:75 - [STDERR_REDIRECT] WARNING: Couldn't flush system prefs: java.util.prefs.BackingStoreException: Couldn't get file lock.
2026-07-21 16:04:02,588 [ERROR] LogOutputStream:75 - [STDERR_REDIRECT] 
2026-07-21 16:04:32,587 [ERROR] LogOutputStream:75 - [STDERR_REDIRECT] Jul 21, 2026 4:04:32 PM java.util.prefs.FileSystemPreferences checkLockFile0ErrorCode
2026-07-21 16:04:32,588 [ERROR] LogOutputStream:75 - [STDERR_REDIRECT] WARNING: Could not lock System prefs. Unix error code 2.
2026-07-21 16:04:32,588 [ERROR] LogOutputStream:75 - [STDERR_REDIRECT] 
2026-07-21 16:04:32,588 [ERROR] LogOutputStream:75 - [STDERR_REDIRECT] Jul 21, 2026 4:04:32 PM java.util.prefs.FileSystemPreferences syncWorld
2026-07-21 16:04:32,588 [ERROR] LogOutputStream:75 - [STDERR_REDIRECT] WARNING: Couldn't flush system prefs: java.util.prefs.BackingStoreException: Couldn't get file lock.
2026-07-21 16:04:32,588 [ERROR] LogOutputStream:75 - [STDERR_REDIRECT] 
2026-07-21 16:04:41,152 [INFO] AnalyticsPlugin:368 - Accepted License(s): [FW.F4.1.28.0]
2026-07-21 16:04:41,152 [INFO] FileExtend:242 - Unzip File : stm32cube_fw_f4_v1280.zip
2026-07-21 16:04:41,153 [INFO] FileExtend:257 - Standard Zip Deflate
2026-07-21 16:04:49,068 [INFO] ServerAccessManage:473 - Download File stm32cube_fw_f4_v1283.zip
2026-07-21 16:05:02,531 [INFO] FileExtend:242 - Unzip File : stm32cube_fw_f4_v1283.zip
2026-07-21 16:05:02,531 [INFO] FileExtend:257 - Standard Zip Deflate
2026-07-21 16:05:02,592 [ERROR] LogOutputStream:75 - [STDERR_REDIRECT] Jul 21, 2026 4:05:02 PM java.util.prefs.FileSystemPreferences checkLockFile0ErrorCode
2026-07-21 16:05:02,592 [ERROR] LogOutputStream:75 - [STDERR_REDIRECT] WARNING: Could not lock System prefs. Unix error code 2.
2026-07-21 16:05:02,592 [ERROR] LogOutputStream:75 - [STDERR_REDIRECT] 
2026-07-21 16:05:02,592 [ERROR] LogOutputStream:75 - [STDERR_REDIRECT] Jul 21, 2026 4:05:02 PM java.util.prefs.FileSystemPreferences syncWorld
2026-07-21 16:05:02,593 [ERROR] LogOutputStream:75 - [STDERR_REDIRECT] WARNING: Couldn't flush system prefs: java.util.prefs.BackingStoreException: Couldn't get file lock.
2026-07-21 16:05:02,593 [ERROR] LogOutputStream:75 - [STDERR_REDIRECT] 
2026-07-21 16:05:11,875 [INFO] LoadServerPackagesThread:196 - End of LoadServerPackages Thread
2026-07-21 16:05:12,079 [INFO] CheckServerUpdateThread:120 - End of CheckServer Thread
2026-07-21 16:05:32,591 [ERROR] LogOutputStream:75 - [STDERR_REDIRECT] Jul 21, 2026 4:05:32 PM java.util.prefs.FileSystemPreferences checkLockFile0ErrorCode
2026-07-21 16:05:32,591 [ERROR] LogOutputStream:75 - [STDERR_REDIRECT] WARNING: Could not lock System prefs. Unix error code 2.
2026-07-21 16:05:32,591 [ERROR] LogOutputStream:75 - [STDERR_REDIRECT] 
2026-07-21 16:05:32,592 [ERROR] LogOutputStream:75 - [STDERR_REDIRECT] Jul 21, 2026 4:05:32 PM java.util.prefs.FileSystemPreferences syncWorld
2026-07-21 16:05:32,592 [ERROR] LogOutputStream:75 - [STDERR_REDIRECT] WARNING: Couldn't flush system prefs: java.util.prefs.BackingStoreException: Couldn't get file lock.
2026-07-21 16:05:32,592 [ERROR] LogOutputStream:75 - [STDERR_REDIRECT] 
2026-07-21 16:06:02,590 [ERROR] LogOutputStream:75 - [STDERR_REDIRECT] Jul 21, 2026 4:06:02 PM java.util.prefs.FileSystemPreferences checkLockFile0ErrorCode
2026-07-21 16:06:02,590 [ERROR] LogOutputStream:75 - [STDERR_REDIRECT] WARNING: Could not lock System prefs. Unix error code 2.
2026-07-21 16:06:02,590 [ERROR] LogOutputStream:75 - [STDERR_REDIRECT] 
2026-07-21 16:06:02,591 [ERROR] LogOutputStream:75 - [STDERR_REDIRECT] Jul 21, 2026 4:06:02 PM java.util.prefs.FileSystemPreferences syncWorld
2026-07-21 16:06:02,591 [ERROR] LogOutputStream:75 - [STDERR_REDIRECT] WARNING: Couldn't flush system prefs: java.util.prefs.BackingStoreException: Couldn't get file lock.
2026-07-21 16:06:02,591 [ERROR] LogOutputStream:75 - [STDERR_REDIRECT] 
2026-07-21 16:06:15,754 [INFO] McuFinderGlobals:63 - Set McuFinder mode to 2 (CubeIDE integrated)
2026-07-21 16:06:15,755 [INFO] McuFinderGlobals:76 - Set McuFinderConnectedMode to true
2026-07-21 16:06:15,755 [INFO] MainUpdater:2872 - connection check result : 10
2026-07-21 16:06:15,756 [INFO] MenuBar:473 - Manual Refresh Data
2026-07-21 16:06:15,758 [INFO] FinderAction:103 - Refresh Data: download all database files
2026-07-21 16:06:16,191 [INFO] ServerAccessManage:473 - Download File mcusAds.json._tmp_
2026-07-21 16:06:16,295 [INFO] LoadUrlFilesThread:156 - End of LoadUrlFiles Thread
2026-07-21 16:06:16,514 [INFO] ServerAccessManage:473 - Download File cube-finder-db.zip
2026-07-21 16:06:21,263 [INFO] FileExtend:242 - Unzip File : cube-finder-db.zip
2026-07-21 16:06:21,263 [INFO] FileExtend:257 - Standard Zip Deflate
2026-07-21 16:06:21,732 [INFO] LoadUrlFilesThread:156 - End of LoadUrlFiles Thread
2026-07-21 16:06:32,588 [ERROR] LogOutputStream:75 - [STDERR_REDIRECT] Jul 21, 2026 4:06:32 PM java.util.prefs.FileSystemPreferences checkLockFile0ErrorCode
2026-07-21 16:06:32,588 [ERROR] LogOutputStream:75 - [STDERR_REDIRECT] WARNING: Could not lock System prefs. Unix error code 2.
2026-07-21 16:06:32,588 [ERROR] LogOutputStream:75 - [STDERR_REDIRECT] 
2026-07-21 16:06:32,588 [ERROR] LogOutputStream:75 - [STDERR_REDIRECT] Jul 21, 2026 4:06:32 PM java.util.prefs.FileSystemPreferences syncWorld
2026-07-21 16:06:32,588 [ERROR] LogOutputStream:75 - [STDERR_REDIRECT] WARNING: Couldn't flush system prefs: java.util.prefs.BackingStoreException: Couldn't get file lock.
2026-07-21 16:06:32,588 [ERROR] LogOutputStream:75 - [STDERR_REDIRECT] 
2026-07-21 16:07:02,588 [ERROR] LogOutputStream:75 - [STDERR_REDIRECT] Jul 21, 2026 4:07:02 PM java.util.prefs.FileSystemPreferences checkLockFile0ErrorCode
2026-07-21 16:07:02,589 [ERROR] LogOutputStream:75 - [STDERR_REDIRECT] WARNING: Could not lock System prefs. Unix error code 2.
2026-07-21 16:07:02,589 [ERROR] LogOutputStream:75 - [STDERR_REDIRECT] 
2026-07-21 16:07:02,589 [ERROR] LogOutputStream:75 - [STDERR_REDIRECT] Jul 21, 2026 4:07:02 PM java.util.prefs.FileSystemPreferences syncWorld
2026-07-21 16:07:02,589 [ERROR] LogOutputStream:75 - [STDERR_REDIRECT] WARNING: Couldn't flush system prefs: java.util.prefs.BackingStoreException: Couldn't get file lock.
2026-07-21 16:07:02,589 [ERROR] LogOutputStream:75 - [STDERR_REDIRECT] 
2026-07-21 16:07:07,111 [WARN] ServerAccessManage:1168 - Warning during Server Connection :  timeout Connect timed out
2026-07-21 16:07:32,589 [ERROR] LogOutputStream:75 - [STDERR_REDIRECT] Jul 21, 2026 4:07:32 PM java.util.prefs.FileSystemPreferences checkLockFile0ErrorCode
2026-07-21 16:07:32,589 [ERROR] LogOutputStream:75 - [STDERR_REDIRECT] WARNING: Could not lock System prefs. Unix error code 2.
2026-07-21 16:07:32,589 [ERROR] LogOutputStream:75 - [STDERR_REDIRECT] 
2026-07-21 16:07:32,590 [ERROR] LogOutputStream:75 - [STDERR_REDIRECT] Jul 21, 2026 4:07:32 PM java.util.prefs.FileSystemPreferences syncWorld
2026-07-21 16:07:32,590 [ERROR] LogOutputStream:75 - [STDERR_REDIRECT] WARNING: Couldn't flush system prefs: java.util.prefs.BackingStoreException: Couldn't get file lock.
2026-07-21 16:07:32,590 [ERROR] LogOutputStream:75 - [STDERR_REDIRECT] 
2026-07-21 16:07:52,152 [WARN] ServerAccessManage:1168 - Warning during Server Connection :  timeout Connect timed out
2026-07-21 16:07:52,153 [ERROR] ServerAccessManage:651 - Problem, Http timeout : crdb.zip.
2026-07-21 16:08:02,589 [ERROR] LogOutputStream:75 - [STDERR_REDIRECT] Jul 21, 2026 4:08:02 PM java.util.prefs.FileSystemPreferences checkLockFile0ErrorCode
2026-07-21 16:08:02,589 [ERROR] LogOutputStream:75 - [STDERR_REDIRECT] WARNING: Could not lock System prefs. Unix error code 2.
2026-07-21 16:08:02,590 [ERROR] LogOutputStream:75 - [STDERR_REDIRECT] 
2026-07-21 16:08:02,590 [ERROR] LogOutputStream:75 - [STDERR_REDIRECT] Jul 21, 2026 4:08:02 PM java.util.prefs.FileSystemPreferences syncWorld
2026-07-21 16:08:02,590 [ERROR] LogOutputStream:75 - [STDERR_REDIRECT] WARNING: Couldn't flush system prefs: java.util.prefs.BackingStoreException: Couldn't get file lock.
2026-07-21 16:08:02,590 [ERROR] LogOutputStream:75 - [STDERR_REDIRECT] 
2026-07-21 16:08:04,994 [INFO] LoadUrlFilesThread:156 - End of LoadUrlFiles Thread
2026-07-21 16:08:07,524 [INFO] DbMcusAds:53 - JSON generation date=Wed Jul 15 15:16:00 IST 2026 (1784108760991)
2026-07-21 16:08:07,531 [ERROR] FinderAction:121 - Unable to refresh all data
2026-07-21 16:08:32,587 [ERROR] LogOutputStream:75 - [STDERR_REDIRECT] Jul 21, 2026 4:08:32 PM java.util.prefs.FileSystemPreferences checkLockFile0ErrorCode
2026-07-21 16:08:32,588 [ERROR] LogOutputStream:75 - [STDERR_REDIRECT] WARNING: Could not lock System prefs. Unix error code 2.
2026-07-21 16:08:32,588 [ERROR] LogOutputStream:75 - [STDERR_REDIRECT] 
2026-07-21 16:08:32,588 [ERROR] LogOutputStream:75 - [STDERR_REDIRECT] Jul 21, 2026 4:08:32 PM java.util.prefs.FileSystemPreferences syncWorld
2026-07-21 16:08:32,588 [ERROR] LogOutputStream:75 - [STDERR_REDIRECT] WARNING: Couldn't flush system prefs: java.util.prefs.BackingStoreException: Couldn't get file lock.
2026-07-21 16:08:32,588 [ERROR] LogOutputStream:75 - [STDERR_REDIRECT] 
2026-07-21 16:09:02,589 [ERROR] LogOutputStream:75 - [STDERR_REDIRECT] Jul 21, 2026 4:09:02 PM java.util.prefs.FileSystemPreferences checkLockFile0ErrorCode
2026-07-21 16:09:02,589 [ERROR] LogOutputStream:75 - [STDERR_REDIRECT] WARNING: Could not lock System prefs. Unix error code 2.
2026-07-21 16:09:02,589 [ERROR] LogOutputStream:75 - [STDERR_REDIRECT] 
2026-07-21 16:09:02,589 [ERROR] LogOutputStream:75 - [STDERR_REDIRECT] Jul 21, 2026 4:09:02 PM java.util.prefs.FileSystemPreferences syncWorld
2026-07-21 16:09:02,589 [ERROR] LogOutputStream:75 - [STDERR_REDIRECT] WARNING: Couldn't flush system prefs: java.util.prefs.BackingStoreException: Couldn't get file lock.
2026-07-21 16:09:02,589 [ERROR] LogOutputStream:75 - [STDERR_REDIRECT] 
2026-07-21 16:09:32,588 [ERROR] LogOutputStream:75 - [STDERR_REDIRECT] Jul 21, 2026 4:09:32 PM java.util.prefs.FileSystemPreferences checkLockFile0ErrorCode
2026-07-21 16:09:32,589 [ERROR] LogOutputStream:75 - [STDERR_REDIRECT] WARNING: Could not lock System prefs. Unix error code 2.
2026-07-21 16:09:32,589 [ERROR] LogOutputStream:75 - [STDERR_REDIRECT] 
2026-07-21 16:09:32,589 [ERROR] LogOutputStream:75 - [STDERR_REDIRECT] Jul 21, 2026 4:09:32 PM java.util.prefs.FileSystemPreferences syncWorld
2026-07-21 16:09:32,589 [ERROR] LogOutputStream:75 - [STDERR_REDIRECT] WARNING: Couldn't flush system prefs: java.util.prefs.BackingStoreException: Couldn't get file lock.
2026-07-21 16:09:32,589 [ERROR] LogOutputStream:75 - [STDERR_REDIRECT] 
2026-07-21 16:09:38,986 [INFO] MainUpdater:2872 - connection check result : 10
2026-07-21 16:09:39,131 [INFO] CheckServerUpdateThread:120 - End of CheckServer Thread
2026-07-21 16:09:43,062 [INFO] ServerAccessManage:473 - Download File updaters.zip
2026-07-21 16:09:43,193 [INFO] FileExtend:242 - Unzip File : updaters.zip
2026-07-21 16:09:43,193 [INFO] FileExtend:257 - Standard Zip Deflate
2026-07-21 16:09:43,300 [INFO] ServerAccessManage:473 - Download File PacksControlFlags.xml
2026-07-21 16:09:43,373 [INFO] ServerAccessManage:473 - Download File cubemx.pidx
2026-07-21 16:09:43,411 [INFO] LoadServerUpdatesThread:375 - End of LoadServerUpdate Thread
2026-07-21 16:09:43,534 [INFO] CheckServerUpdateThread:120 - End of CheckServer Thread
2026-07-21 16:09:51,708 [INFO] McuFinderGlobals:63 - Set McuFinder mode to 2 (CubeIDE integrated)
2026-07-21 16:09:51,708 [INFO] McuFinderGlobals:76 - Set McuFinderConnectedMode to true
2026-07-21 16:09:51,708 [INFO] MainUpdater:2872 - connection check result : 10
2026-07-21 16:09:51,708 [INFO] MenuBar:473 - Manual Refresh Data
2026-07-21 16:09:51,708 [INFO] FinderAction:103 - Refresh Data: download all database files
2026-07-21 16:09:51,923 [INFO] ServerAccessManage:473 - Download File mcusAds.json._tmp_
2026-07-21 16:09:52,025 [INFO] LoadUrlFilesThread:156 - End of LoadUrlFiles Thread
2026-07-21 16:09:52,154 [INFO] ServerAccessManage:473 - Download File cube-finder-db.zip
2026-07-21 16:09:53,782 [INFO] FileExtend:242 - Unzip File : cube-finder-db.zip
2026-07-21 16:09:53,782 [INFO] FileExtend:257 - Standard Zip Deflate
2026-07-21 16:09:54,242 [INFO] LoadUrlFilesThread:156 - End of LoadUrlFiles Thread
2026-07-21 16:10:02,590 [ERROR] LogOutputStream:75 - [STDERR_REDIRECT] Jul 21, 2026 4:10:02 PM java.util.prefs.FileSystemPreferences checkLockFile0ErrorCode
2026-07-21 16:10:02,590 [ERROR] LogOutputStream:75 - [STDERR_REDIRECT] WARNING: Could not lock System prefs. Unix error code 2.
2026-07-21 16:10:02,590 [ERROR] LogOutputStream:75 - [STDERR_REDIRECT] 
2026-07-21 16:10:02,590 [ERROR] LogOutputStream:75 - [STDERR_REDIRECT] Jul 21, 2026 4:10:02 PM java.util.prefs.FileSystemPreferences syncWorld
2026-07-21 16:10:02,590 [ERROR] LogOutputStream:75 - [STDERR_REDIRECT] WARNING: Couldn't flush system prefs: java.util.prefs.BackingStoreException: Couldn't get file lock.
2026-07-21 16:10:02,590 [ERROR] LogOutputStream:75 - [STDERR_REDIRECT] 
2026-07-21 16:10:32,589 [ERROR] LogOutputStream:75 - [STDERR_REDIRECT] Jul 21, 2026 4:10:32 PM java.util.prefs.FileSystemPreferences checkLockFile0ErrorCode
2026-07-21 16:10:32,589 [ERROR] LogOutputStream:75 - [STDERR_REDIRECT] WARNING: Could not lock System prefs. Unix error code 2.
2026-07-21 16:10:32,589 [ERROR] LogOutputStream:75 - [STDERR_REDIRECT] 
2026-07-21 16:10:32,589 [ERROR] LogOutputStream:75 - [STDERR_REDIRECT] Jul 21, 2026 4:10:32 PM java.util.prefs.FileSystemPreferences syncWorld
2026-07-21 16:10:32,589 [ERROR] LogOutputStream:75 - [STDERR_REDIRECT] WARNING: Couldn't flush system prefs: java.util.prefs.BackingStoreException: Couldn't get file lock.
2026-07-21 16:10:32,589 [ERROR] LogOutputStream:75 - [STDERR_REDIRECT] 
2026-07-21 16:10:33,017 [INFO] DbMcusAds:53 - JSON generation date=Wed Jul 15 15:16:00 IST 2026 (1784108760991)
2026-07-21 16:10:33,018 [ERROR] FinderAction:121 - Unable to refresh all data
2026-07-21 16:10:39,460 [WARN] ServerAccessManage:1168 - Warning during Server Connection :  timeout Connect timed out
2026-07-21 16:10:39,460 [ERROR] ServerAccessManage:651 - Problem, Http timeout : crdb.zip.
2026-07-21 16:10:39,561 [INFO] LoadUrlFilesThread:156 - End of LoadUrlFiles Thread
2026-07-21 16:11:02,590 [ERROR] LogOutputStream:75 - [STDERR_REDIRECT] Jul 21, 2026 4:11:02 PM java.util.prefs.FileSystemPreferences checkLockFile0ErrorCode
2026-07-21 16:11:02,590 [ERROR] LogOutputStream:75 - [STDERR_REDIRECT] WARNING: Could not lock System prefs. Unix error code 2.
2026-07-21 16:11:02,590 [ERROR] LogOutputStream:75 - [STDERR_REDIRECT] 
2026-07-21 16:11:02,590 [ERROR] LogOutputStream:75 - [STDERR_REDIRECT] Jul 21, 2026 4:11:02 PM java.util.prefs.FileSystemPreferences syncWorld
2026-07-21 16:11:02,590 [ERROR] LogOutputStream:75 - [STDERR_REDIRECT] WARNING: Couldn't flush system prefs: java.util.prefs.BackingStoreException: Couldn't get file lock.
2026-07-21 16:11:02,590 [ERROR] LogOutputStream:75 - [STDERR_REDIRECT] 
2026-07-21 16:11:32,589 [ERROR] LogOutputStream:75 - [STDERR_REDIRECT] Jul 21, 2026 4:11:32 PM java.util.prefs.FileSystemPreferences checkLockFile0ErrorCode
2026-07-21 16:11:32,589 [ERROR] LogOutputStream:75 - [STDERR_REDIRECT] WARNING: Could not lock System prefs. Unix error code 2.
2026-07-21 16:11:32,589 [ERROR] LogOutputStream:75 - [STDERR_REDIRECT] 
2026-07-21 16:11:32,590 [ERROR] LogOutputStream:75 - [STDERR_REDIRECT] Jul 21, 2026 4:11:32 PM java.util.prefs.FileSystemPreferences syncWorld
2026-07-21 16:11:32,590 [ERROR] LogOutputStream:75 - [STDERR_REDIRECT] WARNING: Couldn't flush system prefs: java.util.prefs.BackingStoreException: Couldn't get file lock.
2026-07-21 16:11:32,590 [ERROR] LogOutputStream:75 - [STDERR_REDIRECT] 
2026-07-21 16:12:02,590 [ERROR] LogOutputStream:75 - [STDERR_REDIRECT] Jul 21, 2026 4:12:02 PM java.util.prefs.FileSystemPreferences checkLockFile0ErrorCode
2026-07-21 16:12:02,590 [ERROR] LogOutputStream:75 - [STDERR_REDIRECT] WARNING: Could not lock System prefs. Unix error code 2.
2026-07-21 16:12:02,591 [ERROR] LogOutputStream:75 - [STDERR_REDIRECT] 
2026-07-21 16:12:02,591 [ERROR] LogOutputStream:75 - [STDERR_REDIRECT] Jul 21, 2026 4:12:02 PM java.util.prefs.FileSystemPreferences syncWorld
2026-07-21 16:12:02,591 [ERROR] LogOutputStream:75 - [STDERR_REDIRECT] WARNING: Couldn't flush system prefs: java.util.prefs.BackingStoreException: Couldn't get file lock.
2026-07-21 16:12:02,591 [ERROR] LogOutputStream:75 - [STDERR_REDIRECT] 
2026-07-21 16:12:32,590 [ERROR] LogOutputStream:75 - [STDERR_REDIRECT] Jul 21, 2026 4:12:32 PM java.util.prefs.FileSystemPreferences checkLockFile0ErrorCode
2026-07-21 16:12:32,590 [ERROR] LogOutputStream:75 - [STDERR_REDIRECT] WARNING: Could not lock System prefs. Unix error code 2.
2026-07-21 16:12:32,590 [ERROR] LogOutputStream:75 - [STDERR_REDIRECT] 
2026-07-21 16:12:32,591 [ERROR] LogOutputStream:75 - [STDERR_REDIRECT] Jul 21, 2026 4:12:32 PM java.util.prefs.FileSystemPreferences syncWorld
2026-07-21 16:12:32,591 [ERROR] LogOutputStream:75 - [STDERR_REDIRECT] WARNING: Couldn't flush system prefs: java.util.prefs.BackingStoreException: Couldn't get file lock.
2026-07-21 16:12:32,591 [ERROR] LogOutputStream:75 - [STDERR_REDIRECT] 
2026-07-21 16:13:02,592 [ERROR] LogOutputStream:75 - [STDERR_REDIRECT] Jul 21, 2026 4:13:02 PM java.util.prefs.FileSystemPreferences checkLockFile0ErrorCode
2026-07-21 16:13:02,592 [ERROR] LogOutputStream:75 - [STDERR_REDIRECT] WARNING: Could not lock System prefs. Unix error code 2.
2026-07-21 16:13:02,592 [ERROR] LogOutputStream:75 - [STDERR_REDIRECT] 
2026-07-21 16:13:02,592 [ERROR] LogOutputStream:75 - [STDERR_REDIRECT] Jul 21, 2026 4:13:02 PM java.util.prefs.FileSystemPreferences syncWorld
2026-07-21 16:13:02,592 [ERROR] LogOutputStream:75 - [STDERR_REDIRECT] WARNING: Couldn't flush system prefs: java.util.prefs.BackingStoreException: Couldn't get file lock.
2026-07-21 16:13:02,592 [ERROR] LogOutputStream:75 - [STDERR_REDIRECT] 
2026-07-21 16:13:32,590 [ERROR] LogOutputStream:75 - [STDERR_REDIRECT] Jul 21, 2026 4:13:32 PM java.util.prefs.FileSystemPreferences checkLockFile0ErrorCode
2026-07-21 16:13:32,590 [ERROR] LogOutputStream:75 - [STDERR_REDIRECT] WARNING: Could not lock System prefs. Unix error code 2.
2026-07-21 16:13:32,590 [ERROR] LogOutputStream:75 - [STDERR_REDIRECT] 
2026-07-21 16:13:32,591 [ERROR] LogOutputStream:75 - [STDERR_REDIRECT] Jul 21, 2026 4:13:32 PM java.util.prefs.FileSystemPreferences syncWorld
2026-07-21 16:13:32,591 [ERROR] LogOutputStream:75 - [STDERR_REDIRECT] WARNING: Couldn't flush system prefs: java.util.prefs.BackingStoreException: Couldn't get file lock.
2026-07-21 16:13:32,591 [ERROR] LogOutputStream:75 - [STDERR_REDIRECT] 
2026-07-21 16:14:02,590 [ERROR] LogOutputStream:75 - [STDERR_REDIRECT] Jul 21, 2026 4:14:02 PM java.util.prefs.FileSystemPreferences checkLockFile0ErrorCode
2026-07-21 16:14:02,590 [ERROR] LogOutputStream:75 - [STDERR_REDIRECT] WARNING: Could not lock System prefs. Unix error code 2.
2026-07-21 16:14:02,590 [ERROR] LogOutputStream:75 - [STDERR_REDIRECT] 
2026-07-21 16:14:02,590 [ERROR] LogOutputStream:75 - [STDERR_REDIRECT] Jul 21, 2026 4:14:02 PM java.util.prefs.FileSystemPreferences syncWorld
2026-07-21 16:14:02,591 [ERROR] LogOutputStream:75 - [STDERR_REDIRECT] WARNING: Couldn't flush system prefs: java.util.prefs.BackingStoreException: Couldn't get file lock.
2026-07-21 16:14:02,591 [ERROR] LogOutputStream:75 - [STDERR_REDIRECT] 
2026-07-21 16:14:04,185 [ERROR] LogOutputStream:75 - [STDERR_REDIRECT] 
2026-07-21 16:14:04,186 [ERROR] LogOutputStream:75 - [STDERR_REDIRECT] 
2026-07-21 16:14:12,189 [INFO] Activator:176 - 


2026-07-21 16:14:12,190 [INFO] Activator:177 - !SESSION log4j initialized
2026-07-21 16:14:14,985 [INFO] LogOutputStream:77 - [STDOUT_REDIRECT] 
2026-07-21 16:14:15,352 [INFO] ApplicationProperties:184 - Using Application install path: /opt/st/stm32cubeide_1.18.1/plugins/com.st.stm32cube.common.mx_6.14.1.202504091515
2026-07-21 16:14:15,364 [INFO] DbMcusXml:78 - Set database path to: /opt/st/stm32cubeide_1.18.1/plugins/com.st.stm32cube.common.mx_6.14.1.202504091515//db//mcu/
2026-07-21 16:14:15,365 [INFO] ApiDb:274 - Set plugin database path to: /opt/st/stm32cubeide_1.18.1/plugins/com.st.stm32cube.common.mx_6.14.1.202504091515//db//plugins/boardmanager/
2026-07-21 16:14:15,365 [WARN] ApiDb:259 - Overriding images path with different value:  => /opt/st/stm32cubeide_1.18.1/plugins/com.st.stm32cube.common.mx_6.14.1.202504091515//db//plugins/mcufinder/images/
2026-07-21 16:14:15,368 [INFO] ApiDb:250 - Set database path to: /home/varun/.stmcufinder/plugins/mcufinder//mcu/
2026-07-21 16:14:15,369 [INFO] DbMcusAds:125 - Set database path to: /home/varun/.stmcufinder/plugins/mcufinder//mcu/
2026-07-21 16:14:15,370 [INFO] CrossReferenceDbSqlite:203 - Set database path to: /home/varun/.stmcufinder/plugins/mcufinder//mcu/cs/
2026-07-21 16:14:15,432 [INFO] RulesReader:64 - Compatibility file has been processed (302 Rules)
2026-07-21 16:14:15,469 [INFO] DbMcusXml:78 - Set database path to: /opt/st/stm32cubeide_1.18.1/plugins/com.st.stm32cube.common.mx_6.14.1.202504091515//db//mcu/
2026-07-21 16:14:15,469 [INFO] ApiDb:274 - Set plugin database path to: /opt/st/stm32cubeide_1.18.1/plugins/com.st.stm32cube.common.mx_6.14.1.202504091515//db//plugins/boardmanager/
2026-07-21 16:14:15,469 [INFO] ApiDb:261 - Set plugin images path to: /opt/st/stm32cubeide_1.18.1/plugins/com.st.stm32cube.common.mx_6.14.1.202504091515//db//plugins/mcufinder/images/
2026-07-21 16:14:15,469 [WARN] DbFile:41 - Overriding database path with different value: /home/varun/.stmcufinder/plugins/mcufinder/ => /home/varun/.stmcufinder/plugins/mcufinder
2026-07-21 16:14:15,469 [INFO] ApiDb:250 - Set database path to: /home/varun/.stmcufinder/plugins/mcufinder//mcu/
2026-07-21 16:14:15,469 [WARN] DbFile:41 - Overriding database path with different value: /home/varun/.stmcufinder/plugins/mcufinder/ => /home/varun/.stmcufinder/plugins/mcufinder
2026-07-21 16:14:15,470 [INFO] DbMcusAds:125 - Set database path to: /home/varun/.stmcufinder/plugins/mcufinder//mcu/
2026-07-21 16:14:15,470 [WARN] DbFile:41 - Overriding database path with different value: /home/varun/.stmcufinder/plugins/mcufinder/ => /home/varun/.stmcufinder/plugins/mcufinder
2026-07-21 16:14:15,470 [WARN] DbFile:41 - Overriding database path with different value: /home/varun/.stmcufinder/plugins/mcufinder/ => /home/varun/.stmcufinder/plugins/mcufinder
2026-07-21 16:14:15,470 [INFO] CrossReferenceDbSqlite:203 - Set database path to: /home/varun/.stmcufinder/plugins/mcufinder//mcu/cs/
2026-07-21 16:14:15,503 [INFO] MainPanel:272 - HeapMemory: 268435456
2026-07-21 16:14:15,564 [INFO] DbMcusXml:78 - Set database path to: /opt/st/stm32cubeide_1.18.1/plugins/com.st.stm32cube.common.mx_6.14.1.202504091515//db//mcu/
2026-07-21 16:14:15,565 [INFO] ApiDb:274 - Set plugin database path to: /opt/st/stm32cubeide_1.18.1/plugins/com.st.stm32cube.common.mx_6.14.1.202504091515//db//plugins/boardmanager/
2026-07-21 16:14:15,565 [INFO] ApiDb:261 - Set plugin images path to: /opt/st/stm32cubeide_1.18.1/plugins/com.st.stm32cube.common.mx_6.14.1.202504091515//db//plugins/mcufinder/images/
2026-07-21 16:14:15,565 [WARN] DbFile:41 - Overriding database path with different value: /home/varun/.stmcufinder/plugins/mcufinder/ => /home/varun/.stmcufinder/plugins/mcufinder
2026-07-21 16:14:15,565 [INFO] ApiDb:250 - Set database path to: /home/varun/.stmcufinder/plugins/mcufinder//mcu/
2026-07-21 16:14:15,565 [WARN] DbFile:41 - Overriding database path with different value: /home/varun/.stmcufinder/plugins/mcufinder/ => /home/varun/.stmcufinder/plugins/mcufinder
2026-07-21 16:14:15,565 [INFO] DbMcusAds:125 - Set database path to: /home/varun/.stmcufinder/plugins/mcufinder//mcu/
2026-07-21 16:14:15,565 [WARN] DbFile:41 - Overriding database path with different value: /home/varun/.stmcufinder/plugins/mcufinder/ => /home/varun/.stmcufinder/plugins/mcufinder
2026-07-21 16:14:15,565 [WARN] DbFile:41 - Overriding database path with different value: /home/varun/.stmcufinder/plugins/mcufinder/ => /home/varun/.stmcufinder/plugins/mcufinder
2026-07-21 16:14:15,565 [INFO] CrossReferenceDbSqlite:203 - Set database path to: /home/varun/.stmcufinder/plugins/mcufinder//mcu/cs/
2026-07-21 16:14:15,574 [INFO] ApplicationProperties:184 - Using Application install path: /opt/st/stm32cubeide_1.18.1/plugins/com.st.stm32cube.common.mx_6.14.1.202504091515
2026-07-21 16:14:15,575 [INFO] PluginManage:196 - Search for loadable plugins [exclusion list=, ]
2026-07-21 16:14:15,575 [INFO] PluginManage:310 - Check plugin analytics
2026-07-21 16:14:15,646 [INFO] AnalyticsPlugin:253 - Accepted Software Licenses: 
2026-07-21 16:14:15,646 [INFO] AnalyticsPlugin:255 - Accepted CMSIS Pack Licenses: 
2026-07-21 16:14:15,646 [INFO] AnalyticsPlugin:257 - Accepted Firmware Licenses: FW.F4.1.28.0
2026-07-21 16:14:15,648 [INFO] PluginManage:359 - Loaded plugin analytics (category:tool,tabindex:-1)
2026-07-21 16:14:15,648 [INFO] PluginManage:310 - Check plugin cadmodel
2026-07-21 16:14:15,650 [INFO] CADModel:105 - Init CAD model plugin
2026-07-21 16:14:15,650 [INFO] PluginManage:359 - Loaded plugin cadmodel (category:power,tabindex:5)
2026-07-21 16:14:15,650 [INFO] PluginManage:310 - Check plugin clock
2026-07-21 16:14:15,654 [INFO] PluginManage:359 - Loaded plugin clock (category:base,tabindex:2)
2026-07-21 16:14:15,654 [INFO] PluginManage:310 - Check plugin ddr
2026-07-21 16:14:15,654 [INFO] PluginManage:359 - Loaded plugin ddr (category:tool,tabindex:6)
2026-07-21 16:14:15,654 [INFO] PluginManage:310 - Check plugin filemanager
2026-07-21 16:14:15,738 [INFO] PluginManage:359 - Loaded plugin filemanager (category:base,tabindex:10)
2026-07-21 16:14:15,738 [INFO] PluginManage:310 - Check plugin ipmanager
2026-07-21 16:14:15,741 [INFO] PluginManage:359 - Loaded plugin ipmanager (category:base,tabindex:5)
2026-07-21 16:14:15,741 [INFO] PluginManage:310 - Check plugin lpbam
2026-07-21 16:14:15,745 [INFO] PluginManage:359 - Loaded plugin lpbam (category:base,tabindex:0)
2026-07-21 16:14:15,745 [INFO] PluginManage:310 - Check plugin memorymap
2026-07-21 16:14:15,751 [INFO] PluginManage:359 - Loaded plugin memorymap (category:base,tabindex:4)
2026-07-21 16:14:15,752 [INFO] PluginManage:310 - Check plugin pinoutandconfiguration
2026-07-21 16:14:15,755 [INFO] PluginManage:359 - Loaded plugin pinoutandconfiguration (category:base,tabindex:1)
2026-07-21 16:14:15,755 [INFO] PluginManage:310 - Check plugin pinoutconfig
2026-07-21 16:14:15,799 [WARN] SupportedApi:132 - Cannot load RTOS API schema: s4s-elt-must-match.1: The content of 'definitions' must match (annotation?, (simpleType | complexType)?, (unique | key | keyref)*)). A problem was found starting at: attribute.
2026-07-21 16:14:15,865 [INFO] PluginManage:359 - Loaded plugin pinoutconfig (category:base,tabindex:0)
2026-07-21 16:14:15,865 [INFO] PluginManage:310 - Check plugin power
2026-07-21 16:14:15,870 [INFO] PluginManage:359 - Loaded plugin power (category:power,tabindex:4)
2026-07-21 16:14:15,870 [INFO] PluginManage:310 - Check plugin projectmanager
2026-07-21 16:14:15,881 [INFO] PluginManage:359 - Loaded plugin projectmanager (category:projectmanager,tabindex:4)
2026-07-21 16:14:15,881 [INFO] PluginManage:310 - Check plugin rif
2026-07-21 16:14:15,886 [INFO] PluginManage:359 - Loaded plugin rif (category:base,tabindex:3)
2026-07-21 16:14:15,886 [INFO] PluginManage:310 - Check plugin thirdparty
2026-07-21 16:14:15,959 [INFO] PluginManage:359 - Loaded plugin thirdparty (category:base,tabindex:-1)
2026-07-21 16:14:15,959 [WARN] IntegrityCheckThread:84 - waiting for thirdparty lock release [integrity check]
2026-07-21 16:14:15,959 [INFO] PluginManage:310 - Check plugin tools
2026-07-21 16:14:15,959 [INFO] IntegrityCheckThread:86 - entering critical section [integrity check]
2026-07-21 16:14:15,959 [INFO] ThirdPartyUpdaterWithRetryManager:70 - Updater plugin not ready yet. [1/15]
2026-07-21 16:14:15,961 [INFO] PluginManage:359 - Loaded plugin tools (category:base,tabindex:7)
2026-07-21 16:14:15,961 [INFO] PluginManage:310 - Check plugin tutovideos
2026-07-21 16:14:16,063 [INFO] PluginManage:359 - Loaded plugin tutovideos (category:base,tabindex:-1)
2026-07-21 16:14:16,063 [INFO] PluginManage:310 - Check plugin updater
2026-07-21 16:14:16,080 [INFO] PluginManage:359 - Loaded plugin updater (category:base,tabindex:12)
2026-07-21 16:14:16,081 [INFO] PluginManage:310 - Check plugin userauth
2026-07-21 16:14:16,083 [INFO] UserAuth:118 - Init User Auth plugin
2026-07-21 16:14:16,084 [INFO] PluginManage:359 - Loaded plugin userauth (category:base,tabindex:14)
2026-07-21 16:14:16,084 [INFO] PluginManage:283 - PluginManage : Loaded plugins [18]
2026-07-21 16:14:16,189 [INFO] PinOutPanel:1589 - setPackage(No Configuration,No Configuration)
2026-07-21 16:14:16,229 [INFO] CADModel:165 - CPN selected for project level
2026-07-21 16:14:16,229 [INFO] CADModel:114 - Register for checkConnection events
2026-07-21 16:14:16,242 [INFO] IPUIPlugin:80 - create IPUIPlugin
2026-07-21 16:14:16,243 [INFO] PluginManager:220 - loadIPPluginJar : add adc
2026-07-21 16:14:16,244 [INFO] IPUIPlugin:80 - create IPUIPlugin
2026-07-21 16:14:16,244 [INFO] PluginManager:220 - loadIPPluginJar : add aes
2026-07-21 16:14:16,245 [INFO] IPUIPlugin:80 - create IPUIPlugin
2026-07-21 16:14:16,245 [INFO] PluginManager:220 - loadIPPluginJar : add can
2026-07-21 16:14:16,246 [INFO] IPUIPlugin:80 - create IPUIPlugin
2026-07-21 16:14:16,246 [INFO] PluginManager:220 - loadIPPluginJar : add comp
2026-07-21 16:14:16,247 [INFO] IPUIPlugin:80 - create IPUIPlugin
2026-07-21 16:14:16,247 [INFO] PluginManager:220 - loadIPPluginJar : add cryp
2026-07-21 16:14:16,250 [INFO] IPUIPlugin:80 - create IPUIPlugin
2026-07-21 16:14:16,250 [INFO] PluginManager:220 - loadIPPluginJar : add ddr_ctrl_phy
2026-07-21 16:14:16,251 [INFO] IPUIPlugin:80 - create IPUIPlugin
2026-07-21 16:14:16,251 [INFO] PluginManager:220 - loadIPPluginJar : add dfsdm
2026-07-21 16:14:16,254 [INFO] IPUIPlugin:80 - create IPUIPlugin
2026-07-21 16:14:16,254 [INFO] PluginManager:220 - loadIPPluginJar : add dma
2026-07-21 16:14:16,255 [INFO] IPUIPlugin:80 - create IPUIPlugin
2026-07-21 16:14:16,255 [INFO] PluginManager:220 - loadIPPluginJar : add dma3
2026-07-21 16:14:16,256 [INFO] IPUIPlugin:80 - create IPUIPlugin
2026-07-21 16:14:16,256 [INFO] PluginManager:220 - loadIPPluginJar : add extmemmanager
2026-07-21 16:14:16,257 [INFO] IPUIPlugin:80 - create IPUIPlugin
2026-07-21 16:14:16,257 [INFO] PluginManager:220 - loadIPPluginJar : add fatfs
2026-07-21 16:14:16,260 [INFO] IPUIPlugin:80 - create IPUIPlugin
2026-07-21 16:14:16,260 [INFO] PluginManager:220 - loadIPPluginJar : add fmc
2026-07-21 16:14:16,264 [INFO] IPUIPlugin:80 - create IPUIPlugin
2026-07-21 16:14:16,264 [INFO] PluginManager:220 - loadIPPluginJar : add freertos
2026-07-21 16:14:16,265 [INFO] IPUIPlugin:80 - create IPUIPlugin
2026-07-21 16:14:16,265 [INFO] PluginManager:220 - loadIPPluginJar : add genericplugin
2026-07-21 16:14:16,267 [INFO] IPUIPlugin:80 - create IPUIPlugin
2026-07-21 16:14:16,267 [INFO] PluginManager:220 - loadIPPluginJar : add gfxmmu
2026-07-21 16:14:16,270 [INFO] IPUIPlugin:80 - create IPUIPlugin
2026-07-21 16:14:16,270 [INFO] PluginManager:220 - loadIPPluginJar : add gic
2026-07-21 16:14:16,272 [INFO] IPUIPlugin:80 - create IPUIPlugin
2026-07-21 16:14:16,272 [INFO] PluginManager:220 - loadIPPluginJar : add gpio
2026-07-21 16:14:16,273 [INFO] IPUIPlugin:80 - create IPUIPlugin
2026-07-21 16:14:16,273 [INFO] PluginManager:220 - loadIPPluginJar : add gtzc
2026-07-21 16:14:16,275 [INFO] IPUIPlugin:80 - create IPUIPlugin
2026-07-21 16:14:16,275 [INFO] PluginManager:220 - loadIPPluginJar : add hash
2026-07-21 16:14:16,276 [INFO] IPUIPlugin:80 - create IPUIPlugin
2026-07-21 16:14:16,276 [INFO] PluginManager:220 - loadIPPluginJar : add i2c
2026-07-21 16:14:16,277 [INFO] IPUIPlugin:80 - create IPUIPlugin
2026-07-21 16:14:16,277 [INFO] PluginManager:220 - loadIPPluginJar : add i2s
2026-07-21 16:14:16,279 [INFO] IPUIPlugin:80 - create IPUIPlugin
2026-07-21 16:14:16,279 [INFO] PluginManager:220 - loadIPPluginJar : add i3c
2026-07-21 16:14:16,282 [INFO] IPUIPlugin:80 - create IPUIPlugin
2026-07-21 16:14:16,282 [INFO] PluginManager:220 - loadIPPluginJar : add ipddr
2026-07-21 16:14:16,287 [INFO] IPUIPlugin:80 - create IPUIPlugin
2026-07-21 16:14:16,287 [INFO] PluginManager:220 - loadIPPluginJar : add linkedlist
2026-07-21 16:14:16,288 [INFO] IPUIPlugin:80 - create IPUIPlugin
2026-07-21 16:14:16,288 [INFO] PluginManager:220 - loadIPPluginJar : add lorawan
2026-07-21 16:14:16,289 [INFO] IPUIPlugin:80 - create IPUIPlugin
2026-07-21 16:14:16,289 [INFO] PluginManager:220 - loadIPPluginJar : add ltdc
2026-07-21 16:14:16,292 [INFO] IPUIPlugin:80 - create IPUIPlugin
2026-07-21 16:14:16,292 [INFO] PluginManager:220 - loadIPPluginJar : add mdma
2026-07-21 16:14:16,294 [INFO] IPUIPlugin:80 - create IPUIPlugin
2026-07-21 16:14:16,294 [INFO] PluginManager:220 - loadIPPluginJar : add nvic
2026-07-21 16:14:16,295 [INFO] IPUIPlugin:80 - create IPUIPlugin
2026-07-21 16:14:16,295 [INFO] PluginManager:220 - loadIPPluginJar : add opamp
2026-07-21 16:14:16,296 [INFO] IPUIPlugin:80 - create IPUIPlugin
2026-07-21 16:14:16,297 [INFO] PluginManager:220 - loadIPPluginJar : add openamp
2026-07-21 16:14:16,299 [INFO] IPUIPlugin:80 - create IPUIPlugin
2026-07-21 16:14:16,300 [INFO] PluginManager:220 - loadIPPluginJar : add pdm2pcm
2026-07-21 16:14:16,303 [INFO] IPUIPlugin:80 - create IPUIPlugin
2026-07-21 16:14:16,304 [INFO] PluginManager:220 - loadIPPluginJar : add plateformsettings
2026-07-21 16:14:16,305 [INFO] IPUIPlugin:80 - create IPUIPlugin
2026-07-21 16:14:16,305 [INFO] PluginManager:220 - loadIPPluginJar : add quadspi
2026-07-21 16:14:16,305 [INFO] IPUIPlugin:80 - create IPUIPlugin
2026-07-21 16:14:16,306 [INFO] PluginManager:220 - loadIPPluginJar : add radio
2026-07-21 16:14:16,307 [INFO] IPUIPlugin:80 - create IPUIPlugin
2026-07-21 16:14:16,307 [INFO] PluginManager:220 - loadIPPluginJar : add resmgrutility
2026-07-21 16:14:16,310 [INFO] IPUIPlugin:80 - create IPUIPlugin
2026-07-21 16:14:16,310 [INFO] PluginManager:220 - loadIPPluginJar : add sai
2026-07-21 16:14:16,311 [INFO] IPUIPlugin:80 - create IPUIPlugin
2026-07-21 16:14:16,311 [INFO] PluginManager:220 - loadIPPluginJar : add spi
2026-07-21 16:14:16,316 [INFO] IPUIPlugin:80 - create IPUIPlugin
2026-07-21 16:14:16,317 [INFO] PluginManager:220 - loadIPPluginJar : add stm32_wpan
2026-07-21 16:14:16,318 [INFO] IPUIPlugin:80 - create IPUIPlugin
2026-07-21 16:14:16,318 [INFO] PluginManager:220 - loadIPPluginJar : add tim
2026-07-21 16:14:16,319 [INFO] IPUIPlugin:80 - create IPUIPlugin
2026-07-21 16:14:16,319 [INFO] PluginManager:220 - loadIPPluginJar : add touchsensing
2026-07-21 16:14:16,320 [INFO] IPUIPlugin:80 - create IPUIPlugin
2026-07-21 16:14:16,320 [INFO] PluginManager:220 - loadIPPluginJar : add tracer_emb
2026-07-21 16:14:16,321 [INFO] IPUIPlugin:80 - create IPUIPlugin
2026-07-21 16:14:16,321 [INFO] PluginManager:220 - loadIPPluginJar : add ts
2026-07-21 16:14:16,321 [INFO] IPUIPlugin:80 - create IPUIPlugin
2026-07-21 16:14:16,322 [INFO] PluginManager:220 - loadIPPluginJar : add tsc
2026-07-21 16:14:16,322 [INFO] IPUIPlugin:80 - create IPUIPlugin
2026-07-21 16:14:16,322 [INFO] PluginManager:220 - loadIPPluginJar : add ucpd
2026-07-21 16:14:16,324 [INFO] IPUIPlugin:80 - create IPUIPlugin
2026-07-21 16:14:16,324 [INFO] PluginManager:220 - loadIPPluginJar : add usart
2026-07-21 16:14:16,326 [INFO] IPUIPlugin:80 - create IPUIPlugin
2026-07-21 16:14:16,326 [INFO] PluginManager:220 - loadIPPluginJar : add usbx
2026-07-21 16:14:16,418 [FATAL] Updater:351 - Updater called before beeing initialized
2026-07-21 16:14:16,435 [INFO] RulesReader:64 - Compatibility file has been processed (302 Rules)
2026-07-21 16:14:16,442 [INFO] RulesReader:64 - Compatibility file has been processed (302 Rules)
2026-07-21 16:14:16,447 [INFO] CADModel:165 - CPN selected for project level
2026-07-21 16:14:16,447 [INFO] CADModel:114 - Register for checkConnection events
2026-07-21 16:14:16,447 [FATAL] Updater:351 - Updater called before beeing initialized
2026-07-21 16:14:16,448 [ERROR] CADModel:125 - Updater not yet initialized, retry later 
2026-07-21 16:14:16,525 [FATAL] Updater:351 - Updater called before beeing initialized
2026-07-21 16:14:16,526 [INFO] CADModel:165 - CPN selected for project level
2026-07-21 16:14:16,526 [INFO] CADModel:114 - Register for checkConnection events
2026-07-21 16:14:16,526 [FATAL] Updater:351 - Updater called before beeing initialized
2026-07-21 16:14:16,526 [ERROR] CADModel:125 - Updater not yet initialized, retry later 
2026-07-21 16:14:16,528 [FATAL] Updater:351 - Updater called before beeing initialized
2026-07-21 16:14:16,579 [FATAL] Updater:351 - Updater called before beeing initialized
2026-07-21 16:14:16,582 [INFO] DbMcusAds:53 - JSON generation date=Wed Jul 15 15:16:00 IST 2026 (1784108760991)
2026-07-21 16:14:16,583 [FATAL] Updater:351 - Updater called before beeing initialized
2026-07-21 16:14:16,602 [WARN] DetailPanel:346 - Failed to get advertising image, set to default
2026-07-21 16:14:16,777 [FATAL] Updater:351 - Updater called before beeing initialized
2026-07-21 16:14:16,778 [FATAL] Updater:351 - Updater called before beeing initialized
2026-07-21 16:14:16,778 [FATAL] Updater:351 - Updater called before beeing initialized
2026-07-21 16:14:16,779 [WARN] DetailPanel:346 - Failed to get advertising image, set to default
2026-07-21 16:14:16,779 [FATAL] Updater:351 - Updater called before beeing initialized
2026-07-21 16:14:16,803 [ERROR] Updater:1198 - MainUpdater not yet initialized. External WinMGr cannot be set.
2026-07-21 16:14:16,804 [INFO] Updater:1134 - Updater Version found : 6.14.1
2026-07-21 16:14:16,818 [INFO] ApplicationProperties:184 - Using Application install path: /opt/st/stm32cubeide_1.18.1/plugins/com.st.stm32cube.common.mx_6.14.1.202504091515
2026-07-21 16:14:17,199 [INFO] MainUpdater:2872 - connection check result : 10
2026-07-21 16:14:17,200 [INFO] MainUpdater:289 - Updater Check For Update Now.
2026-07-21 16:14:17,200 [INFO] MicroXplorer:498 - Change Database Version : DB.6.0.141
2026-07-21 16:14:17,203 [INFO] McuFinderGlobals:63 - Set McuFinder mode to 2 (CubeIDE integrated)
2026-07-21 16:14:17,203 [INFO] UserAuth:484 - Internet connection configuration mode: 1
2026-07-21 16:14:17,214 [INFO] JxBrowserEngine:152 - Initiate JxBrowser Engine with user profile folder
2026-07-21 16:14:17,342 [INFO] CheckServerUpdateThread:120 - End of CheckServer Thread
2026-07-21 16:14:17,604 [INFO] WebApp:169 - Instantiating new browser for Auth
2026-07-21 16:14:18,000 [INFO] WebApp:463 - Apply proxy settings
2026-07-21 16:14:18,001 [INFO] WebApp:508 - Chromium authenticates against Manually configured proxy
2026-07-21 16:14:18,005 [INFO] WebApp:516 - Username used for proxy authentication: 
2026-07-21 16:14:18,021 [INFO] WebApp:894 - Register for checkConnection events
2026-07-21 16:14:18,021 [INFO] WebApp:463 - Apply proxy settings
2026-07-21 16:14:18,022 [INFO] WebApp:508 - Chromium authenticates against Manually configured proxy
2026-07-21 16:14:18,022 [INFO] WebApp:516 - Username used for proxy authentication: 
2026-07-21 16:14:18,109 [INFO] WebApp:225 - Starting web application
2026-07-21 16:14:18,109 [INFO] WebApp:593 - Web application path used /opt/st/stm32cubeide_1.18.1/plugins/com.st.stm32cube.common.mx_6.14.1.202504091515/db/plugins/mcufinder/reactClient1/index.html
2026-07-21 16:14:18,174 [INFO] UserAuth:484 - Internet connection configuration mode: 1
2026-07-21 16:14:18,725 [INFO] WebApp:191 - Connection restablished
2026-07-21 16:14:19,034 [WARN] PackLoader:240 - Cannot read IP mode file for STMicroelectronics.X-CUBE-DISPLAY.3.0.0
2026-07-21 16:14:19,046 [WARN] PackLoader:240 - Cannot read IP mode file for STMicroelectronics.X-CUBE-NFC10.1.0.0
2026-07-21 16:14:19,050 [WARN] PackLoader:240 - Cannot read IP mode file for STMicroelectronics.FP-SNS-SMARTAG2.1.2.0
2026-07-21 16:14:19,054 [WARN] PackLoader:240 - Cannot read IP mode file for STMicroelectronics.X-CUBE-BLE2.3.3.0
2026-07-21 16:14:19,059 [WARN] PackLoader:240 - Cannot read IP mode file for STMicroelectronics.X-CUBE-NFC9.1.0.0
2026-07-21 16:14:19,063 [WARN] PackLoader:240 - Cannot read IP mode file for STMicroelectronics.X-CUBE-NFC4.3.0.0
2026-07-21 16:14:19,066 [WARN] PackLoader:240 - Cannot read IP mode file for STMicroelectronics.FP-ATR-SIGFOX1.3.2.0
2026-07-21 16:14:19,070 [WARN] PackLoader:240 - Cannot read IP mode file for STMicroelectronics.X-CUBE-ISPU.2.1.0
2026-07-21 16:14:19,075 [WARN] PackLoader:240 - Cannot read IP mode file for STMicroelectronics.X-CUBE-SFXS2LP1.4.0.0
2026-07-21 16:14:19,081 [WARN] PackLoader:240 - Cannot read IP mode file for STMicroelectronics.X-CUBE-SUBG2.5.0.0
2026-07-21 16:14:19,088 [WARN] PackLoader:240 - Cannot read IP mode file for STMicroelectronics.X-CUBE-ALS.1.0.2
2026-07-21 16:14:19,089 [INFO] ThirdParty:978 - Integrity check success = true
2026-07-21 16:14:19,089 [INFO] IntegrityCheckThread:100 - exiting critical section [integrity check]
2026-07-21 16:14:19,089 [INFO] IntegrityCheckThread:103 - End integrity checks thread
2026-07-21 16:14:45,329 [ERROR] LogOutputStream:75 - [STDERR_REDIRECT] Jul 21, 2026 4:14:45 PM java.util.prefs.FileSystemPreferences checkLockFile0ErrorCode
2026-07-21 16:14:45,330 [ERROR] LogOutputStream:75 - [STDERR_REDIRECT] WARNING: Could not lock System prefs. Unix error code 2.
2026-07-21 16:14:45,330 [ERROR] LogOutputStream:75 - [STDERR_REDIRECT] 
2026-07-21 16:14:45,330 [ERROR] LogOutputStream:75 - [STDERR_REDIRECT] Jul 21, 2026 4:14:45 PM java.util.prefs.FileSystemPreferences syncWorld
2026-07-21 16:14:45,330 [ERROR] LogOutputStream:75 - [STDERR_REDIRECT] WARNING: Couldn't flush system prefs: java.util.prefs.BackingStoreException: Couldn't get file lock.
2026-07-21 16:14:45,330 [ERROR] LogOutputStream:75 - [STDERR_REDIRECT] 
2026-07-21 16:15:15,323 [ERROR] LogOutputStream:75 - [STDERR_REDIRECT] Jul 21, 2026 4:15:15 PM java.util.prefs.FileSystemPreferences checkLockFile0ErrorCode
2026-07-21 16:15:15,323 [ERROR] LogOutputStream:75 - [STDERR_REDIRECT] WARNING: Could not lock System prefs. Unix error code 2.
2026-07-21 16:15:15,323 [ERROR] LogOutputStream:75 - [STDERR_REDIRECT] 
2026-07-21 16:15:15,323 [ERROR] LogOutputStream:75 - [STDERR_REDIRECT] Jul 21, 2026 4:15:15 PM java.util.prefs.FileSystemPreferences syncWorld
2026-07-21 16:15:15,323 [ERROR] LogOutputStream:75 - [STDERR_REDIRECT] WARNING: Couldn't flush system prefs: java.util.prefs.BackingStoreException: Couldn't get file lock.
2026-07-21 16:15:15,324 [ERROR] LogOutputStream:75 - [STDERR_REDIRECT] 
2026-07-21 16:15:45,321 [ERROR] LogOutputStream:75 - [STDERR_REDIRECT] Jul 21, 2026 4:15:45 PM java.util.prefs.FileSystemPreferences checkLockFile0ErrorCode
2026-07-21 16:15:45,321 [ERROR] LogOutputStream:75 - [STDERR_REDIRECT] WARNING: Could not lock System prefs. Unix error code 2.
2026-07-21 16:15:45,321 [ERROR] LogOutputStream:75 - [STDERR_REDIRECT] 
2026-07-21 16:15:45,321 [ERROR] LogOutputStream:75 - [STDERR_REDIRECT] Jul 21, 2026 4:15:45 PM java.util.prefs.FileSystemPreferences syncWorld
2026-07-21 16:15:45,321 [ERROR] LogOutputStream:75 - [STDERR_REDIRECT] WARNING: Couldn't flush system prefs: java.util.prefs.BackingStoreException: Couldn't get file lock.
2026-07-21 16:15:45,321 [ERROR] LogOutputStream:75 - [STDERR_REDIRECT] 
2026-07-21 16:16:15,322 [ERROR] LogOutputStream:75 - [STDERR_REDIRECT] Jul 21, 2026 4:16:15 PM java.util.prefs.FileSystemPreferences checkLockFile0ErrorCode
2026-07-21 16:16:15,322 [ERROR] LogOutputStream:75 - [STDERR_REDIRECT] WARNING: Could not lock System prefs. Unix error code 2.
2026-07-21 16:16:15,322 [ERROR] LogOutputStream:75 - [STDERR_REDIRECT] 
2026-07-21 16:16:15,323 [ERROR] LogOutputStream:75 - [STDERR_REDIRECT] Jul 21, 2026 4:16:15 PM java.util.prefs.FileSystemPreferences syncWorld
2026-07-21 16:16:15,323 [ERROR] LogOutputStream:75 - [STDERR_REDIRECT] WARNING: Couldn't flush system prefs: java.util.prefs.BackingStoreException: Couldn't get file lock.
2026-07-21 16:16:15,323 [ERROR] LogOutputStream:75 - [STDERR_REDIRECT] 
2026-07-21 16:16:45,323 [ERROR] LogOutputStream:75 - [STDERR_REDIRECT] Jul 21, 2026 4:16:45 PM java.util.prefs.FileSystemPreferences checkLockFile0ErrorCode
2026-07-21 16:16:45,323 [ERROR] LogOutputStream:75 - [STDERR_REDIRECT] WARNING: Could not lock System prefs. Unix error code 2.
2026-07-21 16:16:45,324 [ERROR] LogOutputStream:75 - [STDERR_REDIRECT] 
2026-07-21 16:16:45,324 [ERROR] LogOutputStream:75 - [STDERR_REDIRECT] Jul 21, 2026 4:16:45 PM java.util.prefs.FileSystemPreferences syncWorld
2026-07-21 16:16:45,324 [ERROR] LogOutputStream:75 - [STDERR_REDIRECT] WARNING: Couldn't flush system prefs: java.util.prefs.BackingStoreException: Couldn't get file lock.
2026-07-21 16:16:45,324 [ERROR] LogOutputStream:75 - [STDERR_REDIRECT] 
2026-07-21 16:17:15,322 [ERROR] LogOutputStream:75 - [STDERR_REDIRECT] Jul 21, 2026 4:17:15 PM java.util.prefs.FileSystemPreferences checkLockFile0ErrorCode
2026-07-21 16:17:15,322 [ERROR] LogOutputStream:75 - [STDERR_REDIRECT] WARNING: Could not lock System prefs. Unix error code 2.
2026-07-21 16:17:15,323 [ERROR] LogOutputStream:75 - [STDERR_REDIRECT] 
2026-07-21 16:17:15,323 [ERROR] LogOutputStream:75 - [STDERR_REDIRECT] Jul 21, 2026 4:17:15 PM java.util.prefs.FileSystemPreferences syncWorld
2026-07-21 16:17:15,323 [ERROR] LogOutputStream:75 - [STDERR_REDIRECT] WARNING: Couldn't flush system prefs: java.util.prefs.BackingStoreException: Couldn't get file lock.
2026-07-21 16:17:15,323 [ERROR] LogOutputStream:75 - [STDERR_REDIRECT] 
2026-07-21 16:17:45,322 [ERROR] LogOutputStream:75 - [STDERR_REDIRECT] Jul 21, 2026 4:17:45 PM java.util.prefs.FileSystemPreferences checkLockFile0ErrorCode
2026-07-21 16:17:45,323 [ERROR] LogOutputStream:75 - [STDERR_REDIRECT] WARNING: Could not lock System prefs. Unix error code 2.
2026-07-21 16:17:45,323 [ERROR] LogOutputStream:75 - [STDERR_REDIRECT] 
2026-07-21 16:17:45,323 [ERROR] LogOutputStream:75 - [STDERR_REDIRECT] Jul 21, 2026 4:17:45 PM java.util.prefs.FileSystemPreferences syncWorld
2026-07-21 16:17:45,324 [ERROR] LogOutputStream:75 - [STDERR_REDIRECT] WARNING: Couldn't flush system prefs: java.util.prefs.BackingStoreException: Couldn't get file lock.
2026-07-21 16:17:45,324 [ERROR] LogOutputStream:75 - [STDERR_REDIRECT] 
2026-07-21 16:18:15,323 [ERROR] LogOutputStream:75 - [STDERR_REDIRECT] Jul 21, 2026 4:18:15 PM java.util.prefs.FileSystemPreferences checkLockFile0ErrorCode
2026-07-21 16:18:15,323 [ERROR] LogOutputStream:75 - [STDERR_REDIRECT] WARNING: Could not lock System prefs. Unix error code 2.
2026-07-21 16:18:15,323 [ERROR] LogOutputStream:75 - [STDERR_REDIRECT] 
2026-07-21 16:18:15,324 [ERROR] LogOutputStream:75 - [STDERR_REDIRECT] Jul 21, 2026 4:18:15 PM java.util.prefs.FileSystemPreferences syncWorld
2026-07-21 16:18:15,324 [ERROR] LogOutputStream:75 - [STDERR_REDIRECT] WARNING: Couldn't flush system prefs: java.util.prefs.BackingStoreException: Couldn't get file lock.
2026-07-21 16:18:15,324 [ERROR] LogOutputStream:75 - [STDERR_REDIRECT] 
2026-07-21 16:18:45,325 [ERROR] LogOutputStream:75 - [STDERR_REDIRECT] Jul 21, 2026 4:18:45 PM java.util.prefs.FileSystemPreferences checkLockFile0ErrorCode
2026-07-21 16:18:45,326 [ERROR] LogOutputStream:75 - [STDERR_REDIRECT] WARNING: Could not lock System prefs. Unix error code 2.
2026-07-21 16:18:45,326 [ERROR] LogOutputStream:75 - [STDERR_REDIRECT] 
2026-07-21 16:18:45,326 [ERROR] LogOutputStream:75 - [STDERR_REDIRECT] Jul 21, 2026 4:18:45 PM java.util.prefs.FileSystemPreferences syncWorld
2026-07-21 16:18:45,326 [ERROR] LogOutputStream:75 - [STDERR_REDIRECT] WARNING: Couldn't flush system prefs: java.util.prefs.BackingStoreException: Couldn't get file lock.
2026-07-21 16:18:45,326 [ERROR] LogOutputStream:75 - [STDERR_REDIRECT] 
2026-07-21 16:19:15,324 [ERROR] LogOutputStream:75 - [STDERR_REDIRECT] Jul 21, 2026 4:19:15 PM java.util.prefs.FileSystemPreferences checkLockFile0ErrorCode
2026-07-21 16:19:15,325 [ERROR] LogOutputStream:75 - [STDERR_REDIRECT] WARNING: Could not lock System prefs. Unix error code 2.
2026-07-21 16:19:15,325 [ERROR] LogOutputStream:75 - [STDERR_REDIRECT] 
2026-07-21 16:19:15,325 [ERROR] LogOutputStream:75 - [STDERR_REDIRECT] Jul 21, 2026 4:19:15 PM java.util.prefs.FileSystemPreferences syncWorld
2026-07-21 16:19:15,325 [ERROR] LogOutputStream:75 - [STDERR_REDIRECT] WARNING: Couldn't flush system prefs: java.util.prefs.BackingStoreException: Couldn't get file lock.
2026-07-21 16:19:15,325 [ERROR] LogOutputStream:75 - [STDERR_REDIRECT] 
2026-07-21 16:19:45,323 [ERROR] LogOutputStream:75 - [STDERR_REDIRECT] Jul 21, 2026 4:19:45 PM java.util.prefs.FileSystemPreferences checkLockFile0ErrorCode
2026-07-21 16:19:45,323 [ERROR] LogOutputStream:75 - [STDERR_REDIRECT] WARNING: Could not lock System prefs. Unix error code 2.
2026-07-21 16:19:45,323 [ERROR] LogOutputStream:75 - [STDERR_REDIRECT] 
2026-07-21 16:19:45,323 [ERROR] LogOutputStream:75 - [STDERR_REDIRECT] Jul 21, 2026 4:19:45 PM java.util.prefs.FileSystemPreferences syncWorld
2026-07-21 16:19:45,323 [ERROR] LogOutputStream:75 - [STDERR_REDIRECT] WARNING: Couldn't flush system prefs: java.util.prefs.BackingStoreException: Couldn't get file lock.
2026-07-21 16:19:45,324 [ERROR] LogOutputStream:75 - [STDERR_REDIRECT] 
2026-07-21 16:20:15,321 [ERROR] LogOutputStream:75 - [STDERR_REDIRECT] Jul 21, 2026 4:20:15 PM java.util.prefs.FileSystemPreferences checkLockFile0ErrorCode
2026-07-21 16:20:15,321 [ERROR] LogOutputStream:75 - [STDERR_REDIRECT] WARNING: Could not lock System prefs. Unix error code 2.
2026-07-21 16:20:15,321 [ERROR] LogOutputStream:75 - [STDERR_REDIRECT] 
2026-07-21 16:20:15,321 [ERROR] LogOutputStream:75 - [STDERR_REDIRECT] Jul 21, 2026 4:20:15 PM java.util.prefs.FileSystemPreferences syncWorld
2026-07-21 16:20:15,322 [ERROR] LogOutputStream:75 - [STDERR_REDIRECT] WARNING: Couldn't flush system prefs: java.util.prefs.BackingStoreException: Couldn't get file lock.
2026-07-21 16:20:15,322 [ERROR] LogOutputStream:75 - [STDERR_REDIRECT] 
2026-07-21 16:20:45,322 [ERROR] LogOutputStream:75 - [STDERR_REDIRECT] Jul 21, 2026 4:20:45 PM java.util.prefs.FileSystemPreferences checkLockFile0ErrorCode
2026-07-21 16:20:45,322 [ERROR] LogOutputStream:75 - [STDERR_REDIRECT] WARNING: Could not lock System prefs. Unix error code 2.
2026-07-21 16:20:45,322 [ERROR] LogOutputStream:75 - [STDERR_REDIRECT] 
2026-07-21 16:20:45,323 [ERROR] LogOutputStream:75 - [STDERR_REDIRECT] Jul 21, 2026 4:20:45 PM java.util.prefs.FileSystemPreferences syncWorld
2026-07-21 16:20:45,323 [ERROR] LogOutputStream:75 - [STDERR_REDIRECT] WARNING: Couldn't flush system prefs: java.util.prefs.BackingStoreException: Couldn't get file lock.
2026-07-21 16:20:45,323 [ERROR] LogOutputStream:75 - [STDERR_REDIRECT] 
2026-07-21 16:21:15,322 [ERROR] LogOutputStream:75 - [STDERR_REDIRECT] Jul 21, 2026 4:21:15 PM java.util.prefs.FileSystemPreferences checkLockFile0ErrorCode
2026-07-21 16:21:15,323 [ERROR] LogOutputStream:75 - [STDERR_REDIRECT] WARNING: Could not lock System prefs. Unix error code 2.
2026-07-21 16:21:15,323 [ERROR] LogOutputStream:75 - [STDERR_REDIRECT] 
2026-07-21 16:21:15,323 [ERROR] LogOutputStream:75 - [STDERR_REDIRECT] Jul 21, 2026 4:21:15 PM java.util.prefs.FileSystemPreferences syncWorld
2026-07-21 16:21:15,323 [ERROR] LogOutputStream:75 - [STDERR_REDIRECT] WARNING: Couldn't flush system prefs: java.util.prefs.BackingStoreException: Couldn't get file lock.
2026-07-21 16:21:15,324 [ERROR] LogOutputStream:75 - [STDERR_REDIRECT] 
2026-07-21 16:21:45,321 [ERROR] LogOutputStream:75 - [STDERR_REDIRECT] Jul 21, 2026 4:21:45 PM java.util.prefs.FileSystemPreferences checkLockFile0ErrorCode
2026-07-21 16:21:45,322 [ERROR] LogOutputStream:75 - [STDERR_REDIRECT] WARNING: Could not lock System prefs. Unix error code 2.
2026-07-21 16:21:45,322 [ERROR] LogOutputStream:75 - [STDERR_REDIRECT] 
2026-07-21 16:21:45,322 [ERROR] LogOutputStream:75 - [STDERR_REDIRECT] Jul 21, 2026 4:21:45 PM java.util.prefs.FileSystemPreferences syncWorld
2026-07-21 16:21:45,322 [ERROR] LogOutputStream:75 - [STDERR_REDIRECT] WARNING: Couldn't flush system prefs: java.util.prefs.BackingStoreException: Couldn't get file lock.
2026-07-21 16:21:45,322 [ERROR] LogOutputStream:75 - [STDERR_REDIRECT] 
2026-07-21 16:22:15,322 [ERROR] LogOutputStream:75 - [STDERR_REDIRECT] Jul 21, 2026 4:22:15 PM java.util.prefs.FileSystemPreferences checkLockFile0ErrorCode
2026-07-21 16:22:15,323 [ERROR] LogOutputStream:75 - [STDERR_REDIRECT] WARNING: Could not lock System prefs. Unix error code 2.
2026-07-21 16:22:15,323 [ERROR] LogOutputStream:75 - [STDERR_REDIRECT] 
2026-07-21 16:22:15,323 [ERROR] LogOutputStream:75 - [STDERR_REDIRECT] Jul 21, 2026 4:22:15 PM java.util.prefs.FileSystemPreferences syncWorld
2026-07-21 16:22:15,323 [ERROR] LogOutputStream:75 - [STDERR_REDIRECT] WARNING: Couldn't flush system prefs: java.util.prefs.BackingStoreException: Couldn't get file lock.
2026-07-21 16:22:15,324 [ERROR] LogOutputStream:75 - [STDERR_REDIRECT] 
2026-07-21 16:22:45,322 [ERROR] LogOutputStream:75 - [STDERR_REDIRECT] Jul 21, 2026 4:22:45 PM java.util.prefs.FileSystemPreferences checkLockFile0ErrorCode
2026-07-21 16:22:45,322 [ERROR] LogOutputStream:75 - [STDERR_REDIRECT] WARNING: Could not lock System prefs. Unix error code 2.
2026-07-21 16:22:45,322 [ERROR] LogOutputStream:75 - [STDERR_REDIRECT] 
2026-07-21 16:22:45,322 [ERROR] LogOutputStream:75 - [STDERR_REDIRECT] Jul 21, 2026 4:22:45 PM java.util.prefs.FileSystemPreferences syncWorld
2026-07-21 16:22:45,322 [ERROR] LogOutputStream:75 - [STDERR_REDIRECT] WARNING: Couldn't flush system prefs: java.util.prefs.BackingStoreException: Couldn't get file lock.
2026-07-21 16:22:45,322 [ERROR] LogOutputStream:75 - [STDERR_REDIRECT] 
2026-07-21 16:23:15,323 [ERROR] LogOutputStream:75 - [STDERR_REDIRECT] Jul 21, 2026 4:23:15 PM java.util.prefs.FileSystemPreferences checkLockFile0ErrorCode
2026-07-21 16:23:15,323 [ERROR] LogOutputStream:75 - [STDERR_REDIRECT] WARNING: Could not lock System prefs. Unix error code 2.
2026-07-21 16:23:15,323 [ERROR] LogOutputStream:75 - [STDERR_REDIRECT] 
2026-07-21 16:23:15,323 [ERROR] LogOutputStream:75 - [STDERR_REDIRECT] Jul 21, 2026 4:23:15 PM java.util.prefs.FileSystemPreferences syncWorld
2026-07-21 16:23:15,323 [ERROR] LogOutputStream:75 - [STDERR_REDIRECT] WARNING: Couldn't flush system prefs: java.util.prefs.BackingStoreException: Couldn't get file lock.
2026-07-21 16:23:15,324 [ERROR] LogOutputStream:75 - [STDERR_REDIRECT] 
2026-07-21 16:23:45,321 [ERROR] LogOutputStream:75 - [STDERR_REDIRECT] Jul 21, 2026 4:23:45 PM java.util.prefs.FileSystemPreferences checkLockFile0ErrorCode
2026-07-21 16:23:45,322 [ERROR] LogOutputStream:75 - [STDERR_REDIRECT] WARNING: Could not lock System prefs. Unix error code 2.
2026-07-21 16:23:45,322 [ERROR] LogOutputStream:75 - [STDERR_REDIRECT] 
2026-07-21 16:23:45,322 [ERROR] LogOutputStream:75 - [STDERR_REDIRECT] Jul 21, 2026 4:23:45 PM java.util.prefs.FileSystemPreferences syncWorld
2026-07-21 16:23:45,322 [ERROR] LogOutputStream:75 - [STDERR_REDIRECT] WARNING: Couldn't flush system prefs: java.util.prefs.BackingStoreException: Couldn't get file lock.
2026-07-21 16:23:45,323 [ERROR] LogOutputStream:75 - [STDERR_REDIRECT] 
2026-07-21 16:24:15,322 [ERROR] LogOutputStream:75 - [STDERR_REDIRECT] Jul 21, 2026 4:24:15 PM java.util.prefs.FileSystemPreferences checkLockFile0ErrorCode
2026-07-21 16:24:15,323 [ERROR] LogOutputStream:75 - [STDERR_REDIRECT] WARNING: Could not lock System prefs. Unix error code 2.
2026-07-21 16:24:15,323 [ERROR] LogOutputStream:75 - [STDERR_REDIRECT] 
2026-07-21 16:24:15,323 [ERROR] LogOutputStream:75 - [STDERR_REDIRECT] Jul 21, 2026 4:24:15 PM java.util.prefs.FileSystemPreferences syncWorld
2026-07-21 16:24:15,323 [ERROR] LogOutputStream:75 - [STDERR_REDIRECT] WARNING: Couldn't flush system prefs: java.util.prefs.BackingStoreException: Couldn't get file lock.
2026-07-21 16:24:15,323 [ERROR] LogOutputStream:75 - [STDERR_REDIRECT] 
2026-07-21 16:24:45,324 [ERROR] LogOutputStream:75 - [STDERR_REDIRECT] Jul 21, 2026 4:24:45 PM java.util.prefs.FileSystemPreferences checkLockFile0ErrorCode
2026-07-21 16:24:45,324 [ERROR] LogOutputStream:75 - [STDERR_REDIRECT] WARNING: Could not lock System prefs. Unix error code 2.
2026-07-21 16:24:45,324 [ERROR] LogOutputStream:75 - [STDERR_REDIRECT] 
2026-07-21 16:24:45,325 [ERROR] LogOutputStream:75 - [STDERR_REDIRECT] Jul 21, 2026 4:24:45 PM java.util.prefs.FileSystemPreferences syncWorld
2026-07-21 16:24:45,325 [ERROR] LogOutputStream:75 - [STDERR_REDIRECT] WARNING: Couldn't flush system prefs: java.util.prefs.BackingStoreException: Couldn't get file lock.
2026-07-21 16:24:45,325 [ERROR] LogOutputStream:75 - [STDERR_REDIRECT] 
2026-07-21 16:25:15,322 [ERROR] LogOutputStream:75 - [STDERR_REDIRECT] Jul 21, 2026 4:25:15 PM java.util.prefs.FileSystemPreferences checkLockFile0ErrorCode
2026-07-21 16:25:15,322 [ERROR] LogOutputStream:75 - [STDERR_REDIRECT] WARNING: Could not lock System prefs. Unix error code 2.
2026-07-21 16:25:15,322 [ERROR] LogOutputStream:75 - [STDERR_REDIRECT] 
2026-07-21 16:25:15,322 [ERROR] LogOutputStream:75 - [STDERR_REDIRECT] Jul 21, 2026 4:25:15 PM java.util.prefs.FileSystemPreferences syncWorld
2026-07-21 16:25:15,322 [ERROR] LogOutputStream:75 - [STDERR_REDIRECT] WARNING: Couldn't flush system prefs: java.util.prefs.BackingStoreException: Couldn't get file lock.
2026-07-21 16:25:15,322 [ERROR] LogOutputStream:75 - [STDERR_REDIRECT] 
2026-07-21 16:25:45,322 [ERROR] LogOutputStream:75 - [STDERR_REDIRECT] Jul 21, 2026 4:25:45 PM java.util.prefs.FileSystemPreferences checkLockFile0ErrorCode
2026-07-21 16:25:45,323 [ERROR] LogOutputStream:75 - [STDERR_REDIRECT] WARNING: Could not lock System prefs. Unix error code 2.
2026-07-21 16:25:45,323 [ERROR] LogOutputStream:75 - [STDERR_REDIRECT] 
2026-07-21 16:25:45,323 [ERROR] LogOutputStream:75 - [STDERR_REDIRECT] Jul 21, 2026 4:25:45 PM java.util.prefs.FileSystemPreferences syncWorld
2026-07-21 16:25:45,323 [ERROR] LogOutputStream:75 - [STDERR_REDIRECT] WARNING: Couldn't flush system prefs: java.util.prefs.BackingStoreException: Couldn't get file lock.
2026-07-21 16:25:45,323 [ERROR] LogOutputStream:75 - [STDERR_REDIRECT] 
2026-07-21 16:26:15,322 [ERROR] LogOutputStream:75 - [STDERR_REDIRECT] Jul 21, 2026 4:26:15 PM java.util.prefs.FileSystemPreferences checkLockFile0ErrorCode
2026-07-21 16:26:15,322 [ERROR] LogOutputStream:75 - [STDERR_REDIRECT] WARNING: Could not lock System prefs. Unix error code 2.
2026-07-21 16:26:15,322 [ERROR] LogOutputStream:75 - [STDERR_REDIRECT] 
2026-07-21 16:26:15,323 [ERROR] LogOutputStream:75 - [STDERR_REDIRECT] Jul 21, 2026 4:26:15 PM java.util.prefs.FileSystemPreferences syncWorld
2026-07-21 16:26:15,323 [ERROR] LogOutputStream:75 - [STDERR_REDIRECT] WARNING: Couldn't flush system prefs: java.util.prefs.BackingStoreException: Couldn't get file lock.
2026-07-21 16:26:15,323 [ERROR] LogOutputStream:75 - [STDERR_REDIRECT] 
2026-07-21 16:26:45,322 [ERROR] LogOutputStream:75 - [STDERR_REDIRECT] Jul 21, 2026 4:26:45 PM java.util.prefs.FileSystemPreferences checkLockFile0ErrorCode
2026-07-21 16:26:45,322 [ERROR] LogOutputStream:75 - [STDERR_REDIRECT] WARNING: Could not lock System prefs. Unix error code 2.
2026-07-21 16:26:45,322 [ERROR] LogOutputStream:75 - [STDERR_REDIRECT] 
2026-07-21 16:26:45,323 [ERROR] LogOutputStream:75 - [STDERR_REDIRECT] Jul 21, 2026 4:26:45 PM java.util.prefs.FileSystemPreferences syncWorld
2026-07-21 16:26:45,323 [ERROR] LogOutputStream:75 - [STDERR_REDIRECT] WARNING: Couldn't flush system prefs: java.util.prefs.BackingStoreException: Couldn't get file lock.
2026-07-21 16:26:45,323 [ERROR] LogOutputStream:75 - [STDERR_REDIRECT] 
2026-07-21 16:27:15,322 [ERROR] LogOutputStream:75 - [STDERR_REDIRECT] Jul 21, 2026 4:27:15 PM java.util.prefs.FileSystemPreferences checkLockFile0ErrorCode
2026-07-21 16:27:15,322 [ERROR] LogOutputStream:75 - [STDERR_REDIRECT] WARNING: Could not lock System prefs. Unix error code 2.
2026-07-21 16:27:15,323 [ERROR] LogOutputStream:75 - [STDERR_REDIRECT] 
2026-07-21 16:27:15,323 [ERROR] LogOutputStream:75 - [STDERR_REDIRECT] Jul 21, 2026 4:27:15 PM java.util.prefs.FileSystemPreferences syncWorld
2026-07-21 16:27:15,323 [ERROR] LogOutputStream:75 - [STDERR_REDIRECT] WARNING: Couldn't flush system prefs: java.util.prefs.BackingStoreException: Couldn't get file lock.
2026-07-21 16:27:15,323 [ERROR] LogOutputStream:75 - [STDERR_REDIRECT] 
2026-07-21 16:27:45,322 [ERROR] LogOutputStream:75 - [STDERR_REDIRECT] Jul 21, 2026 4:27:45 PM java.util.prefs.FileSystemPreferences checkLockFile0ErrorCode
2026-07-21 16:27:45,322 [ERROR] LogOutputStream:75 - [STDERR_REDIRECT] WARNING: Could not lock System prefs. Unix error code 2.
2026-07-21 16:27:45,322 [ERROR] LogOutputStream:75 - [STDERR_REDIRECT] 
2026-07-21 16:27:45,323 [ERROR] LogOutputStream:75 - [STDERR_REDIRECT] Jul 21, 2026 4:27:45 PM java.util.prefs.FileSystemPreferences syncWorld
2026-07-21 16:27:45,323 [ERROR] LogOutputStream:75 - [STDERR_REDIRECT] WARNING: Couldn't flush system prefs: java.util.prefs.BackingStoreException: Couldn't get file lock.
2026-07-21 16:27:45,323 [ERROR] LogOutputStream:75 - [STDERR_REDIRECT] 
2026-07-21 16:28:15,322 [ERROR] LogOutputStream:75 - [STDERR_REDIRECT] Jul 21, 2026 4:28:15 PM java.util.prefs.FileSystemPreferences checkLockFile0ErrorCode
2026-07-21 16:28:15,322 [ERROR] LogOutputStream:75 - [STDERR_REDIRECT] WARNING: Could not lock System prefs. Unix error code 2.
2026-07-21 16:28:15,322 [ERROR] LogOutputStream:75 - [STDERR_REDIRECT] 
2026-07-21 16:28:15,323 [ERROR] LogOutputStream:75 - [STDERR_REDIRECT] Jul 21, 2026 4:28:15 PM java.util.prefs.FileSystemPreferences syncWorld
2026-07-21 16:28:15,323 [ERROR] LogOutputStream:75 - [STDERR_REDIRECT] WARNING: Couldn't flush system prefs: java.util.prefs.BackingStoreException: Couldn't get file lock.
2026-07-21 16:28:15,323 [ERROR] LogOutputStream:75 - [STDERR_REDIRECT] 
2026-07-21 16:28:45,322 [ERROR] LogOutputStream:75 - [STDERR_REDIRECT] Jul 21, 2026 4:28:45 PM java.util.prefs.FileSystemPreferences checkLockFile0ErrorCode
2026-07-21 16:28:45,322 [ERROR] LogOutputStream:75 - [STDERR_REDIRECT] WARNING: Could not lock System prefs. Unix error code 2.
2026-07-21 16:28:45,322 [ERROR] LogOutputStream:75 - [STDERR_REDIRECT] 
2026-07-21 16:28:45,322 [ERROR] LogOutputStream:75 - [STDERR_REDIRECT] Jul 21, 2026 4:28:45 PM java.util.prefs.FileSystemPreferences syncWorld
2026-07-21 16:28:45,322 [ERROR] LogOutputStream:75 - [STDERR_REDIRECT] WARNING: Couldn't flush system prefs: java.util.prefs.BackingStoreException: Couldn't get file lock.
2026-07-21 16:28:45,322 [ERROR] LogOutputStream:75 - [STDERR_REDIRECT] 
2026-07-21 16:29:15,322 [ERROR] LogOutputStream:75 - [STDERR_REDIRECT] Jul 21, 2026 4:29:15 PM java.util.prefs.FileSystemPreferences checkLockFile0ErrorCode
2026-07-21 16:29:15,323 [ERROR] LogOutputStream:75 - [STDERR_REDIRECT] WARNING: Could not lock System prefs. Unix error code 2.
2026-07-21 16:29:15,323 [ERROR] LogOutputStream:75 - [STDERR_REDIRECT] 
2026-07-21 16:29:15,323 [ERROR] LogOutputStream:75 - [STDERR_REDIRECT] Jul 21, 2026 4:29:15 PM java.util.prefs.FileSystemPreferences syncWorld
2026-07-21 16:29:15,323 [ERROR] LogOutputStream:75 - [STDERR_REDIRECT] WARNING: Couldn't flush system prefs: java.util.prefs.BackingStoreException: Couldn't get file lock.
2026-07-21 16:29:15,323 [ERROR] LogOutputStream:75 - [STDERR_REDIRECT] 
2026-07-21 16:29:45,323 [ERROR] LogOutputStream:75 - [STDERR_REDIRECT] Jul 21, 2026 4:29:45 PM java.util.prefs.FileSystemPreferences checkLockFile0ErrorCode
2026-07-21 16:29:45,323 [ERROR] LogOutputStream:75 - [STDERR_REDIRECT] WARNING: Could not lock System prefs. Unix error code 2.
2026-07-21 16:29:45,323 [ERROR] LogOutputStream:75 - [STDERR_REDIRECT] 
2026-07-21 16:29:45,323 [ERROR] LogOutputStream:75 - [STDERR_REDIRECT] Jul 21, 2026 4:29:45 PM java.util.prefs.FileSystemPreferences syncWorld
2026-07-21 16:29:45,323 [ERROR] LogOutputStream:75 - [STDERR_REDIRECT] WARNING: Couldn't flush system prefs: java.util.prefs.BackingStoreException: Couldn't get file lock.
2026-07-21 16:29:45,323 [ERROR] LogOutputStream:75 - [STDERR_REDIRECT] 
2026-07-21 16:29:46,150 [INFO] McuFinderGlobals:63 - Set McuFinder mode to 2 (CubeIDE integrated)
2026-07-21 16:29:46,151 [INFO] MainUpdater:2872 - connection check result : 10
2026-07-21 16:29:46,152 [INFO] McuFinderGlobals:76 - Set McuFinderConnectedMode to true
2026-07-21 16:29:46,706 [INFO] ServerAccessManage:473 - Download File mcusAds.json._tmp_
2026-07-21 16:29:46,813 [INFO] LoadUrlFilesThread:156 - End of LoadUrlFiles Thread
2026-07-21 16:29:47,074 [INFO] ServerAccessManage:473 - Download File cube-finder-db.zip
2026-07-21 16:29:48,960 [INFO] FileExtend:242 - Unzip File : cube-finder-db.zip
2026-07-21 16:29:48,961 [INFO] FileExtend:257 - Standard Zip Deflate
2026-07-21 16:29:49,498 [INFO] LoadUrlFilesThread:156 - End of LoadUrlFiles Thread
2026-07-21 16:30:07,836 [INFO] DbMcusAds:53 - JSON generation date=Wed Jul 15 15:16:00 IST 2026 (1784108760991)
2026-07-21 16:30:07,841 [ERROR] TargetSelectorAdapter:267 - Unable to refresh data
2026-07-21 16:30:07,956 [INFO] ApiDb:581 - Connected to CubeFinder SQLite database (/home/varun/.stmcufinder/plugins/mcufinder/mcu/cube-finder-db.db)
2026-07-21 16:30:08,005 [INFO] ApiDb:668 - CubeFinder database Data Model version=2.1
2026-07-21 16:30:08,005 [INFO] ApiDb:669 - CubeFinder database Configuration version=3.0.42
2026-07-21 16:30:08,006 [INFO] ApiDb:670 - CubeFinder database generation date=2026-06-23 (1782213372)
2026-07-21 16:30:08,006 [INFO] ApiDb:671 - CubeFinder database FW Pack versions=[FP-ATR-ASTRA1_V2.0.0, FP-SNS-FLIGHT1_V5.1.0, FP-SNS-MOTENV1_V5.1.0, FP-SNS-MOTENVWB1_V1.5.0, FP-SNS-SMARTAG2_V1.2.0, FP-SNS-STBOX1_V2.1.0, STM32Cube_FW_C0_V1.4.0, STM32Cube_FW_F4_V1.28.3, STM32Cube_FW_F7_V1.17.4, STM32Cube_FW_G0_V1.6.3, STM32Cube_FW_G4_V1.6.2, STM32Cube_FW_H5_V1.7.0, STM32Cube_FW_H7RS_V1.3.0, STM32Cube_FW_H7_V1.13.0, STM32Cube_FW_L0_V1.12.2, STM32Cube_FW_L4_V1.18.2, STM32Cube_FW_L5_V1.6.0, STM32Cube_FW_N6_V1.4.0, STM32Cube_FW_U0_V1.3.0, STM32Cube_FW_U3_V1.4.0, STM32Cube_FW_U5_V1.9.0, STM32Cube_FW_WB0_V1.5.0, STM32Cube_FW_WBA_V1.10.0, STM32Cube_FW_WB_V1.24.0, STM32Cube_FW_WL3_V1.5.0, STM32Cube_FW_WL_V1.6.0, X-CUBE-ALGOBUILD_V1.5.0, X-CUBE-ALS_V1.0.2, X-CUBE-AZRTOS-F4_V1.1.0, X-CUBE-AZRTOS-F7_V1.1.0, X-CUBE-AZRTOS-G0_V1.1.0, X-CUBE-AZRTOS-G4_V2.0.0, X-CUBE-AZRTOS-H7RS_V1.1.0, X-CUBE-AZRTOS-H7_V3.5.0, X-CUBE-AZRTOS-L4_V2.0.0, X-CUBE-AZRTOS-L5_V2.0.0, X-CUBE-AZRTOS-WB_V2.0.0, X-CUBE-AZRTOS-WL_V2.0.0, X-CUBE-BLE1_V7.1.0, X-CUBE-BLE2_V3.3.0, X-CUBE-BLEMGR_V4.1.0, X-CUBE-EEPRMA1_V5.2.0, X-CUBE-FREERTOS_V1.5.0, X-CUBE-GNSS1_V7.1.1, X-CUBE-MEMS1_V12.1.0, X-CUBE-NFC4_V3.0.0, X-CUBE-NFC7_V2.0.0, X-CUBE-SFXS2LP1_V4.0.0, X-CUBE-ST67W61_V1.3.0, X-CUBE-SUBG2_V5.0.0, X-CUBE-TOF1_V3.4.3]
2026-07-21 16:30:08,045 [INFO] DbBoardsSqlite:226 - include board P-NUCLEO-WB55-NUCLEO as a kit item of type 'Nucleo-64'
2026-07-21 16:30:08,045 [INFO] DbBoardsSqlite:226 - include board P-NUCLEO-WB55-USBDONGLE as a kit item of type 'Nucleo USB Dongle'
2026-07-21 16:30:08,045 [INFO] DbBoardsSqlite:226 - include board STEVAL-IDP005V1 as a kit item of type 'Evaluation Board'
2026-07-21 16:30:08,045 [INFO] DbBoardsSqlite:226 - include board STEVAL-IDP005V2 as a kit item of type 'Evaluation Board'
2026-07-21 16:30:08,086 [INFO] ApiDb:240 - Found 895 in-development CPN: [B-G473E-ZEST1S, B-WB1M-WPAN1, B-WBA5M-WPAN, B-WL5M-SUBG1, NUCLEO-C031C6, NUCLEO-C051C8, NUCLEO-C071RB, NUCLEO-C092RC, NUCLEO-H503RB, NUCLEO-H533RE, NUCLEO-H563ZI, NUCLEO-H7S3L8, NUCLEO-N657X0-Q, NUCLEO-U031R8, NUCLEO-U083RC, NUCLEO-U385RG-Q, NUCLEO-U545RE-Q, NUCLEO-U5A5ZJ-Q, NUCLEO-WB05KZ, NUCLEO-WB07CC, NUCLEO-WB09KE, NUCLEO-WBA52CG, NUCLEO-WBA55CG, NUCLEO-WBA65RI, NUCLEO-WL33CC1, NUCLEO-WL33CC2, STEVAL-PROTEUS1, STEVAL-SMARTAG2, STEVAL-STWINBX1, STM320518-EVAL, STM32C0116-DK, STM32C011D6Y3TR, STM32C011D6Y6TR, STM32C011F4P3, STM32C011F4P6, STM32C011F4U3, STM32C011F4U6TR, STM32C011F6P3, STM32C011F6P6, STM32C011F6U3, STM32C011F6U6TR, STM32C011J4M3, STM32C011J4M6, STM32C011J6M3, STM32C011J6M6, STM32C0316-DK, STM32C031C4T3, STM32C031C4T6, STM32C031C4U3, STM32C031C4U6, STM32C031C6T3, STM32C031C6T6, STM32C031C6U3, STM32C031C6U6, STM32C031F4P3, STM32C031F4P6, STM32C031F6P3, STM32C031F6P6, STM32C031G4U3, STM32C031G4U6, STM32C031G6U3, STM32C031G6U6, STM32C031K4T3, STM32C031K4T6, STM32C031K4U3, STM32C031K4U6, STM32C031K6T3, STM32C031K6T6, STM32C031K6U3, STM32C031K6U6, STM32C051C6T6, STM32C051C6U6, STM32C051C8T6, STM32C051C8U6, STM32C051D8Y6TR, STM32C051F6P6, STM32C051F8P6, STM32C051G6U6, STM32C051G8U6, STM32C051K6T6, STM32C051K6U6, STM32C051K8T6, STM32C071C8T6, STM32C071C8T6N, STM32C071C8U6, STM32C071C8U6N, STM32C071CBT6, STM32C071CBT6N, STM32C071CBU6, STM32C071CBU6N, STM32C071F8P6, STM32C071F8P6N, STM32C071FBP6, STM32C071FBP6N, STM32C071FBY6TR, STM32C071G8U6, STM32C071G8U6N, STM32C071GBU6, STM32C071GBU6N, STM32C071K8T6, STM32C071K8T6N, STM32C071K8U6, STM32C071K8U6N, STM32C071KBT6, STM32C071KBT6N, STM32C071KBU6, STM32C071KBU6N, STM32C071R8T6, STM32C071R8T6N, STM32C071RBI6N, STM32C071RBT6, STM32C071RBT6N, STM32C091CBT6, STM32C091CBU6, STM32C091CCT6, STM32C091CCU6, STM32C091ECY6TR, STM32C091FBP6, STM32C091FCP6, STM32C091GBU6, STM32C091GCU6, STM32C091KBT6, STM32C091KBU6, STM32C091KCT6, STM32C091KCU6, STM32C091RBT6, STM32C091RCI6, STM32C091RCT6, STM32C092CBT6, STM32C092CBU6, STM32C092CCT6, STM32C092CCU6, STM32C092ECY6TR, STM32C092FBP6, STM32C092FCP6, STM32C092GBU6, STM32C092GCU6, STM32C092KBT6, STM32C092KBU6, STM32C092KCT6, STM32C092KCU6, STM32C092RBT6, STM32C092RCI6, STM32C092RCT6, STM32G071K8TXN, STM32G071K8UXN, STM32G081GBU6N, STM32G081KBT6N, STM32G081KBUXN, STM32G0B1CCT6N, STM32G0B1KCT6, STM32G0B1NEY6TR, STM32G0B1RCT6N, STM32G0C1CCT6, STM32G0C1CCT6N, STM32G0C1CCU6N, STM32G0C1CET6N, STM32G0C1CEU6N, STM32G0C1KCT6, STM32G0C1NEY6TR, STM32G0C1RCI6N, STM32G0C1RCT6N, STM32G0C1REI6N, STM32G0C1RET6N, STM32G0C1VCI6, STM32G0C1VEI6, STM32G411C6T3, STM32G411C6T6, STM32G411C6U3, STM32G411C6U6, STM32G411C8T3, STM32G411C8T6, STM32G411C8U3, STM32G411C8U6, STM32G411CBT3, STM32G411CBT6, STM32G411CBU3, STM32G411CBU6, STM32G411CCT3, STM32G411CCT6, STM32G411CCU3, STM32G411CCU6, STM32G411K6T3, STM32G411K6T6, STM32G411K6U3, STM32G411K6U6, STM32G411K8T3, STM32G411K8T6, STM32G411K8U3, STM32G411K8U6, STM32G411KBT3, STM32G411KBT6, STM32G411KBU3, STM32G411KBU6, STM32G411M6T3, STM32G411M6T6, STM32G411M8T3, STM32G411M8T6, STM32G411MBT3, STM32G411MBT6, STM32G411MCT3, STM32G411MCT6, STM32G411R6T3, STM32G411R6T6, STM32G411R8T3, STM32G411R8T6, STM32G411RBT3, STM32G411RBT6, STM32G411RCT3, STM32G411RCT6, STM32G414CBT3, STM32G414CBT6, STM32G414CBU3, STM32G414CBU6, STM32G414CCT3, STM32G414CCT6, STM32G414CCU3, STM32G414CCU6, STM32G414MBT3, STM32G414MBT6, STM32G414MCT3, STM32G414MCT6, STM32G414RBT3, STM32G414RBT6, STM32G414RCT3, STM32G414RCT6, STM32G414VBT3, STM32G414VBT6, STM32G414VCT3, STM32G414VCT6, STM32G431CBT3Z, STM32G431RBT3Z, STM32G471CCT6, STM32G471CCU6, STM32G471CET3, STM32G471CET6, STM32G471CEU3, STM32G471CEU6, STM32G471MCT6, STM32G471MET3, STM32G471MET6, STM32G471MEY6TR, STM32G471QCT6, STM32G471QET3, STM32G471RCT6, STM32G471RET3, STM32G471RET6, STM32G471VCH6, STM32G471VCI6, STM32G471VCT6, STM32G471VEH3, STM32G471VEH6, STM32G471VEI3, STM32G471VEI6, STM32G471VET3, STM32G471VET6, STM32G473QET3Z, STM32G473RET3Z, STM32G474CCT6, STM32G491RET3Z, STM32H503CBT6, STM32H503CBU6, STM32H503EBY6TR, STM32H503KBU6, STM32H503RBT6, STM32H523CCT6, STM32H523CCU6, STM32H523CET6, STM32H523CEU6, STM32H523HEY6TR, STM32H523RCT6, STM32H523RET6, STM32H523VCI6, STM32H523VCT6, STM32H523VEI6, STM32H523VET6, STM32H523ZCJ6, STM32H523ZCT6, STM32H523ZEJ6, STM32H523ZET6, STM32H533CET6, STM32H533CEU6, STM32H533HEY6TR, STM32H533RET6, STM32H533VEI6, STM32H533VET6, STM32H533ZEJ6, STM32H533ZET6, STM32H562AGI6, STM32H562AII6, STM32H562IGK6, STM32H562IGT6, STM32H562IIK6, STM32H562IIT6, STM32H562RGT6, STM32H562RGV6, STM32H562RIT6, STM32H562RIV6, STM32H562VGT6, STM32H562VIT6, STM32H562ZGT6, STM32H562ZIT6, STM32H563AGI6, STM32H563AII3Q, STM32H563AII6, STM32H563IGK6, STM32H563IGT6, STM32H563IIK3Q, STM32H563IIK6, STM32H563IIT3Q, STM32H563IIT6, STM32H563MIY3QTR, STM32H563RGT6, STM32H563RGV6, STM32H563RIT6, STM32H563RIV6, STM32H563VGT6, STM32H563VIT3Q, STM32H563VIT6, STM32H563ZGT6, STM32H563ZIT3Q, STM32H563ZIT6, STM32H573AII3Q, STM32H573AII6, STM32H573I-DK, STM32H573IIK3Q, STM32H573IIK6, STM32H573IIT3Q, STM32H573IIT6, STM32H573MIY3QTR, STM32H573RIT6, STM32H573RIV6, STM32H573VIT3Q, STM32H573VIT6, STM32H573ZIT3Q, STM32H573ZIT6, STM32H7R3A8I6, STM32H7R3I8K6, STM32H7R3I8T6, STM32H7R3L8H6, STM32H7R3L8H6H, STM32H7R3R8V6, STM32H7R3V8H6, STM32H7R3V8T6, STM32H7R3V8Y6TR, STM32H7R3Z8J6, STM32H7R3Z8T6, STM32H7R7A8I6, STM32H7R7I8K6, STM32H7R7I8T6, STM32H7R7L8H6, STM32H7R7L8H6H, STM32H7R7Z8J6, STM32H7S3A8I6, STM32H7S3I8K6, STM32H7S3I8T6, STM32H7S3L8H6, STM32H7S3L8H6H, STM32H7S3R8V6, STM32H7S3V8H6, STM32H7S3V8T6, STM32H7S3V8Y6TR, STM32H7S3Z8J6, STM32H7S3Z8T6, STM32H7S78-DK, STM32H7S7A8I6, STM32H7S7I8K6, STM32H7S7I8T6, STM32H7S7L8H6, STM32H7S7L8H6H, STM32H7S7Z8J6, STM32L4R5QGI6STR, STM32MP131AAE3, STM32MP131AAF3, STM32MP131AAG3, STM32MP131CAE3, STM32MP131CAF3, STM32MP131CAG3, STM32MP131DAE7, STM32MP131DAF7, STM32MP131DAG7, STM32MP131FAE7, STM32MP131FAF7, STM32MP131FAG7, STM32MP133AAE3, STM32MP133AAF3, STM32MP133AAG3, STM32MP133CAE3, STM32MP133CAF3, STM32MP133CAG3, STM32MP133DAE7, STM32MP133DAF7, STM32MP133DAG7, STM32MP133FAE7, STM32MP133FAF7, STM32MP133FAG7, STM32MP135AAE3, STM32MP135AAF3, STM32MP135AAG3, STM32MP135CAE3, STM32MP135CAF3, STM32MP135CAG3, STM32MP135DAE7, STM32MP135DAF7, STM32MP135DAG7, STM32MP135F-DK, STM32MP135FAE7, STM32MP135FAF7, STM32MP135FAF7T, STM32MP135FAF7U, STM32MP135FAG7, STM32MP231AAJ3, STM32MP231AAK3, STM32MP231AAL3, STM32MP231CAJ3, STM32MP231CAK3, STM32MP231CAL3, STM32MP231DAJ3, STM32MP231DAK3, STM32MP231DAL3, STM32MP231FAJ3, STM32MP231FAK3, STM32MP231FAL3, STM32MP233AAJ3, STM32MP233AAK3, STM32MP233AAL3, STM32MP233CAJ3, STM32MP233CAK3, STM32MP233CAL3, STM32MP233DAJ3, STM32MP233DAK3, STM32MP233DAL3, STM32MP233FAJ3, STM32MP233FAK3, STM32MP233FAL3, STM32MP235AAJ3, STM32MP235AAK3, STM32MP235AAL3, STM32MP235CAJ3, STM32MP235CAK3, STM32MP235CAL3, STM32MP235DAJ3, STM32MP235DAK3, STM32MP235DAL3, STM32MP235FAJ3, STM32MP235FAK3, STM32MP235FAL3, STM32MP251AAI3, STM32MP251AAJ3, STM32MP251AAK3, STM32MP251AAL3, STM32MP251CAI3, STM32MP251CAJ3, STM32MP251CAK3, STM32MP251CAL3, STM32MP251DAI3, STM32MP251DAJ3, STM32MP251DAK3, STM32MP251DAL3, STM32MP251FAI3, STM32MP251FAJ3, STM32MP251FAK3, STM32MP251FAL3, STM32MP253AAI3, STM32MP253AAJ3, STM32MP253AAK3, STM32MP253AAL3, STM32MP253CAI3, STM32MP253CAJ3, STM32MP253CAK3, STM32MP253CAL3, STM32MP253DAI3, STM32MP253DAJ3, STM32MP253DAK3, STM32MP253DAL3, STM32MP253FAI3, STM32MP253FAJ3, STM32MP253FAK3, STM32MP253FAL3, STM32MP255AAI3, STM32MP255AAJ3, STM32MP255AAK3, STM32MP255AAL3, STM32MP255CAI3, STM32MP255CAJ3, STM32MP255CAK3, STM32MP255CAL3, STM32MP255DAI3, STM32MP255DAJ3, STM32MP255DAK3, STM32MP255DAL3, STM32MP255FAI3, STM32MP255FAJ3, STM32MP255FAK3, STM32MP255FAL3, STM32MP257AAI3, STM32MP257AAJ3, STM32MP257AAK3, STM32MP257AAL3, STM32MP257CAI3, STM32MP257CAJ3, STM32MP257CAK3, STM32MP257CAL3, STM32MP257DAI3, STM32MP257DAJ3, STM32MP257DAK3, STM32MP257DAL3, STM32MP257F-DK, STM32MP257F-EV1, STM32MP257FAI3, STM32MP257FAJ3, STM32MP257FAK3, STM32MP257FAL3, STM32N645A0H3Q, STM32N645B0H3Q, STM32N645I0H3Q, STM32N645L0H3Q, STM32N645X0H3Q, STM32N645Z0H3Q, STM32N647A0H3Q, STM32N647B0H3Q, STM32N647I0H3Q, STM32N647L0H3Q, STM32N647X0H3Q, STM32N647Z0H3Q, STM32N655A0H3Q, STM32N655B0H3Q, STM32N655I0H3Q, STM32N655L0H3Q, STM32N655X0H3Q, STM32N655Z0H3Q, STM32N6570-DK, STM32N657A0H3Q, STM32N657B0H3Q, STM32N657I0H3Q, STM32N657L0H3Q, STM32N657X0H3Q, STM32N657Z0H3Q, STM32U031C6T6, STM32U031C6U6, STM32U031C8T6, STM32U031C8U6, STM32U031F4P6, STM32U031F6P6, STM32U031F8P6, STM32U031G6Y6TR, STM32U031G8Y6TR, STM32U031K4U6, STM32U031K6U6, STM32U031K8U6, STM32U031R6I6, STM32U031R6T6, STM32U031R8I6, STM32U031R8T6, STM32U073C8T6, STM32U073C8U6, STM32U073CBT6, STM32U073CBU6, STM32U073CCT6, STM32U073CCU6, STM32U073H8Y6TR, STM32U073HBY6TR, STM32U073HCY6TR, STM32U073K8U6, STM32U073KBU6, STM32U073KCU6, STM32U073M8I6, STM32U073M8T6, STM32U073MBI6, STM32U073MBT6, STM32U073MCI6, STM32U073MCT6, STM32U073R8I6, STM32U073R8T6, STM32U073RBI6, STM32U073RBT6, STM32U073RCI6, STM32U073RCT6, STM32U083C-DK, STM32U083CCT6, STM32U083CCU6, STM32U083HCY6TR, STM32U083KCU6, STM32U083MCI6, STM32U083MCT6, STM32U083RCI6, STM32U083RCT6, STM32U375CET6, STM32U375CET6Q, STM32U375CEU6, STM32U375CEU6Q, STM32U375CEY6QTR, STM32U375CGT6, STM32U375CGT6Q, STM32U375CGU6, STM32U375CGU6Q, STM32U375CGY6QTR, STM32U375KEU6, STM32U375KGU6, STM32U375REI6, STM32U375REI6Q, STM32U375RET6, STM32U375RET6Q, STM32U375REY6GTR, STM32U375REY6QTR, STM32U375RGI6, STM32U375RGI6Q, STM32U375RGT6, STM32U375RGT6Q, STM32U375RGY6GTR, STM32U375RGY6QTR, STM32U375VEI6, STM32U375VEI6Q, STM32U375VET6, STM32U375VET6Q, STM32U375VGI6, STM32U375VGI6Q, STM32U375VGT6, STM32U375VGT6Q, STM32U385CGT6, STM32U385CGT6Q, STM32U385CGU6, STM32U385CGU6Q, STM32U385CGY6QTR, STM32U385KGU6, STM32U385RGI6, STM32U385RGI6Q, STM32U385RGT6, STM32U385RGT6Q, STM32U385RGY6GTR, STM32U385RGY6QTR, STM32U385VGI6, STM32U385VGI6Q, STM32U385VGT6, STM32U385VGT6Q, STM32U535CBT6, STM32U535CBT6Q, STM32U535CBU6, STM32U535CBU6Q, STM32U535CCT6, STM32U535CCT6Q, STM32U535CCU6, STM32U535CCU6Q, STM32U535CET6, STM32U535CET6Q, STM32U535CEU6, STM32U535CEU6Q, STM32U535JEY6QTR, STM32U535NCY6QTR, STM32U535NEY6QTR, STM32U535RBI6, STM32U535RBI6Q, STM32U535RBT6, STM32U535RBT6Q, STM32U535RCI6, STM32U535RCI6Q, STM32U535RCT6, STM32U535RCT6Q, STM32U535REI6, STM32U535REI6Q, STM32U535RET6, STM32U535RET6Q, STM32U535VCI6, STM32U535VCI6Q, STM32U535VCT6, STM32U535VCT6Q, STM32U535VEI6, STM32U535VEI6Q, STM32U535VET6, STM32U535VET6Q, STM32U545CET6, STM32U545CET6Q, STM32U545CEU6, STM32U545CEU6Q, STM32U545JEY6QTR, STM32U545NEY6QTR, STM32U545REI6, STM32U545REI6Q, STM32U545RET6, STM32U545RET6Q, STM32U545VEI6, STM32U545VEI6Q, STM32U545VET6, STM32U545VET6Q, STM32U595AIH6, STM32U595AIH6Q, STM32U595AJH6, STM32U595AJH6Q, STM32U595QII6, STM32U595QII6Q, STM32U595QJI6, STM32U595QJI6Q, STM32U595RIT6, STM32U595RIT6Q, STM32U595RJT6, STM32U595RJT6Q, STM32U595VIT6, STM32U595VIT6Q, STM32U595VJT6, STM32U595VJT6Q, STM32U595ZIT6, STM32U595ZIT6Q, STM32U595ZIY6QTR, STM32U595ZJT6, STM32U595ZJT6Q, STM32U595ZJY6QTR, STM32U599BJY6QTR, STM32U599NIH6Q, STM32U599NJH6Q, STM32U599VIT6Q, STM32U599VJT6, STM32U599VJT6Q, STM32U599ZIT6Q, STM32U599ZIY6QTR, STM32U599ZJT6Q, STM32U599ZJY6QTR, STM32U5A5AJH6, STM32U5A5AJH6Q, STM32U5A5QII3Q , STM32U5A5QJI6, STM32U5A5QJI6Q, STM32U5A5RJT6, STM32U5A5RJT6Q, STM32U5A5VJT6, STM32U5A5VJT6Q, STM32U5A5ZJT6, STM32U5A5ZJT6Q, STM32U5A5ZJY6QTR, STM32U5A9BJY6QTR, STM32U5A9J-DK, STM32U5A9NJH6Q, STM32U5A9VJT6Q, STM32U5A9ZJT6Q, STM32U5A9ZJY6QTR, STM32U5F7VIT6, STM32U5F7VIT6Q, STM32U5F7VJT6, STM32U5F7VJT6Q, STM32U5F9BJY6QTR, STM32U5F9NJH6Q, STM32U5F9VIT6Q, STM32U5F9VJT6Q, STM32U5F9ZIJ6QTR, STM32U5F9ZIT6Q, STM32U5F9ZJJ6QTR, STM32U5F9ZJT6Q, STM32U5G7VJT6, STM32U5G7VJT6Q, STM32U5G9BJY6QTR, STM32U5G9J-DK1, STM32U5G9J-DK2, STM32U5G9NJH6Q, STM32U5G9VJT6Q, STM32U5G9ZJJ6QTR, STM32U5G9ZJT6Q, STM32WB05KZV6TR, STM32WB05KZV7TR, STM32WB05TZF6TR, STM32WB05TZF7TR, STM32WB06CCF6TR, STM32WB06CCF7TR, STM32WB06CCV6TR, STM32WB06CCV7TR, STM32WB06KCV6TR, STM32WB06KCV7TR, STM32WB07CCF6TR, STM32WB07CCF7TR, STM32WB07CCV6TR, STM32WB07CCV7TR, STM32WB07KCV6TR, STM32WB07KCV7TR, STM32WB09KEV6TR, STM32WB09KEV7TR, STM32WB09TEF6TR, STM32WB09TEF7TR, STM32WB1MMCH6, STM32WBA50KGU6, STM32WBA50KGU6TR, STM32WBA52CEU6, STM32WBA52CEU6TR, STM32WBA52CEU7, STM32WBA52CEU7TR, STM32WBA52CGU6, STM32WBA52CGU6TR, STM32WBA52CGU6U, STM32WBA52CGU7, STM32WBA52CGU7TR, STM32WBA52KEU6, STM32WBA52KEU6TR, STM32WBA52KGU6, STM32WBA52KGU6TR, STM32WBA54CEU6, STM32WBA54CEU6TR, STM32WBA54CEU7, STM32WBA54CEU7TR, STM32WBA54CGU6, STM32WBA54CGU6TR, STM32WBA54CGU7, STM32WBA54CGU7TR, STM32WBA54KEU6, STM32WBA54KEU6TR, STM32WBA54KEU7, STM32WBA54KEU7TR, STM32WBA54KGU6, STM32WBA54KGU6TR, STM32WBA54KGU7, STM32WBA54KGU7TR, STM32WBA55CEU6, STM32WBA55CEU6TR, STM32WBA55CEU7, STM32WBA55CEU7TR, STM32WBA55CGU6, STM32WBA55CGU6TR, STM32WBA55CGU6U, STM32WBA55CGU7, STM32WBA55CGU7TR, STM32WBA55G-DK1, STM32WBA55HEF6, STM32WBA55HEF7, STM32WBA55HGF6, STM32WBA55HGF7, STM32WBA55UEI6, STM32WBA55UEI6TR, STM32WBA55UEI7, STM32WBA55UEI7TR, STM32WBA55UGI6, STM32WBA55UGI6TR, STM32WBA55UGI7, STM32WBA55UGI7TR, STM32WBA5MJGH6TR, STM32WBA62CGU6, STM32WBA62CIU6, STM32WBA62MGF6, STM32WBA62MIF6, STM32WBA62PGI6, STM32WBA62PII6, STM32WBA63CGU6, STM32WBA63CGU7, STM32WBA63CIU6, STM32WBA63CIU7, STM32WBA64CGU6, STM32WBA64CGU7, STM32WBA64CIU6, STM32WBA64CIU7, STM32WBA65CGU6, STM32WBA65CGU7, STM32WBA65CIU6, STM32WBA65CIU7, STM32WBA65I-DK1, STM32WBA65MGF6, STM32WBA65MGF7, STM32WBA65MIF6, STM32WBA65MIF7, STM32WBA65PGI6, STM32WBA65PGI7, STM32WBA65PII6, STM32WBA65PII7, STM32WBA65RGV6, STM32WBA65RGV7, STM32WBA65RIV6, STM32WBA65RIV7, STM32WL30K8V6, STM32WL30KBV6, STM32WL31C8V6, STM32WL31CBV6, STM32WL31K8V6, STM32WL31KBV6, STM32WL33C8V6, STM32WL33C8V6TR, STM32WL33C8V7, STM32WL33C8V7TR, STM32WL33CBV6, STM32WL33CBV6TR, STM32WL33CBV7, STM32WL33CBV7TR, STM32WL33CCV6, STM32WL33CCV6TR, STM32WL33CCV7, STM32WL33CCV7A, STM32WL33CCV7ATR, STM32WL33CCV7TR, STM32WL33K8V6, STM32WL33K8V6TR, STM32WL33K8V7, STM32WL33K8V7TR, STM32WL33KBV6, STM32WL33KBV6TR, STM32WL33KBV7, STM32WL33KBV7TR, STM32WL33KCV6, STM32WL33KCV6TR, STM32WL33KCV7, STM32WL33KCV7TR, STM32WL5MOCH6, STM32WL5MOCH6TR]
2026-07-21 16:30:08,089 [INFO] ApiDb:668 - CubeFinder database Data Model version=2.1
2026-07-21 16:30:08,089 [INFO] ApiDb:669 - CubeFinder database Configuration version=3.0.42
2026-07-21 16:30:08,089 [INFO] ApiDb:670 - CubeFinder database generation date=2026-06-23 (1782213372)
2026-07-21 16:30:08,089 [INFO] ApiDb:671 - CubeFinder database FW Pack versions=[FP-ATR-ASTRA1_V2.0.0, FP-SNS-FLIGHT1_V5.1.0, FP-SNS-MOTENV1_V5.1.0, FP-SNS-MOTENVWB1_V1.5.0, FP-SNS-SMARTAG2_V1.2.0, FP-SNS-STBOX1_V2.1.0, STM32Cube_FW_C0_V1.4.0, STM32Cube_FW_F4_V1.28.3, STM32Cube_FW_F7_V1.17.4, STM32Cube_FW_G0_V1.6.3, STM32Cube_FW_G4_V1.6.2, STM32Cube_FW_H5_V1.7.0, STM32Cube_FW_H7RS_V1.3.0, STM32Cube_FW_H7_V1.13.0, STM32Cube_FW_L0_V1.12.2, STM32Cube_FW_L4_V1.18.2, STM32Cube_FW_L5_V1.6.0, STM32Cube_FW_N6_V1.4.0, STM32Cube_FW_U0_V1.3.0, STM32Cube_FW_U3_V1.4.0, STM32Cube_FW_U5_V1.9.0, STM32Cube_FW_WB0_V1.5.0, STM32Cube_FW_WBA_V1.10.0, STM32Cube_FW_WB_V1.24.0, STM32Cube_FW_WL3_V1.5.0, STM32Cube_FW_WL_V1.6.0, X-CUBE-ALGOBUILD_V1.5.0, X-CUBE-ALS_V1.0.2, X-CUBE-AZRTOS-F4_V1.1.0, X-CUBE-AZRTOS-F7_V1.1.0, X-CUBE-AZRTOS-G0_V1.1.0, X-CUBE-AZRTOS-G4_V2.0.0, X-CUBE-AZRTOS-H7RS_V1.1.0, X-CUBE-AZRTOS-H7_V3.5.0, X-CUBE-AZRTOS-L4_V2.0.0, X-CUBE-AZRTOS-L5_V2.0.0, X-CUBE-AZRTOS-WB_V2.0.0, X-CUBE-AZRTOS-WL_V2.0.0, X-CUBE-BLE1_V7.1.0, X-CUBE-BLE2_V3.3.0, X-CUBE-BLEMGR_V4.1.0, X-CUBE-EEPRMA1_V5.2.0, X-CUBE-FREERTOS_V1.5.0, X-CUBE-GNSS1_V7.1.1, X-CUBE-MEMS1_V12.1.0, X-CUBE-NFC4_V3.0.0, X-CUBE-NFC7_V2.0.0, X-CUBE-SFXS2LP1_V4.0.0, X-CUBE-ST67W61_V1.3.0, X-CUBE-SUBG2_V5.0.0, X-CUBE-TOF1_V3.4.3]
2026-07-21 16:30:09,862 [INFO] ApiDb:240 - Found 895 in-development CPN: [B-G473E-ZEST1S, B-WB1M-WPAN1, B-WBA5M-WPAN, B-WL5M-SUBG1, NUCLEO-C031C6, NUCLEO-C051C8, NUCLEO-C071RB, NUCLEO-C092RC, NUCLEO-H503RB, NUCLEO-H533RE, NUCLEO-H563ZI, NUCLEO-H7S3L8, NUCLEO-N657X0-Q, NUCLEO-U031R8, NUCLEO-U083RC, NUCLEO-U385RG-Q, NUCLEO-U545RE-Q, NUCLEO-U5A5ZJ-Q, NUCLEO-WB05KZ, NUCLEO-WB07CC, NUCLEO-WB09KE, NUCLEO-WBA52CG, NUCLEO-WBA55CG, NUCLEO-WBA65RI, NUCLEO-WL33CC1, NUCLEO-WL33CC2, STEVAL-PROTEUS1, STEVAL-SMARTAG2, STEVAL-STWINBX1, STM320518-EVAL, STM32C0116-DK, STM32C011D6Y3TR, STM32C011D6Y6TR, STM32C011F4P3, STM32C011F4P6, STM32C011F4U3, STM32C011F4U6TR, STM32C011F6P3, STM32C011F6P6, STM32C011F6U3, STM32C011F6U6TR, STM32C011J4M3, STM32C011J4M6, STM32C011J6M3, STM32C011J6M6, STM32C0316-DK, STM32C031C4T3, STM32C031C4T6, STM32C031C4U3, STM32C031C4U6, STM32C031C6T3, STM32C031C6T6, STM32C031C6U3, STM32C031C6U6, STM32C031F4P3, STM32C031F4P6, STM32C031F6P3, STM32C031F6P6, STM32C031G4U3, STM32C031G4U6, STM32C031G6U3, STM32C031G6U6, STM32C031K4T3, STM32C031K4T6, STM32C031K4U3, STM32C031K4U6, STM32C031K6T3, STM32C031K6T6, STM32C031K6U3, STM32C031K6U6, STM32C051C6T6, STM32C051C6U6, STM32C051C8T6, STM32C051C8U6, STM32C051D8Y6TR, STM32C051F6P6, STM32C051F8P6, STM32C051G6U6, STM32C051G8U6, STM32C051K6T6, STM32C051K6U6, STM32C051K8T6, STM32C071C8T6, STM32C071C8T6N, STM32C071C8U6, STM32C071C8U6N, STM32C071CBT6, STM32C071CBT6N, STM32C071CBU6, STM32C071CBU6N, STM32C071F8P6, STM32C071F8P6N, STM32C071FBP6, STM32C071FBP6N, STM32C071FBY6TR, STM32C071G8U6, STM32C071G8U6N, STM32C071GBU6, STM32C071GBU6N, STM32C071K8T6, STM32C071K8T6N, STM32C071K8U6, STM32C071K8U6N, STM32C071KBT6, STM32C071KBT6N, STM32C071KBU6, STM32C071KBU6N, STM32C071R8T6, STM32C071R8T6N, STM32C071RBI6N, STM32C071RBT6, STM32C071RBT6N, STM32C091CBT6, STM32C091CBU6, STM32C091CCT6, STM32C091CCU6, STM32C091ECY6TR, STM32C091FBP6, STM32C091FCP6, STM32C091GBU6, STM32C091GCU6, STM32C091KBT6, STM32C091KBU6, STM32C091KCT6, STM32C091KCU6, STM32C091RBT6, STM32C091RCI6, STM32C091RCT6, STM32C092CBT6, STM32C092CBU6, STM32C092CCT6, STM32C092CCU6, STM32C092ECY6TR, STM32C092FBP6, STM32C092FCP6, STM32C092GBU6, STM32C092GCU6, STM32C092KBT6, STM32C092KBU6, STM32C092KCT6, STM32C092KCU6, STM32C092RBT6, STM32C092RCI6, STM32C092RCT6, STM32G071K8TXN, STM32G071K8UXN, STM32G081GBU6N, STM32G081KBT6N, STM32G081KBUXN, STM32G0B1CCT6N, STM32G0B1KCT6, STM32G0B1NEY6TR, STM32G0B1RCT6N, STM32G0C1CCT6, STM32G0C1CCT6N, STM32G0C1CCU6N, STM32G0C1CET6N, STM32G0C1CEU6N, STM32G0C1KCT6, STM32G0C1NEY6TR, STM32G0C1RCI6N, STM32G0C1RCT6N, STM32G0C1REI6N, STM32G0C1RET6N, STM32G0C1VCI6, STM32G0C1VEI6, STM32G411C6T3, STM32G411C6T6, STM32G411C6U3, STM32G411C6U6, STM32G411C8T3, STM32G411C8T6, STM32G411C8U3, STM32G411C8U6, STM32G411CBT3, STM32G411CBT6, STM32G411CBU3, STM32G411CBU6, STM32G411CCT3, STM32G411CCT6, STM32G411CCU3, STM32G411CCU6, STM32G411K6T3, STM32G411K6T6, STM32G411K6U3, STM32G411K6U6, STM32G411K8T3, STM32G411K8T6, STM32G411K8U3, STM32G411K8U6, STM32G411KBT3, STM32G411KBT6, STM32G411KBU3, STM32G411KBU6, STM32G411M6T3, STM32G411M6T6, STM32G411M8T3, STM32G411M8T6, STM32G411MBT3, STM32G411MBT6, STM32G411MCT3, STM32G411MCT6, STM32G411R6T3, STM32G411R6T6, STM32G411R8T3, STM32G411R8T6, STM32G411RBT3, STM32G411RBT6, STM32G411RCT3, STM32G411RCT6, STM32G414CBT3, STM32G414CBT6, STM32G414CBU3, STM32G414CBU6, STM32G414CCT3, STM32G414CCT6, STM32G414CCU3, STM32G414CCU6, STM32G414MBT3, STM32G414MBT6, STM32G414MCT3, STM32G414MCT6, STM32G414RBT3, STM32G414RBT6, STM32G414RCT3, STM32G414RCT6, STM32G414VBT3, STM32G414VBT6, STM32G414VCT3, STM32G414VCT6, STM32G431CBT3Z, STM32G431RBT3Z, STM32G471CCT6, STM32G471CCU6, STM32G471CET3, STM32G471CET6, STM32G471CEU3, STM32G471CEU6, STM32G471MCT6, STM32G471MET3, STM32G471MET6, STM32G471MEY6TR, STM32G471QCT6, STM32G471QET3, STM32G471RCT6, STM32G471RET3, STM32G471RET6, STM32G471VCH6, STM32G471VCI6, STM32G471VCT6, STM32G471VEH3, STM32G471VEH6, STM32G471VEI3, STM32G471VEI6, STM32G471VET3, STM32G471VET6, STM32G473QET3Z, STM32G473RET3Z, STM32G474CCT6, STM32G491RET3Z, STM32H503CBT6, STM32H503CBU6, STM32H503EBY6TR, STM32H503KBU6, STM32H503RBT6, STM32H523CCT6, STM32H523CCU6, STM32H523CET6, STM32H523CEU6, STM32H523HEY6TR, STM32H523RCT6, STM32H523RET6, STM32H523VCI6, STM32H523VCT6, STM32H523VEI6, STM32H523VET6, STM32H523ZCJ6, STM32H523ZCT6, STM32H523ZEJ6, STM32H523ZET6, STM32H533CET6, STM32H533CEU6, STM32H533HEY6TR, STM32H533RET6, STM32H533VEI6, STM32H533VET6, STM32H533ZEJ6, STM32H533ZET6, STM32H562AGI6, STM32H562AII6, STM32H562IGK6, STM32H562IGT6, STM32H562IIK6, STM32H562IIT6, STM32H562RGT6, STM32H562RGV6, STM32H562RIT6, STM32H562RIV6, STM32H562VGT6, STM32H562VIT6, STM32H562ZGT6, STM32H562ZIT6, STM32H563AGI6, STM32H563AII3Q, STM32H563AII6, STM32H563IGK6, STM32H563IGT6, STM32H563IIK3Q, STM32H563IIK6, STM32H563IIT3Q, STM32H563IIT6, STM32H563MIY3QTR, STM32H563RGT6, STM32H563RGV6, STM32H563RIT6, STM32H563RIV6, STM32H563VGT6, STM32H563VIT3Q, STM32H563VIT6, STM32H563ZGT6, STM32H563ZIT3Q, STM32H563ZIT6, STM32H573AII3Q, STM32H573AII6, STM32H573I-DK, STM32H573IIK3Q, STM32H573IIK6, STM32H573IIT3Q, STM32H573IIT6, STM32H573MIY3QTR, STM32H573RIT6, STM32H573RIV6, STM32H573VIT3Q, STM32H573VIT6, STM32H573ZIT3Q, STM32H573ZIT6, STM32H7R3A8I6, STM32H7R3I8K6, STM32H7R3I8T6, STM32H7R3L8H6, STM32H7R3L8H6H, STM32H7R3R8V6, STM32H7R3V8H6, STM32H7R3V8T6, STM32H7R3V8Y6TR, STM32H7R3Z8J6, STM32H7R3Z8T6, STM32H7R7A8I6, STM32H7R7I8K6, STM32H7R7I8T6, STM32H7R7L8H6, STM32H7R7L8H6H, STM32H7R7Z8J6, STM32H7S3A8I6, STM32H7S3I8K6, STM32H7S3I8T6, STM32H7S3L8H6, STM32H7S3L8H6H, STM32H7S3R8V6, STM32H7S3V8H6, STM32H7S3V8T6, STM32H7S3V8Y6TR, STM32H7S3Z8J6, STM32H7S3Z8T6, STM32H7S78-DK, STM32H7S7A8I6, STM32H7S7I8K6, STM32H7S7I8T6, STM32H7S7L8H6, STM32H7S7L8H6H, STM32H7S7Z8J6, STM32L4R5QGI6STR, STM32MP131AAE3, STM32MP131AAF3, STM32MP131AAG3, STM32MP131CAE3, STM32MP131CAF3, STM32MP131CAG3, STM32MP131DAE7, STM32MP131DAF7, STM32MP131DAG7, STM32MP131FAE7, STM32MP131FAF7, STM32MP131FAG7, STM32MP133AAE3, STM32MP133AAF3, STM32MP133AAG3, STM32MP133CAE3, STM32MP133CAF3, STM32MP133CAG3, STM32MP133DAE7, STM32MP133DAF7, STM32MP133DAG7, STM32MP133FAE7, STM32MP133FAF7, STM32MP133FAG7, STM32MP135AAE3, STM32MP135AAF3, STM32MP135AAG3, STM32MP135CAE3, STM32MP135CAF3, STM32MP135CAG3, STM32MP135DAE7, STM32MP135DAF7, STM32MP135DAG7, STM32MP135F-DK, STM32MP135FAE7, STM32MP135FAF7, STM32MP135FAF7T, STM32MP135FAF7U, STM32MP135FAG7, STM32MP231AAJ3, STM32MP231AAK3, STM32MP231AAL3, STM32MP231CAJ3, STM32MP231CAK3, STM32MP231CAL3, STM32MP231DAJ3, STM32MP231DAK3, STM32MP231DAL3, STM32MP231FAJ3, STM32MP231FAK3, STM32MP231FAL3, STM32MP233AAJ3, STM32MP233AAK3, STM32MP233AAL3, STM32MP233CAJ3, STM32MP233CAK3, STM32MP233CAL3, STM32MP233DAJ3, STM32MP233DAK3, STM32MP233DAL3, STM32MP233FAJ3, STM32MP233FAK3, STM32MP233FAL3, STM32MP235AAJ3, STM32MP235AAK3, STM32MP235AAL3, STM32MP235CAJ3, STM32MP235CAK3, STM32MP235CAL3, STM32MP235DAJ3, STM32MP235DAK3, STM32MP235DAL3, STM32MP235FAJ3, STM32MP235FAK3, STM32MP235FAL3, STM32MP251AAI3, STM32MP251AAJ3, STM32MP251AAK3, STM32MP251AAL3, STM32MP251CAI3, STM32MP251CAJ3, STM32MP251CAK3, STM32MP251CAL3, STM32MP251DAI3, STM32MP251DAJ3, STM32MP251DAK3, STM32MP251DAL3, STM32MP251FAI3, STM32MP251FAJ3, STM32MP251FAK3, STM32MP251FAL3, STM32MP253AAI3, STM32MP253AAJ3, STM32MP253AAK3, STM32MP253AAL3, STM32MP253CAI3, STM32MP253CAJ3, STM32MP253CAK3, STM32MP253CAL3, STM32MP253DAI3, STM32MP253DAJ3, STM32MP253DAK3, STM32MP253DAL3, STM32MP253FAI3, STM32MP253FAJ3, STM32MP253FAK3, STM32MP253FAL3, STM32MP255AAI3, STM32MP255AAJ3, STM32MP255AAK3, STM32MP255AAL3, STM32MP255CAI3, STM32MP255CAJ3, STM32MP255CAK3, STM32MP255CAL3, STM32MP255DAI3, STM32MP255DAJ3, STM32MP255DAK3, STM32MP255DAL3, STM32MP255FAI3, STM32MP255FAJ3, STM32MP255FAK3, STM32MP255FAL3, STM32MP257AAI3, STM32MP257AAJ3, STM32MP257AAK3, STM32MP257AAL3, STM32MP257CAI3, STM32MP257CAJ3, STM32MP257CAK3, STM32MP257CAL3, STM32MP257DAI3, STM32MP257DAJ3, STM32MP257DAK3, STM32MP257DAL3, STM32MP257F-DK, STM32MP257F-EV1, STM32MP257FAI3, STM32MP257FAJ3, STM32MP257FAK3, STM32MP257FAL3, STM32N645A0H3Q, STM32N645B0H3Q, STM32N645I0H3Q, STM32N645L0H3Q, STM32N645X0H3Q, STM32N645Z0H3Q, STM32N647A0H3Q, STM32N647B0H3Q, STM32N647I0H3Q, STM32N647L0H3Q, STM32N647X0H3Q, STM32N647Z0H3Q, STM32N655A0H3Q, STM32N655B0H3Q, STM32N655I0H3Q, STM32N655L0H3Q, STM32N655X0H3Q, STM32N655Z0H3Q, STM32N6570-DK, STM32N657A0H3Q, STM32N657B0H3Q, STM32N657I0H3Q, STM32N657L0H3Q, STM32N657X0H3Q, STM32N657Z0H3Q, STM32U031C6T6, STM32U031C6U6, STM32U031C8T6, STM32U031C8U6, STM32U031F4P6, STM32U031F6P6, STM32U031F8P6, STM32U031G6Y6TR, STM32U031G8Y6TR, STM32U031K4U6, STM32U031K6U6, STM32U031K8U6, STM32U031R6I6, STM32U031R6T6, STM32U031R8I6, STM32U031R8T6, STM32U073C8T6, STM32U073C8U6, STM32U073CBT6, STM32U073CBU6, STM32U073CCT6, STM32U073CCU6, STM32U073H8Y6TR, STM32U073HBY6TR, STM32U073HCY6TR, STM32U073K8U6, STM32U073KBU6, STM32U073KCU6, STM32U073M8I6, STM32U073M8T6, STM32U073MBI6, STM32U073MBT6, STM32U073MCI6, STM32U073MCT6, STM32U073R8I6, STM32U073R8T6, STM32U073RBI6, STM32U073RBT6, STM32U073RCI6, STM32U073RCT6, STM32U083C-DK, STM32U083CCT6, STM32U083CCU6, STM32U083HCY6TR, STM32U083KCU6, STM32U083MCI6, STM32U083MCT6, STM32U083RCI6, STM32U083RCT6, STM32U375CET6, STM32U375CET6Q, STM32U375CEU6, STM32U375CEU6Q, STM32U375CEY6QTR, STM32U375CGT6, STM32U375CGT6Q, STM32U375CGU6, STM32U375CGU6Q, STM32U375CGY6QTR, STM32U375KEU6, STM32U375KGU6, STM32U375REI6, STM32U375REI6Q, STM32U375RET6, STM32U375RET6Q, STM32U375REY6GTR, STM32U375REY6QTR, STM32U375RGI6, STM32U375RGI6Q, STM32U375RGT6, STM32U375RGT6Q, STM32U375RGY6GTR, STM32U375RGY6QTR, STM32U375VEI6, STM32U375VEI6Q, STM32U375VET6, STM32U375VET6Q, STM32U375VGI6, STM32U375VGI6Q, STM32U375VGT6, STM32U375VGT6Q, STM32U385CGT6, STM32U385CGT6Q, STM32U385CGU6, STM32U385CGU6Q, STM32U385CGY6QTR, STM32U385KGU6, STM32U385RGI6, STM32U385RGI6Q, STM32U385RGT6, STM32U385RGT6Q, STM32U385RGY6GTR, STM32U385RGY6QTR, STM32U385VGI6, STM32U385VGI6Q, STM32U385VGT6, STM32U385VGT6Q, STM32U535CBT6, STM32U535CBT6Q, STM32U535CBU6, STM32U535CBU6Q, STM32U535CCT6, STM32U535CCT6Q, STM32U535CCU6, STM32U535CCU6Q, STM32U535CET6, STM32U535CET6Q, STM32U535CEU6, STM32U535CEU6Q, STM32U535JEY6QTR, STM32U535NCY6QTR, STM32U535NEY6QTR, STM32U535RBI6, STM32U535RBI6Q, STM32U535RBT6, STM32U535RBT6Q, STM32U535RCI6, STM32U535RCI6Q, STM32U535RCT6, STM32U535RCT6Q, STM32U535REI6, STM32U535REI6Q, STM32U535RET6, STM32U535RET6Q, STM32U535VCI6, STM32U535VCI6Q, STM32U535VCT6, STM32U535VCT6Q, STM32U535VEI6, STM32U535VEI6Q, STM32U535VET6, STM32U535VET6Q, STM32U545CET6, STM32U545CET6Q, STM32U545CEU6, STM32U545CEU6Q, STM32U545JEY6QTR, STM32U545NEY6QTR, STM32U545REI6, STM32U545REI6Q, STM32U545RET6, STM32U545RET6Q, STM32U545VEI6, STM32U545VEI6Q, STM32U545VET6, STM32U545VET6Q, STM32U595AIH6, STM32U595AIH6Q, STM32U595AJH6, STM32U595AJH6Q, STM32U595QII6, STM32U595QII6Q, STM32U595QJI6, STM32U595QJI6Q, STM32U595RIT6, STM32U595RIT6Q, STM32U595RJT6, STM32U595RJT6Q, STM32U595VIT6, STM32U595VIT6Q, STM32U595VJT6, STM32U595VJT6Q, STM32U595ZIT6, STM32U595ZIT6Q, STM32U595ZIY6QTR, STM32U595ZJT6, STM32U595ZJT6Q, STM32U595ZJY6QTR, STM32U599BJY6QTR, STM32U599NIH6Q, STM32U599NJH6Q, STM32U599VIT6Q, STM32U599VJT6, STM32U599VJT6Q, STM32U599ZIT6Q, STM32U599ZIY6QTR, STM32U599ZJT6Q, STM32U599ZJY6QTR, STM32U5A5AJH6, STM32U5A5AJH6Q, STM32U5A5QII3Q , STM32U5A5QJI6, STM32U5A5QJI6Q, STM32U5A5RJT6, STM32U5A5RJT6Q, STM32U5A5VJT6, STM32U5A5VJT6Q, STM32U5A5ZJT6, STM32U5A5ZJT6Q, STM32U5A5ZJY6QTR, STM32U5A9BJY6QTR, STM32U5A9J-DK, STM32U5A9NJH6Q, STM32U5A9VJT6Q, STM32U5A9ZJT6Q, STM32U5A9ZJY6QTR, STM32U5F7VIT6, STM32U5F7VIT6Q, STM32U5F7VJT6, STM32U5F7VJT6Q, STM32U5F9BJY6QTR, STM32U5F9NJH6Q, STM32U5F9VIT6Q, STM32U5F9VJT6Q, STM32U5F9ZIJ6QTR, STM32U5F9ZIT6Q, STM32U5F9ZJJ6QTR, STM32U5F9ZJT6Q, STM32U5G7VJT6, STM32U5G7VJT6Q, STM32U5G9BJY6QTR, STM32U5G9J-DK1, STM32U5G9J-DK2, STM32U5G9NJH6Q, STM32U5G9VJT6Q, STM32U5G9ZJJ6QTR, STM32U5G9ZJT6Q, STM32WB05KZV6TR, STM32WB05KZV7TR, STM32WB05TZF6TR, STM32WB05TZF7TR, STM32WB06CCF6TR, STM32WB06CCF7TR, STM32WB06CCV6TR, STM32WB06CCV7TR, STM32WB06KCV6TR, STM32WB06KCV7TR, STM32WB07CCF6TR, STM32WB07CCF7TR, STM32WB07CCV6TR, STM32WB07CCV7TR, STM32WB07KCV6TR, STM32WB07KCV7TR, STM32WB09KEV6TR, STM32WB09KEV7TR, STM32WB09TEF6TR, STM32WB09TEF7TR, STM32WB1MMCH6, STM32WBA50KGU6, STM32WBA50KGU6TR, STM32WBA52CEU6, STM32WBA52CEU6TR, STM32WBA52CEU7, STM32WBA52CEU7TR, STM32WBA52CGU6, STM32WBA52CGU6TR, STM32WBA52CGU6U, STM32WBA52CGU7, STM32WBA52CGU7TR, STM32WBA52KEU6, STM32WBA52KEU6TR, STM32WBA52KGU6, STM32WBA52KGU6TR, STM32WBA54CEU6, STM32WBA54CEU6TR, STM32WBA54CEU7, STM32WBA54CEU7TR, STM32WBA54CGU6, STM32WBA54CGU6TR, STM32WBA54CGU7, STM32WBA54CGU7TR, STM32WBA54KEU6, STM32WBA54KEU6TR, STM32WBA54KEU7, STM32WBA54KEU7TR, STM32WBA54KGU6, STM32WBA54KGU6TR, STM32WBA54KGU7, STM32WBA54KGU7TR, STM32WBA55CEU6, STM32WBA55CEU6TR, STM32WBA55CEU7, STM32WBA55CEU7TR, STM32WBA55CGU6, STM32WBA55CGU6TR, STM32WBA55CGU6U, STM32WBA55CGU7, STM32WBA55CGU7TR, STM32WBA55G-DK1, STM32WBA55HEF6, STM32WBA55HEF7, STM32WBA55HGF6, STM32WBA55HGF7, STM32WBA55UEI6, STM32WBA55UEI6TR, STM32WBA55UEI7, STM32WBA55UEI7TR, STM32WBA55UGI6, STM32WBA55UGI6TR, STM32WBA55UGI7, STM32WBA55UGI7TR, STM32WBA5MJGH6TR, STM32WBA62CGU6, STM32WBA62CIU6, STM32WBA62MGF6, STM32WBA62MIF6, STM32WBA62PGI6, STM32WBA62PII6, STM32WBA63CGU6, STM32WBA63CGU7, STM32WBA63CIU6, STM32WBA63CIU7, STM32WBA64CGU6, STM32WBA64CGU7, STM32WBA64CIU6, STM32WBA64CIU7, STM32WBA65CGU6, STM32WBA65CGU7, STM32WBA65CIU6, STM32WBA65CIU7, STM32WBA65I-DK1, STM32WBA65MGF6, STM32WBA65MGF7, STM32WBA65MIF6, STM32WBA65MIF7, STM32WBA65PGI6, STM32WBA65PGI7, STM32WBA65PII6, STM32WBA65PII7, STM32WBA65RGV6, STM32WBA65RGV7, STM32WBA65RIV6, STM32WBA65RIV7, STM32WL30K8V6, STM32WL30KBV6, STM32WL31C8V6, STM32WL31CBV6, STM32WL31K8V6, STM32WL31KBV6, STM32WL33C8V6, STM32WL33C8V6TR, STM32WL33C8V7, STM32WL33C8V7TR, STM32WL33CBV6, STM32WL33CBV6TR, STM32WL33CBV7, STM32WL33CBV7TR, STM32WL33CCV6, STM32WL33CCV6TR, STM32WL33CCV7, STM32WL33CCV7A, STM32WL33CCV7ATR, STM32WL33CCV7TR, STM32WL33K8V6, STM32WL33K8V6TR, STM32WL33K8V7, STM32WL33K8V7TR, STM32WL33KBV6, STM32WL33KBV6TR, STM32WL33KBV7, STM32WL33KBV7TR, STM32WL33KCV6, STM32WL33KCV6TR, STM32WL33KCV7, STM32WL33KCV7TR, STM32WL5MOCH6, STM32WL5MOCH6TR]
2026-07-21 16:30:09,867 [INFO] DbMcus:218 - Found 5246 MCUs, 5093 are supported
2026-07-21 16:30:09,867 [INFO] ApiDb:423 - Load user favorites file /home/varun/.stm32cubeide/favorites.mcus.txt: 0 item(s)
2026-07-21 16:30:09,867 [INFO] ApiDb:427 - User favorites MCUs=[]
2026-07-21 16:30:09,867 [INFO] DbMcus:224 - Set 0 / 0 favorites MCUs
2026-07-21 16:30:10,218 [INFO] BoardInfo:889 - No configuration file found for board NUCLEO-H5E5ZJ
2026-07-21 16:30:10,219 [INFO] DbBoards:161 - Board is not supported: NUCLEO-H5E5ZJ
2026-07-21 16:30:10,236 [INFO] BoardInfo:889 - No configuration file found for board NUCLEO-U3C5ZI-Q
2026-07-21 16:30:10,236 [INFO] DbBoards:161 - Board is not supported: NUCLEO-U3C5ZI-Q
2026-07-21 16:30:10,241 [INFO] BoardInfo:889 - No configuration file found for board NUCLEO-WBA25CE1
2026-07-21 16:30:10,241 [INFO] DbBoards:161 - Board is not supported: NUCLEO-WBA25CE1
2026-07-21 16:30:10,244 [INFO] BoardInfo:889 - No configuration file found for board NUCLEO-WL3RKB1
2026-07-21 16:30:10,244 [INFO] DbBoards:161 - Board is not supported: NUCLEO-WL3RKB1
2026-07-21 16:30:10,244 [INFO] BoardInfo:889 - No configuration file found for board NUCLEO-WL3RKB2
2026-07-21 16:30:10,244 [INFO] DbBoards:161 - Board is not supported: NUCLEO-WL3RKB2
2026-07-21 16:30:10,247 [INFO] BoardInfo:889 - No configuration file found for board P-NUCLEO-WB55
2026-07-21 16:30:10,247 [INFO] DbBoards:161 - Kit is not supported: P-NUCLEO-WB55
2026-07-21 16:30:10,249 [INFO] BoardInfo:889 - No configuration file found for board STEVAL-BFA001V1B
2026-07-21 16:30:10,249 [INFO] DbBoards:161 - Kit is not supported: STEVAL-BFA001V1B
2026-07-21 16:30:10,250 [INFO] BoardInfo:889 - No configuration file found for board STEVAL-BFA001V2B
2026-07-21 16:30:10,250 [INFO] DbBoards:161 - Kit is not supported: STEVAL-BFA001V2B
2026-07-21 16:30:10,278 [INFO] BoardInfo:889 - No configuration file found for board STM32H5F5J-DK
2026-07-21 16:30:10,278 [INFO] DbBoards:161 - Board is not supported: STM32H5F5J-DK
2026-07-21 16:30:10,295 [INFO] BoardInfo:889 - No configuration file found for board STM32MP215F-DK
2026-07-21 16:30:10,295 [INFO] DbBoards:161 - Board is not supported: STM32MP215F-DK
2026-07-21 16:30:10,301 [INFO] DbBoards:168 - Found 218 boards, 208 are supported
2026-07-21 16:30:10,301 [INFO] DbBoards:169 - Found 218 boards, 43 of them is supported for  Bsp
2026-07-21 16:30:10,304 [INFO] ApiDb:423 - Load user favorites file /home/varun/.stm32cubeide/favorites.boards.txt: 0 item(s)
2026-07-21 16:30:10,304 [INFO] ApiDb:427 - User favorites Boards=[]
2026-07-21 16:30:10,304 [INFO] DbBoards:198 - Set 0 / 0 favorites Boards
2026-07-21 16:30:10,304 [INFO] McuFinderGlobals:76 - Set McuFinderConnectedMode to true
2026-07-21 16:30:10,308 [INFO] MultiScanPanel:200 - Auto-refresh data requested => check proxy status ongoing
2026-07-21 16:30:10,309 [INFO] FinderPluginLoader:95 - Searching for filters in installed packs
2026-07-21 16:30:11,127 [ERROR] WebUtils:398 - Updater is busy
2026-07-21 16:30:11,127 [WARN] DetailPanel:346 - Failed to get advertising image, set to default
2026-07-21 16:30:15,323 [ERROR] LogOutputStream:75 - [STDERR_REDIRECT] Jul 21, 2026 4:30:15 PM java.util.prefs.FileSystemPreferences checkLockFile0ErrorCode
2026-07-21 16:30:15,324 [ERROR] LogOutputStream:75 - [STDERR_REDIRECT] WARNING: Could not lock System prefs. Unix error code 2.
2026-07-21 16:30:15,324 [ERROR] LogOutputStream:75 - [STDERR_REDIRECT] 
2026-07-21 16:30:15,324 [ERROR] LogOutputStream:75 - [STDERR_REDIRECT] Jul 21, 2026 4:30:15 PM java.util.prefs.FileSystemPreferences syncWorld
2026-07-21 16:30:15,324 [ERROR] LogOutputStream:75 - [STDERR_REDIRECT] WARNING: Couldn't flush system prefs: java.util.prefs.BackingStoreException: Couldn't get file lock.
2026-07-21 16:30:15,325 [ERROR] LogOutputStream:75 - [STDERR_REDIRECT] 
2026-07-21 16:30:15,842 [INFO] MultiScanPanel:200 - Auto-refresh data requested => check proxy status ongoing
2026-07-21 16:30:15,899 [ERROR] WebUtils:398 - Updater is busy
2026-07-21 16:30:15,899 [WARN] DetailPanel:346 - Failed to get advertising image, set to default
2026-07-21 16:30:15,907 [INFO] DbBoards:642 - Loading board mini-images...
2026-07-21 16:30:17,080 [INFO] DbBoards:665 - Loaded 218 board mini-images
2026-07-21 16:30:34,827 [WARN] ServerAccessManage:1168 - Warning during Server Connection :  timeout Connect timed out
2026-07-21 16:30:34,828 [ERROR] ServerAccessManage:651 - Problem, Http timeout : crdb.zip.
2026-07-21 16:30:34,928 [INFO] LoadUrlFilesThread:156 - End of LoadUrlFiles Thread
2026-07-21 16:30:45,324 [ERROR] LogOutputStream:75 - [STDERR_REDIRECT] Jul 21, 2026 4:30:45 PM java.util.prefs.FileSystemPreferences checkLockFile0ErrorCode
2026-07-21 16:30:45,324 [ERROR] LogOutputStream:75 - [STDERR_REDIRECT] WARNING: Could not lock System prefs. Unix error code 2.
2026-07-21 16:30:45,324 [ERROR] LogOutputStream:75 - [STDERR_REDIRECT] 
2026-07-21 16:30:45,324 [ERROR] LogOutputStream:75 - [STDERR_REDIRECT] Jul 21, 2026 4:30:45 PM java.util.prefs.FileSystemPreferences syncWorld
2026-07-21 16:30:45,324 [ERROR] LogOutputStream:75 - [STDERR_REDIRECT] WARNING: Couldn't flush system prefs: java.util.prefs.BackingStoreException: Couldn't get file lock.
2026-07-21 16:30:45,324 [ERROR] LogOutputStream:75 - [STDERR_REDIRECT] 
2026-07-21 16:30:56,707 [INFO] McuFinderGlobals:76 - Set McuFinderConnectedMode to true
2026-07-21 16:30:56,710 [INFO] ApiDb:448 - Save user favorites file /home/varun/.stm32cubeide/favorites.mcus.txt: 0 item(s)
2026-07-21 16:30:56,711 [INFO] ApiDb:452 - User favorites MCUs=[]
2026-07-21 16:30:56,712 [INFO] ApiDb:448 - Save user favorites file /home/varun/.stm32cubeide/favorites.boards.txt: 0 item(s)
2026-07-21 16:30:56,712 [INFO] ApiDb:452 - User favorites Boards=[]
2026-07-21 16:31:15,328 [ERROR] LogOutputStream:75 - [STDERR_REDIRECT] Jul 21, 2026 4:31:15 PM java.util.prefs.FileSystemPreferences checkLockFile0ErrorCode
2026-07-21 16:31:15,328 [ERROR] LogOutputStream:75 - [STDERR_REDIRECT] WARNING: Could not lock System prefs. Unix error code 2.
2026-07-21 16:31:15,328 [ERROR] LogOutputStream:75 - [STDERR_REDIRECT] 
2026-07-21 16:31:15,329 [ERROR] LogOutputStream:75 - [STDERR_REDIRECT] Jul 21, 2026 4:31:15 PM java.util.prefs.FileSystemPreferences syncWorld
2026-07-21 16:31:15,329 [ERROR] LogOutputStream:75 - [STDERR_REDIRECT] WARNING: Couldn't flush system prefs: java.util.prefs.BackingStoreException: Couldn't get file lock.
2026-07-21 16:31:15,329 [ERROR] LogOutputStream:75 - [STDERR_REDIRECT] 
2026-07-21 16:31:45,324 [ERROR] LogOutputStream:75 - [STDERR_REDIRECT] Jul 21, 2026 4:31:45 PM java.util.prefs.FileSystemPreferences checkLockFile0ErrorCode
2026-07-21 16:31:45,325 [ERROR] LogOutputStream:75 - [STDERR_REDIRECT] WARNING: Could not lock System prefs. Unix error code 2.
2026-07-21 16:31:45,325 [ERROR] LogOutputStream:75 - [STDERR_REDIRECT] 
2026-07-21 16:31:45,325 [ERROR] LogOutputStream:75 - [STDERR_REDIRECT] Jul 21, 2026 4:31:45 PM java.util.prefs.FileSystemPreferences syncWorld
2026-07-21 16:31:45,325 [ERROR] LogOutputStream:75 - [STDERR_REDIRECT] WARNING: Couldn't flush system prefs: java.util.prefs.BackingStoreException: Couldn't get file lock.
2026-07-21 16:31:45,325 [ERROR] LogOutputStream:75 - [STDERR_REDIRECT] 
2026-07-21 16:32:15,324 [ERROR] LogOutputStream:75 - [STDERR_REDIRECT] Jul 21, 2026 4:32:15 PM java.util.prefs.FileSystemPreferences checkLockFile0ErrorCode
2026-07-21 16:32:15,325 [ERROR] LogOutputStream:75 - [STDERR_REDIRECT] WARNING: Could not lock System prefs. Unix error code 2.
2026-07-21 16:32:15,325 [ERROR] LogOutputStream:75 - [STDERR_REDIRECT] 
2026-07-21 16:32:15,325 [ERROR] LogOutputStream:75 - [STDERR_REDIRECT] Jul 21, 2026 4:32:15 PM java.util.prefs.FileSystemPreferences syncWorld
2026-07-21 16:32:15,325 [ERROR] LogOutputStream:75 - [STDERR_REDIRECT] WARNING: Couldn't flush system prefs: java.util.prefs.BackingStoreException: Couldn't get file lock.
2026-07-21 16:32:15,325 [ERROR] LogOutputStream:75 - [STDERR_REDIRECT] 
2026-07-21 16:32:45,324 [ERROR] LogOutputStream:75 - [STDERR_REDIRECT] Jul 21, 2026 4:32:45 PM java.util.prefs.FileSystemPreferences checkLockFile0ErrorCode
2026-07-21 16:32:45,325 [ERROR] LogOutputStream:75 - [STDERR_REDIRECT] WARNING: Could not lock System prefs. Unix error code 2.
2026-07-21 16:32:45,325 [ERROR] LogOutputStream:75 - [STDERR_REDIRECT] 
2026-07-21 16:32:45,325 [ERROR] LogOutputStream:75 - [STDERR_REDIRECT] Jul 21, 2026 4:32:45 PM java.util.prefs.FileSystemPreferences syncWorld
2026-07-21 16:32:45,325 [ERROR] LogOutputStream:75 - [STDERR_REDIRECT] WARNING: Couldn't flush system prefs: java.util.prefs.BackingStoreException: Couldn't get file lock.
2026-07-21 16:32:45,325 [ERROR] LogOutputStream:75 - [STDERR_REDIRECT] 
2026-07-21 16:33:15,324 [ERROR] LogOutputStream:75 - [STDERR_REDIRECT] Jul 21, 2026 4:33:15 PM java.util.prefs.FileSystemPreferences checkLockFile0ErrorCode
2026-07-21 16:33:15,324 [ERROR] LogOutputStream:75 - [STDERR_REDIRECT] WARNING: Could not lock System prefs. Unix error code 2.
2026-07-21 16:33:15,325 [ERROR] LogOutputStream:75 - [STDERR_REDIRECT] 
2026-07-21 16:33:15,325 [ERROR] LogOutputStream:75 - [STDERR_REDIRECT] Jul 21, 2026 4:33:15 PM java.util.prefs.FileSystemPreferences syncWorld
2026-07-21 16:33:15,325 [ERROR] LogOutputStream:75 - [STDERR_REDIRECT] WARNING: Couldn't flush system prefs: java.util.prefs.BackingStoreException: Couldn't get file lock.
2026-07-21 16:33:15,325 [ERROR] LogOutputStream:75 - [STDERR_REDIRECT] 
2026-07-21 16:33:45,324 [ERROR] LogOutputStream:75 - [STDERR_REDIRECT] Jul 21, 2026 4:33:45 PM java.util.prefs.FileSystemPreferences checkLockFile0ErrorCode
2026-07-21 16:33:45,324 [ERROR] LogOutputStream:75 - [STDERR_REDIRECT] WARNING: Could not lock System prefs. Unix error code 2.
2026-07-21 16:33:45,324 [ERROR] LogOutputStream:75 - [STDERR_REDIRECT] 
2026-07-21 16:33:45,325 [ERROR] LogOutputStream:75 - [STDERR_REDIRECT] Jul 21, 2026 4:33:45 PM java.util.prefs.FileSystemPreferences syncWorld
2026-07-21 16:33:45,325 [ERROR] LogOutputStream:75 - [STDERR_REDIRECT] WARNING: Couldn't flush system prefs: java.util.prefs.BackingStoreException: Couldn't get file lock.
2026-07-21 16:33:45,325 [ERROR] LogOutputStream:75 - [STDERR_REDIRECT] 
2026-07-21 16:34:15,324 [ERROR] LogOutputStream:75 - [STDERR_REDIRECT] Jul 21, 2026 4:34:15 PM java.util.prefs.FileSystemPreferences checkLockFile0ErrorCode
2026-07-21 16:34:15,325 [ERROR] LogOutputStream:75 - [STDERR_REDIRECT] WARNING: Could not lock System prefs. Unix error code 2.
2026-07-21 16:34:15,325 [ERROR] LogOutputStream:75 - [STDERR_REDIRECT] 
2026-07-21 16:34:15,325 [ERROR] LogOutputStream:75 - [STDERR_REDIRECT] Jul 21, 2026 4:34:15 PM java.util.prefs.FileSystemPreferences syncWorld
2026-07-21 16:34:15,325 [ERROR] LogOutputStream:75 - [STDERR_REDIRECT] WARNING: Couldn't flush system prefs: java.util.prefs.BackingStoreException: Couldn't get file lock.
2026-07-21 16:34:15,325 [ERROR] LogOutputStream:75 - [STDERR_REDIRECT] 
2026-07-21 16:34:45,324 [ERROR] LogOutputStream:75 - [STDERR_REDIRECT] Jul 21, 2026 4:34:45 PM java.util.prefs.FileSystemPreferences checkLockFile0ErrorCode
2026-07-21 16:34:45,324 [ERROR] LogOutputStream:75 - [STDERR_REDIRECT] WARNING: Could not lock System prefs. Unix error code 2.
2026-07-21 16:34:45,324 [ERROR] LogOutputStream:75 - [STDERR_REDIRECT] 
2026-07-21 16:34:45,325 [ERROR] LogOutputStream:75 - [STDERR_REDIRECT] Jul 21, 2026 4:34:45 PM java.util.prefs.FileSystemPreferences syncWorld
2026-07-21 16:34:45,325 [ERROR] LogOutputStream:75 - [STDERR_REDIRECT] WARNING: Couldn't flush system prefs: java.util.prefs.BackingStoreException: Couldn't get file lock.
2026-07-21 16:34:45,325 [ERROR] LogOutputStream:75 - [STDERR_REDIRECT] 
2026-07-21 16:35:15,324 [ERROR] LogOutputStream:75 - [STDERR_REDIRECT] Jul 21, 2026 4:35:15 PM java.util.prefs.FileSystemPreferences checkLockFile0ErrorCode
2026-07-21 16:35:15,324 [ERROR] LogOutputStream:75 - [STDERR_REDIRECT] WARNING: Could not lock System prefs. Unix error code 2.
2026-07-21 16:35:15,324 [ERROR] LogOutputStream:75 - [STDERR_REDIRECT] 
2026-07-21 16:35:15,324 [ERROR] LogOutputStream:75 - [STDERR_REDIRECT] Jul 21, 2026 4:35:15 PM java.util.prefs.FileSystemPreferences syncWorld
2026-07-21 16:35:15,324 [ERROR] LogOutputStream:75 - [STDERR_REDIRECT] WARNING: Couldn't flush system prefs: java.util.prefs.BackingStoreException: Couldn't get file lock.
2026-07-21 16:35:15,324 [ERROR] LogOutputStream:75 - [STDERR_REDIRECT] 
2026-07-21 16:35:45,325 [ERROR] LogOutputStream:75 - [STDERR_REDIRECT] Jul 21, 2026 4:35:45 PM java.util.prefs.FileSystemPreferences checkLockFile0ErrorCode
2026-07-21 16:35:45,325 [ERROR] LogOutputStream:75 - [STDERR_REDIRECT] WARNING: Could not lock System prefs. Unix error code 2.
2026-07-21 16:35:45,325 [ERROR] LogOutputStream:75 - [STDERR_REDIRECT] 
2026-07-21 16:35:45,325 [ERROR] LogOutputStream:75 - [STDERR_REDIRECT] Jul 21, 2026 4:35:45 PM java.util.prefs.FileSystemPreferences syncWorld
2026-07-21 16:35:45,325 [ERROR] LogOutputStream:75 - [STDERR_REDIRECT] WARNING: Couldn't flush system prefs: java.util.prefs.BackingStoreException: Couldn't get file lock.
2026-07-21 16:35:45,326 [ERROR] LogOutputStream:75 - [STDERR_REDIRECT] 
2026-07-21 16:36:15,327 [ERROR] LogOutputStream:75 - [STDERR_REDIRECT] Jul 21, 2026 4:36:15 PM java.util.prefs.FileSystemPreferences checkLockFile0ErrorCode
2026-07-21 16:36:15,327 [ERROR] LogOutputStream:75 - [STDERR_REDIRECT] WARNING: Could not lock System prefs. Unix error code 2.
2026-07-21 16:36:15,327 [ERROR] LogOutputStream:75 - [STDERR_REDIRECT] 
2026-07-21 16:36:15,327 [ERROR] LogOutputStream:75 - [STDERR_REDIRECT] Jul 21, 2026 4:36:15 PM java.util.prefs.FileSystemPreferences syncWorld
2026-07-21 16:36:15,327 [ERROR] LogOutputStream:75 - [STDERR_REDIRECT] WARNING: Couldn't flush system prefs: java.util.prefs.BackingStoreException: Couldn't get file lock.
2026-07-21 16:36:15,327 [ERROR] LogOutputStream:75 - [STDERR_REDIRECT] 
2026-07-21 16:36:45,325 [ERROR] LogOutputStream:75 - [STDERR_REDIRECT] Jul 21, 2026 4:36:45 PM java.util.prefs.FileSystemPreferences checkLockFile0ErrorCode
2026-07-21 16:36:45,325 [ERROR] LogOutputStream:75 - [STDERR_REDIRECT] WARNING: Could not lock System prefs. Unix error code 2.
2026-07-21 16:36:45,325 [ERROR] LogOutputStream:75 - [STDERR_REDIRECT] 
2026-07-21 16:36:45,326 [ERROR] LogOutputStream:75 - [STDERR_REDIRECT] Jul 21, 2026 4:36:45 PM java.util.prefs.FileSystemPreferences syncWorld
2026-07-21 16:36:45,326 [ERROR] LogOutputStream:75 - [STDERR_REDIRECT] WARNING: Couldn't flush system prefs: java.util.prefs.BackingStoreException: Couldn't get file lock.
2026-07-21 16:36:45,326 [ERROR] LogOutputStream:75 - [STDERR_REDIRECT] 
2026-07-21 16:37:15,325 [ERROR] LogOutputStream:75 - [STDERR_REDIRECT] Jul 21, 2026 4:37:15 PM java.util.prefs.FileSystemPreferences checkLockFile0ErrorCode
2026-07-21 16:37:15,325 [ERROR] LogOutputStream:75 - [STDERR_REDIRECT] WARNING: Could not lock System prefs. Unix error code 2.
2026-07-21 16:37:15,325 [ERROR] LogOutputStream:75 - [STDERR_REDIRECT] 
2026-07-21 16:37:15,325 [ERROR] LogOutputStream:75 - [STDERR_REDIRECT] Jul 21, 2026 4:37:15 PM java.util.prefs.FileSystemPreferences syncWorld
2026-07-21 16:37:15,325 [ERROR] LogOutputStream:75 - [STDERR_REDIRECT] WARNING: Couldn't flush system prefs: java.util.prefs.BackingStoreException: Couldn't get file lock.
2026-07-21 16:37:15,325 [ERROR] LogOutputStream:75 - [STDERR_REDIRECT] 
2026-07-21 16:37:45,326 [ERROR] LogOutputStream:75 - [STDERR_REDIRECT] Jul 21, 2026 4:37:45 PM java.util.prefs.FileSystemPreferences checkLockFile0ErrorCode
2026-07-21 16:37:45,327 [ERROR] LogOutputStream:75 - [STDERR_REDIRECT] WARNING: Could not lock System prefs. Unix error code 2.
2026-07-21 16:37:45,327 [ERROR] LogOutputStream:75 - [STDERR_REDIRECT] 
2026-07-21 16:37:45,327 [ERROR] LogOutputStream:75 - [STDERR_REDIRECT] Jul 21, 2026 4:37:45 PM java.util.prefs.FileSystemPreferences syncWorld
2026-07-21 16:37:45,327 [ERROR] LogOutputStream:75 - [STDERR_REDIRECT] WARNING: Couldn't flush system prefs: java.util.prefs.BackingStoreException: Couldn't get file lock.
2026-07-21 16:37:45,327 [ERROR] LogOutputStream:75 - [STDERR_REDIRECT] 
2026-07-21 16:38:15,327 [ERROR] LogOutputStream:75 - [STDERR_REDIRECT] Jul 21, 2026 4:38:15 PM java.util.prefs.FileSystemPreferences checkLockFile0ErrorCode
2026-07-21 16:38:15,327 [ERROR] LogOutputStream:75 - [STDERR_REDIRECT] WARNING: Could not lock System prefs. Unix error code 2.
2026-07-21 16:38:15,327 [ERROR] LogOutputStream:75 - [STDERR_REDIRECT] 
2026-07-21 16:38:15,327 [ERROR] LogOutputStream:75 - [STDERR_REDIRECT] Jul 21, 2026 4:38:15 PM java.util.prefs.FileSystemPreferences syncWorld
2026-07-21 16:38:15,327 [ERROR] LogOutputStream:75 - [STDERR_REDIRECT] WARNING: Couldn't flush system prefs: java.util.prefs.BackingStoreException: Couldn't get file lock.
2026-07-21 16:38:15,327 [ERROR] LogOutputStream:75 - [STDERR_REDIRECT] 
2026-07-21 16:38:45,325 [ERROR] LogOutputStream:75 - [STDERR_REDIRECT] Jul 21, 2026 4:38:45 PM java.util.prefs.FileSystemPreferences checkLockFile0ErrorCode
2026-07-21 16:38:45,326 [ERROR] LogOutputStream:75 - [STDERR_REDIRECT] WARNING: Could not lock System prefs. Unix error code 2.
2026-07-21 16:38:45,326 [ERROR] LogOutputStream:75 - [STDERR_REDIRECT] 
2026-07-21 16:38:45,326 [ERROR] LogOutputStream:75 - [STDERR_REDIRECT] Jul 21, 2026 4:38:45 PM java.util.prefs.FileSystemPreferences syncWorld
2026-07-21 16:38:45,326 [ERROR] LogOutputStream:75 - [STDERR_REDIRECT] WARNING: Couldn't flush system prefs: java.util.prefs.BackingStoreException: Couldn't get file lock.
2026-07-21 16:38:45,326 [ERROR] LogOutputStream:75 - [STDERR_REDIRECT] 
2026-07-21 16:39:15,325 [ERROR] LogOutputStream:75 - [STDERR_REDIRECT] Jul 21, 2026 4:39:15 PM java.util.prefs.FileSystemPreferences checkLockFile0ErrorCode
2026-07-21 16:39:15,325 [ERROR] LogOutputStream:75 - [STDERR_REDIRECT] WARNING: Could not lock System prefs. Unix error code 2.
2026-07-21 16:39:15,325 [ERROR] LogOutputStream:75 - [STDERR_REDIRECT] 
2026-07-21 16:39:15,325 [ERROR] LogOutputStream:75 - [STDERR_REDIRECT] Jul 21, 2026 4:39:15 PM java.util.prefs.FileSystemPreferences syncWorld
2026-07-21 16:39:15,326 [ERROR] LogOutputStream:75 - [STDERR_REDIRECT] WARNING: Couldn't flush system prefs: java.util.prefs.BackingStoreException: Couldn't get file lock.
2026-07-21 16:39:15,326 [ERROR] LogOutputStream:75 - [STDERR_REDIRECT] 
2026-07-21 16:39:45,325 [ERROR] LogOutputStream:75 - [STDERR_REDIRECT] Jul 21, 2026 4:39:45 PM java.util.prefs.FileSystemPreferences checkLockFile0ErrorCode
2026-07-21 16:39:45,325 [ERROR] LogOutputStream:75 - [STDERR_REDIRECT] WARNING: Could not lock System prefs. Unix error code 2.
2026-07-21 16:39:45,326 [ERROR] LogOutputStream:75 - [STDERR_REDIRECT] 
2026-07-21 16:39:45,326 [ERROR] LogOutputStream:75 - [STDERR_REDIRECT] Jul 21, 2026 4:39:45 PM java.util.prefs.FileSystemPreferences syncWorld
2026-07-21 16:39:45,326 [ERROR] LogOutputStream:75 - [STDERR_REDIRECT] WARNING: Couldn't flush system prefs: java.util.prefs.BackingStoreException: Couldn't get file lock.
2026-07-21 16:39:45,326 [ERROR] LogOutputStream:75 - [STDERR_REDIRECT] 
2026-07-21 16:40:15,325 [ERROR] LogOutputStream:75 - [STDERR_REDIRECT] Jul 21, 2026 4:40:15 PM java.util.prefs.FileSystemPreferences checkLockFile0ErrorCode
2026-07-21 16:40:15,325 [ERROR] LogOutputStream:75 - [STDERR_REDIRECT] WARNING: Could not lock System prefs. Unix error code 2.
2026-07-21 16:40:15,325 [ERROR] LogOutputStream:75 - [STDERR_REDIRECT] 
2026-07-21 16:40:15,326 [ERROR] LogOutputStream:75 - [STDERR_REDIRECT] Jul 21, 2026 4:40:15 PM java.util.prefs.FileSystemPreferences syncWorld
2026-07-21 16:40:15,326 [ERROR] LogOutputStream:75 - [STDERR_REDIRECT] WARNING: Couldn't flush system prefs: java.util.prefs.BackingStoreException: Couldn't get file lock.
2026-07-21 16:40:15,326 [ERROR] LogOutputStream:75 - [STDERR_REDIRECT] 
2026-07-21 16:40:45,326 [ERROR] LogOutputStream:75 - [STDERR_REDIRECT] Jul 21, 2026 4:40:45 PM java.util.prefs.FileSystemPreferences checkLockFile0ErrorCode
2026-07-21 16:40:45,326 [ERROR] LogOutputStream:75 - [STDERR_REDIRECT] WARNING: Could not lock System prefs. Unix error code 2.
2026-07-21 16:40:45,326 [ERROR] LogOutputStream:75 - [STDERR_REDIRECT] 
2026-07-21 16:40:45,326 [ERROR] LogOutputStream:75 - [STDERR_REDIRECT] Jul 21, 2026 4:40:45 PM java.util.prefs.FileSystemPreferences syncWorld
2026-07-21 16:40:45,326 [ERROR] LogOutputStream:75 - [STDERR_REDIRECT] WARNING: Couldn't flush system prefs: java.util.prefs.BackingStoreException: Couldn't get file lock.
2026-07-21 16:40:45,326 [ERROR] LogOutputStream:75 - [STDERR_REDIRECT] 
2026-07-21 16:41:15,325 [ERROR] LogOutputStream:75 - [STDERR_REDIRECT] Jul 21, 2026 4:41:15 PM java.util.prefs.FileSystemPreferences checkLockFile0ErrorCode
2026-07-21 16:41:15,326 [ERROR] LogOutputStream:75 - [STDERR_REDIRECT] WARNING: Could not lock System prefs. Unix error code 2.
2026-07-21 16:41:15,326 [ERROR] LogOutputStream:75 - [STDERR_REDIRECT] 
2026-07-21 16:41:15,326 [ERROR] LogOutputStream:75 - [STDERR_REDIRECT] Jul 21, 2026 4:41:15 PM java.util.prefs.FileSystemPreferences syncWorld
2026-07-21 16:41:15,326 [ERROR] LogOutputStream:75 - [STDERR_REDIRECT] WARNING: Couldn't flush system prefs: java.util.prefs.BackingStoreException: Couldn't get file lock.
2026-07-21 16:41:15,326 [ERROR] LogOutputStream:75 - [STDERR_REDIRECT] 
2026-07-21 16:41:45,327 [ERROR] LogOutputStream:75 - [STDERR_REDIRECT] Jul 21, 2026 4:41:45 PM java.util.prefs.FileSystemPreferences checkLockFile0ErrorCode
2026-07-21 16:41:45,327 [ERROR] LogOutputStream:75 - [STDERR_REDIRECT] WARNING: Could not lock System prefs. Unix error code 2.
2026-07-21 16:41:45,327 [ERROR] LogOutputStream:75 - [STDERR_REDIRECT] 
2026-07-21 16:41:45,328 [ERROR] LogOutputStream:75 - [STDERR_REDIRECT] Jul 21, 2026 4:41:45 PM java.util.prefs.FileSystemPreferences syncWorld
2026-07-21 16:41:45,328 [ERROR] LogOutputStream:75 - [STDERR_REDIRECT] WARNING: Couldn't flush system prefs: java.util.prefs.BackingStoreException: Couldn't get file lock.
2026-07-21 16:41:45,328 [ERROR] LogOutputStream:75 - [STDERR_REDIRECT] 
2026-07-21 16:42:15,328 [ERROR] LogOutputStream:75 - [STDERR_REDIRECT] Jul 21, 2026 4:42:15 PM java.util.prefs.FileSystemPreferences checkLockFile0ErrorCode
2026-07-21 16:42:15,328 [ERROR] LogOutputStream:75 - [STDERR_REDIRECT] WARNING: Could not lock System prefs. Unix error code 2.
2026-07-21 16:42:15,328 [ERROR] LogOutputStream:75 - [STDERR_REDIRECT] 
2026-07-21 16:42:15,328 [ERROR] LogOutputStream:75 - [STDERR_REDIRECT] Jul 21, 2026 4:42:15 PM java.util.prefs.FileSystemPreferences syncWorld
2026-07-21 16:42:15,328 [ERROR] LogOutputStream:75 - [STDERR_REDIRECT] WARNING: Couldn't flush system prefs: java.util.prefs.BackingStoreException: Couldn't get file lock.
2026-07-21 16:42:15,328 [ERROR] LogOutputStream:75 - [STDERR_REDIRECT] 
2026-07-21 16:42:45,326 [ERROR] LogOutputStream:75 - [STDERR_REDIRECT] Jul 21, 2026 4:42:45 PM java.util.prefs.FileSystemPreferences checkLockFile0ErrorCode
2026-07-21 16:42:45,326 [ERROR] LogOutputStream:75 - [STDERR_REDIRECT] WARNING: Could not lock System prefs. Unix error code 2.
2026-07-21 16:42:45,326 [ERROR] LogOutputStream:75 - [STDERR_REDIRECT] 
2026-07-21 16:42:45,326 [ERROR] LogOutputStream:75 - [STDERR_REDIRECT] Jul 21, 2026 4:42:45 PM java.util.prefs.FileSystemPreferences syncWorld
2026-07-21 16:42:45,327 [ERROR] LogOutputStream:75 - [STDERR_REDIRECT] WARNING: Couldn't flush system prefs: java.util.prefs.BackingStoreException: Couldn't get file lock.
2026-07-21 16:42:45,327 [ERROR] LogOutputStream:75 - [STDERR_REDIRECT] 
2026-07-21 16:43:15,325 [ERROR] LogOutputStream:75 - [STDERR_REDIRECT] Jul 21, 2026 4:43:15 PM java.util.prefs.FileSystemPreferences checkLockFile0ErrorCode
2026-07-21 16:43:15,326 [ERROR] LogOutputStream:75 - [STDERR_REDIRECT] WARNING: Could not lock System prefs. Unix error code 2.
2026-07-21 16:43:15,326 [ERROR] LogOutputStream:75 - [STDERR_REDIRECT] 
2026-07-21 16:43:15,326 [ERROR] LogOutputStream:75 - [STDERR_REDIRECT] Jul 21, 2026 4:43:15 PM java.util.prefs.FileSystemPreferences syncWorld
2026-07-21 16:43:15,326 [ERROR] LogOutputStream:75 - [STDERR_REDIRECT] WARNING: Couldn't flush system prefs: java.util.prefs.BackingStoreException: Couldn't get file lock.
2026-07-21 16:43:15,326 [ERROR] LogOutputStream:75 - [STDERR_REDIRECT] 
2026-07-21 16:43:45,326 [ERROR] LogOutputStream:75 - [STDERR_REDIRECT] Jul 21, 2026 4:43:45 PM java.util.prefs.FileSystemPreferences checkLockFile0ErrorCode
2026-07-21 16:43:45,326 [ERROR] LogOutputStream:75 - [STDERR_REDIRECT] WARNING: Could not lock System prefs. Unix error code 2.
2026-07-21 16:43:45,326 [ERROR] LogOutputStream:75 - [STDERR_REDIRECT] 
2026-07-21 16:43:45,326 [ERROR] LogOutputStream:75 - [STDERR_REDIRECT] Jul 21, 2026 4:43:45 PM java.util.prefs.FileSystemPreferences syncWorld
2026-07-21 16:43:45,326 [ERROR] LogOutputStream:75 - [STDERR_REDIRECT] WARNING: Couldn't flush system prefs: java.util.prefs.BackingStoreException: Couldn't get file lock.
2026-07-21 16:43:45,326 [ERROR] LogOutputStream:75 - [STDERR_REDIRECT] 
2026-07-21 16:44:15,326 [ERROR] LogOutputStream:75 - [STDERR_REDIRECT] Jul 21, 2026 4:44:15 PM java.util.prefs.FileSystemPreferences checkLockFile0ErrorCode
2026-07-21 16:44:15,327 [ERROR] LogOutputStream:75 - [STDERR_REDIRECT] WARNING: Could not lock System prefs. Unix error code 2.
2026-07-21 16:44:15,327 [ERROR] LogOutputStream:75 - [STDERR_REDIRECT] 
2026-07-21 16:44:15,327 [ERROR] LogOutputStream:75 - [STDERR_REDIRECT] Jul 21, 2026 4:44:15 PM java.util.prefs.FileSystemPreferences syncWorld
2026-07-21 16:44:15,327 [ERROR] LogOutputStream:75 - [STDERR_REDIRECT] WARNING: Couldn't flush system prefs: java.util.prefs.BackingStoreException: Couldn't get file lock.
2026-07-21 16:44:15,327 [ERROR] LogOutputStream:75 - [STDERR_REDIRECT] 
2026-07-21 16:44:45,329 [ERROR] LogOutputStream:75 - [STDERR_REDIRECT] Jul 21, 2026 4:44:45 PM java.util.prefs.FileSystemPreferences checkLockFile0ErrorCode
2026-07-21 16:44:45,329 [ERROR] LogOutputStream:75 - [STDERR_REDIRECT] WARNING: Could not lock System prefs. Unix error code 2.
2026-07-21 16:44:45,329 [ERROR] LogOutputStream:75 - [STDERR_REDIRECT] 
2026-07-21 16:44:45,329 [ERROR] LogOutputStream:75 - [STDERR_REDIRECT] Jul 21, 2026 4:44:45 PM java.util.prefs.FileSystemPreferences syncWorld
2026-07-21 16:44:45,329 [ERROR] LogOutputStream:75 - [STDERR_REDIRECT] WARNING: Couldn't flush system prefs: java.util.prefs.BackingStoreException: Couldn't get file lock.
2026-07-21 16:44:45,329 [ERROR] LogOutputStream:75 - [STDERR_REDIRECT] 
2026-07-21 16:45:15,326 [ERROR] LogOutputStream:75 - [STDERR_REDIRECT] Jul 21, 2026 4:45:15 PM java.util.prefs.FileSystemPreferences checkLockFile0ErrorCode
2026-07-21 16:45:15,326 [ERROR] LogOutputStream:75 - [STDERR_REDIRECT] WARNING: Could not lock System prefs. Unix error code 2.
2026-07-21 16:45:15,326 [ERROR] LogOutputStream:75 - [STDERR_REDIRECT] 
2026-07-21 16:45:15,326 [ERROR] LogOutputStream:75 - [STDERR_REDIRECT] Jul 21, 2026 4:45:15 PM java.util.prefs.FileSystemPreferences syncWorld
2026-07-21 16:45:15,326 [ERROR] LogOutputStream:75 - [STDERR_REDIRECT] WARNING: Couldn't flush system prefs: java.util.prefs.BackingStoreException: Couldn't get file lock.
2026-07-21 16:45:15,327 [ERROR] LogOutputStream:75 - [STDERR_REDIRECT] 
2026-07-21 16:45:45,325 [ERROR] LogOutputStream:75 - [STDERR_REDIRECT] Jul 21, 2026 4:45:45 PM java.util.prefs.FileSystemPreferences checkLockFile0ErrorCode
2026-07-21 16:45:45,326 [ERROR] LogOutputStream:75 - [STDERR_REDIRECT] WARNING: Could not lock System prefs. Unix error code 2.
2026-07-21 16:45:45,326 [ERROR] LogOutputStream:75 - [STDERR_REDIRECT] 
2026-07-21 16:45:45,326 [ERROR] LogOutputStream:75 - [STDERR_REDIRECT] Jul 21, 2026 4:45:45 PM java.util.prefs.FileSystemPreferences syncWorld
2026-07-21 16:45:45,326 [ERROR] LogOutputStream:75 - [STDERR_REDIRECT] WARNING: Couldn't flush system prefs: java.util.prefs.BackingStoreException: Couldn't get file lock.
2026-07-21 16:45:45,326 [ERROR] LogOutputStream:75 - [STDERR_REDIRECT] 
2026-07-21 16:46:15,330 [ERROR] LogOutputStream:75 - [STDERR_REDIRECT] Jul 21, 2026 4:46:15 PM java.util.prefs.FileSystemPreferences checkLockFile0ErrorCode
2026-07-21 16:46:15,331 [ERROR] LogOutputStream:75 - [STDERR_REDIRECT] WARNING: Could not lock System prefs. Unix error code 2.
2026-07-21 16:46:15,331 [ERROR] LogOutputStream:75 - [STDERR_REDIRECT] 
2026-07-21 16:46:15,331 [ERROR] LogOutputStream:75 - [STDERR_REDIRECT] Jul 21, 2026 4:46:15 PM java.util.prefs.FileSystemPreferences syncWorld
2026-07-21 16:46:15,331 [ERROR] LogOutputStream:75 - [STDERR_REDIRECT] WARNING: Couldn't flush system prefs: java.util.prefs.BackingStoreException: Couldn't get file lock.
2026-07-21 16:46:15,331 [ERROR] LogOutputStream:75 - [STDERR_REDIRECT] 
2026-07-21 16:46:45,328 [ERROR] LogOutputStream:75 - [STDERR_REDIRECT] Jul 21, 2026 4:46:45 PM java.util.prefs.FileSystemPreferences checkLockFile0ErrorCode
2026-07-21 16:46:45,328 [ERROR] LogOutputStream:75 - [STDERR_REDIRECT] WARNING: Could not lock System prefs. Unix error code 2.
2026-07-21 16:46:45,328 [ERROR] LogOutputStream:75 - [STDERR_REDIRECT] 
2026-07-21 16:46:45,329 [ERROR] LogOutputStream:75 - [STDERR_REDIRECT] Jul 21, 2026 4:46:45 PM java.util.prefs.FileSystemPreferences syncWorld
2026-07-21 16:46:45,329 [ERROR] LogOutputStream:75 - [STDERR_REDIRECT] WARNING: Couldn't flush system prefs: java.util.prefs.BackingStoreException: Couldn't get file lock.
2026-07-21 16:46:45,329 [ERROR] LogOutputStream:75 - [STDERR_REDIRECT] 
2026-07-21 16:47:15,327 [ERROR] LogOutputStream:75 - [STDERR_REDIRECT] Jul 21, 2026 4:47:15 PM java.util.prefs.FileSystemPreferences checkLockFile0ErrorCode
2026-07-21 16:47:15,328 [ERROR] LogOutputStream:75 - [STDERR_REDIRECT] WARNING: Could not lock System prefs. Unix error code 2.
2026-07-21 16:47:15,328 [ERROR] LogOutputStream:75 - [STDERR_REDIRECT] 
2026-07-21 16:47:15,328 [ERROR] LogOutputStream:75 - [STDERR_REDIRECT] Jul 21, 2026 4:47:15 PM java.util.prefs.FileSystemPreferences syncWorld
2026-07-21 16:47:15,328 [ERROR] LogOutputStream:75 - [STDERR_REDIRECT] WARNING: Couldn't flush system prefs: java.util.prefs.BackingStoreException: Couldn't get file lock.
2026-07-21 16:47:15,328 [ERROR] LogOutputStream:75 - [STDERR_REDIRECT] 
2026-07-21 16:47:45,328 [ERROR] LogOutputStream:75 - [STDERR_REDIRECT] Jul 21, 2026 4:47:45 PM java.util.prefs.FileSystemPreferences checkLockFile0ErrorCode
2026-07-21 16:47:45,328 [ERROR] LogOutputStream:75 - [STDERR_REDIRECT] WARNING: Could not lock System prefs. Unix error code 2.
2026-07-21 16:47:45,328 [ERROR] LogOutputStream:75 - [STDERR_REDIRECT] 
2026-07-21 16:47:45,328 [ERROR] LogOutputStream:75 - [STDERR_REDIRECT] Jul 21, 2026 4:47:45 PM java.util.prefs.FileSystemPreferences syncWorld
2026-07-21 16:47:45,329 [ERROR] LogOutputStream:75 - [STDERR_REDIRECT] WARNING: Couldn't flush system prefs: java.util.prefs.BackingStoreException: Couldn't get file lock.
2026-07-21 16:47:45,329 [ERROR] LogOutputStream:75 - [STDERR_REDIRECT] 
2026-07-21 16:48:15,326 [ERROR] LogOutputStream:75 - [STDERR_REDIRECT] Jul 21, 2026 4:48:15 PM java.util.prefs.FileSystemPreferences checkLockFile0ErrorCode
2026-07-21 16:48:15,327 [ERROR] LogOutputStream:75 - [STDERR_REDIRECT] WARNING: Could not lock System prefs. Unix error code 2.
2026-07-21 16:48:15,327 [ERROR] LogOutputStream:75 - [STDERR_REDIRECT] 
2026-07-21 16:48:15,327 [ERROR] LogOutputStream:75 - [STDERR_REDIRECT] Jul 21, 2026 4:48:15 PM java.util.prefs.FileSystemPreferences syncWorld
2026-07-21 16:48:15,327 [ERROR] LogOutputStream:75 - [STDERR_REDIRECT] WARNING: Couldn't flush system prefs: java.util.prefs.BackingStoreException: Couldn't get file lock.
2026-07-21 16:48:15,327 [ERROR] LogOutputStream:75 - [STDERR_REDIRECT] 
2026-07-21 16:48:45,327 [ERROR] LogOutputStream:75 - [STDERR_REDIRECT] Jul 21, 2026 4:48:45 PM java.util.prefs.FileSystemPreferences checkLockFile0ErrorCode
2026-07-21 16:48:45,327 [ERROR] LogOutputStream:75 - [STDERR_REDIRECT] WARNING: Could not lock System prefs. Unix error code 2.
2026-07-21 16:48:45,328 [ERROR] LogOutputStream:75 - [STDERR_REDIRECT] 
2026-07-21 16:48:45,328 [ERROR] LogOutputStream:75 - [STDERR_REDIRECT] Jul 21, 2026 4:48:45 PM java.util.prefs.FileSystemPreferences syncWorld
2026-07-21 16:48:45,328 [ERROR] LogOutputStream:75 - [STDERR_REDIRECT] WARNING: Couldn't flush system prefs: java.util.prefs.BackingStoreException: Couldn't get file lock.
2026-07-21 16:48:45,328 [ERROR] LogOutputStream:75 - [STDERR_REDIRECT] 
2026-07-21 16:49:15,330 [ERROR] LogOutputStream:75 - [STDERR_REDIRECT] Jul 21, 2026 4:49:15 PM java.util.prefs.FileSystemPreferences checkLockFile0ErrorCode
2026-07-21 16:49:15,330 [ERROR] LogOutputStream:75 - [STDERR_REDIRECT] WARNING: Could not lock System prefs. Unix error code 2.
2026-07-21 16:49:15,330 [ERROR] LogOutputStream:75 - [STDERR_REDIRECT] 
2026-07-21 16:49:15,330 [ERROR] LogOutputStream:75 - [STDERR_REDIRECT] Jul 21, 2026 4:49:15 PM java.util.prefs.FileSystemPreferences syncWorld
2026-07-21 16:49:15,331 [ERROR] LogOutputStream:75 - [STDERR_REDIRECT] WARNING: Couldn't flush system prefs: java.util.prefs.BackingStoreException: Couldn't get file lock.
2026-07-21 16:49:15,331 [ERROR] LogOutputStream:75 - [STDERR_REDIRECT] 
2026-07-21 16:49:45,328 [ERROR] LogOutputStream:75 - [STDERR_REDIRECT] Jul 21, 2026 4:49:45 PM java.util.prefs.FileSystemPreferences checkLockFile0ErrorCode
2026-07-21 16:49:45,328 [ERROR] LogOutputStream:75 - [STDERR_REDIRECT] WARNING: Could not lock System prefs. Unix error code 2.
2026-07-21 16:49:45,328 [ERROR] LogOutputStream:75 - [STDERR_REDIRECT] 
2026-07-21 16:49:45,329 [ERROR] LogOutputStream:75 - [STDERR_REDIRECT] Jul 21, 2026 4:49:45 PM java.util.prefs.FileSystemPreferences syncWorld
2026-07-21 16:49:45,329 [ERROR] LogOutputStream:75 - [STDERR_REDIRECT] WARNING: Couldn't flush system prefs: java.util.prefs.BackingStoreException: Couldn't get file lock.
2026-07-21 16:49:45,329 [ERROR] LogOutputStream:75 - [STDERR_REDIRECT] 
2026-07-21 16:50:15,326 [ERROR] LogOutputStream:75 - [STDERR_REDIRECT] Jul 21, 2026 4:50:15 PM java.util.prefs.FileSystemPreferences checkLockFile0ErrorCode
2026-07-21 16:50:15,326 [ERROR] LogOutputStream:75 - [STDERR_REDIRECT] WARNING: Could not lock System prefs. Unix error code 2.
2026-07-21 16:50:15,326 [ERROR] LogOutputStream:75 - [STDERR_REDIRECT] 
2026-07-21 16:50:15,327 [ERROR] LogOutputStream:75 - [STDERR_REDIRECT] Jul 21, 2026 4:50:15 PM java.util.prefs.FileSystemPreferences syncWorld
2026-07-21 16:50:15,327 [ERROR] LogOutputStream:75 - [STDERR_REDIRECT] WARNING: Couldn't flush system prefs: java.util.prefs.BackingStoreException: Couldn't get file lock.
2026-07-21 16:50:15,327 [ERROR] LogOutputStream:75 - [STDERR_REDIRECT] 
2026-07-21 16:50:45,327 [ERROR] LogOutputStream:75 - [STDERR_REDIRECT] Jul 21, 2026 4:50:45 PM java.util.prefs.FileSystemPreferences checkLockFile0ErrorCode
2026-07-21 16:50:45,327 [ERROR] LogOutputStream:75 - [STDERR_REDIRECT] WARNING: Could not lock System prefs. Unix error code 2.
2026-07-21 16:50:45,328 [ERROR] LogOutputStream:75 - [STDERR_REDIRECT] 
2026-07-21 16:50:45,328 [ERROR] LogOutputStream:75 - [STDERR_REDIRECT] Jul 21, 2026 4:50:45 PM java.util.prefs.FileSystemPreferences syncWorld
2026-07-21 16:50:45,328 [ERROR] LogOutputStream:75 - [STDERR_REDIRECT] WARNING: Couldn't flush system prefs: java.util.prefs.BackingStoreException: Couldn't get file lock.
2026-07-21 16:50:45,328 [ERROR] LogOutputStream:75 - [STDERR_REDIRECT] 
2026-07-21 16:51:15,327 [ERROR] LogOutputStream:75 - [STDERR_REDIRECT] Jul 21, 2026 4:51:15 PM java.util.prefs.FileSystemPreferences checkLockFile0ErrorCode
2026-07-21 16:51:15,327 [ERROR] LogOutputStream:75 - [STDERR_REDIRECT] WARNING: Could not lock System prefs. Unix error code 2.
2026-07-21 16:51:15,327 [ERROR] LogOutputStream:75 - [STDERR_REDIRECT] 
2026-07-21 16:51:15,327 [ERROR] LogOutputStream:75 - [STDERR_REDIRECT] Jul 21, 2026 4:51:15 PM java.util.prefs.FileSystemPreferences syncWorld
2026-07-21 16:51:15,327 [ERROR] LogOutputStream:75 - [STDERR_REDIRECT] WARNING: Couldn't flush system prefs: java.util.prefs.BackingStoreException: Couldn't get file lock.
2026-07-21 16:51:15,327 [ERROR] LogOutputStream:75 - [STDERR_REDIRECT] 
2026-07-21 16:51:45,327 [ERROR] LogOutputStream:75 - [STDERR_REDIRECT] Jul 21, 2026 4:51:45 PM java.util.prefs.FileSystemPreferences checkLockFile0ErrorCode
2026-07-21 16:51:45,327 [ERROR] LogOutputStream:75 - [STDERR_REDIRECT] WARNING: Could not lock System prefs. Unix error code 2.
2026-07-21 16:51:45,328 [ERROR] LogOutputStream:75 - [STDERR_REDIRECT] 
2026-07-21 16:51:45,328 [ERROR] LogOutputStream:75 - [STDERR_REDIRECT] Jul 21, 2026 4:51:45 PM java.util.prefs.FileSystemPreferences syncWorld
2026-07-21 16:51:45,328 [ERROR] LogOutputStream:75 - [STDERR_REDIRECT] WARNING: Couldn't flush system prefs: java.util.prefs.BackingStoreException: Couldn't get file lock.
2026-07-21 16:51:45,328 [ERROR] LogOutputStream:75 - [STDERR_REDIRECT] 
2026-07-21 16:52:15,327 [ERROR] LogOutputStream:75 - [STDERR_REDIRECT] Jul 21, 2026 4:52:15 PM java.util.prefs.FileSystemPreferences checkLockFile0ErrorCode
2026-07-21 16:52:15,328 [ERROR] LogOutputStream:75 - [STDERR_REDIRECT] WARNING: Could not lock System prefs. Unix error code 2.
2026-07-21 16:52:15,328 [ERROR] LogOutputStream:75 - [STDERR_REDIRECT] 
2026-07-21 16:52:15,328 [ERROR] LogOutputStream:75 - [STDERR_REDIRECT] Jul 21, 2026 4:52:15 PM java.util.prefs.FileSystemPreferences syncWorld
2026-07-21 16:52:15,328 [ERROR] LogOutputStream:75 - [STDERR_REDIRECT] WARNING: Couldn't flush system prefs: java.util.prefs.BackingStoreException: Couldn't get file lock.
2026-07-21 16:52:15,328 [ERROR] LogOutputStream:75 - [STDERR_REDIRECT] 
2026-07-21 16:52:45,329 [ERROR] LogOutputStream:75 - [STDERR_REDIRECT] Jul 21, 2026 4:52:45 PM java.util.prefs.FileSystemPreferences checkLockFile0ErrorCode
2026-07-21 16:52:45,329 [ERROR] LogOutputStream:75 - [STDERR_REDIRECT] WARNING: Could not lock System prefs. Unix error code 2.
2026-07-21 16:52:45,329 [ERROR] LogOutputStream:75 - [STDERR_REDIRECT] 
2026-07-21 16:52:45,329 [ERROR] LogOutputStream:75 - [STDERR_REDIRECT] Jul 21, 2026 4:52:45 PM java.util.prefs.FileSystemPreferences syncWorld
2026-07-21 16:52:45,330 [ERROR] LogOutputStream:75 - [STDERR_REDIRECT] WARNING: Couldn't flush system prefs: java.util.prefs.BackingStoreException: Couldn't get file lock.
2026-07-21 16:52:45,330 [ERROR] LogOutputStream:75 - [STDERR_REDIRECT] 
2026-07-21 16:53:15,327 [ERROR] LogOutputStream:75 - [STDERR_REDIRECT] Jul 21, 2026 4:53:15 PM java.util.prefs.FileSystemPreferences checkLockFile0ErrorCode
2026-07-21 16:53:15,327 [ERROR] LogOutputStream:75 - [STDERR_REDIRECT] WARNING: Could not lock System prefs. Unix error code 2.
2026-07-21 16:53:15,327 [ERROR] LogOutputStream:75 - [STDERR_REDIRECT] 
2026-07-21 16:53:15,328 [ERROR] LogOutputStream:75 - [STDERR_REDIRECT] Jul 21, 2026 4:53:15 PM java.util.prefs.FileSystemPreferences syncWorld
2026-07-21 16:53:15,328 [ERROR] LogOutputStream:75 - [STDERR_REDIRECT] WARNING: Couldn't flush system prefs: java.util.prefs.BackingStoreException: Couldn't get file lock.
2026-07-21 16:53:15,328 [ERROR] LogOutputStream:75 - [STDERR_REDIRECT] 
2026-07-21 16:53:45,326 [ERROR] LogOutputStream:75 - [STDERR_REDIRECT] Jul 21, 2026 4:53:45 PM java.util.prefs.FileSystemPreferences checkLockFile0ErrorCode
2026-07-21 16:53:45,327 [ERROR] LogOutputStream:75 - [STDERR_REDIRECT] WARNING: Could not lock System prefs. Unix error code 2.
2026-07-21 16:53:45,327 [ERROR] LogOutputStream:75 - [STDERR_REDIRECT] 
2026-07-21 16:53:45,327 [ERROR] LogOutputStream:75 - [STDERR_REDIRECT] Jul 21, 2026 4:53:45 PM java.util.prefs.FileSystemPreferences syncWorld
2026-07-21 16:53:45,327 [ERROR] LogOutputStream:75 - [STDERR_REDIRECT] WARNING: Couldn't flush system prefs: java.util.prefs.BackingStoreException: Couldn't get file lock.
2026-07-21 16:53:45,327 [ERROR] LogOutputStream:75 - [STDERR_REDIRECT] 
2026-07-21 16:54:15,327 [ERROR] LogOutputStream:75 - [STDERR_REDIRECT] Jul 21, 2026 4:54:15 PM java.util.prefs.FileSystemPreferences checkLockFile0ErrorCode
2026-07-21 16:54:15,327 [ERROR] LogOutputStream:75 - [STDERR_REDIRECT] WARNING: Could not lock System prefs. Unix error code 2.
2026-07-21 16:54:15,327 [ERROR] LogOutputStream:75 - [STDERR_REDIRECT] 
2026-07-21 16:54:15,328 [ERROR] LogOutputStream:75 - [STDERR_REDIRECT] Jul 21, 2026 4:54:15 PM java.util.prefs.FileSystemPreferences syncWorld
2026-07-21 16:54:15,328 [ERROR] LogOutputStream:75 - [STDERR_REDIRECT] WARNING: Couldn't flush system prefs: java.util.prefs.BackingStoreException: Couldn't get file lock.
2026-07-21 16:54:15,328 [ERROR] LogOutputStream:75 - [STDERR_REDIRECT] 
2026-07-21 16:54:45,326 [ERROR] LogOutputStream:75 - [STDERR_REDIRECT] Jul 21, 2026 4:54:45 PM java.util.prefs.FileSystemPreferences checkLockFile0ErrorCode
2026-07-21 16:54:45,327 [ERROR] LogOutputStream:75 - [STDERR_REDIRECT] WARNING: Could not lock System prefs. Unix error code 2.
2026-07-21 16:54:45,327 [ERROR] LogOutputStream:75 - [STDERR_REDIRECT] 
2026-07-21 16:54:45,327 [ERROR] LogOutputStream:75 - [STDERR_REDIRECT] Jul 21, 2026 4:54:45 PM java.util.prefs.FileSystemPreferences syncWorld
2026-07-21 16:54:45,327 [ERROR] LogOutputStream:75 - [STDERR_REDIRECT] WARNING: Couldn't flush system prefs: java.util.prefs.BackingStoreException: Couldn't get file lock.
2026-07-21 16:54:45,327 [ERROR] LogOutputStream:75 - [STDERR_REDIRECT] 
2026-07-21 16:55:15,327 [ERROR] LogOutputStream:75 - [STDERR_REDIRECT] Jul 21, 2026 4:55:15 PM java.util.prefs.FileSystemPreferences checkLockFile0ErrorCode
2026-07-21 16:55:15,327 [ERROR] LogOutputStream:75 - [STDERR_REDIRECT] WARNING: Could not lock System prefs. Unix error code 2.
2026-07-21 16:55:15,327 [ERROR] LogOutputStream:75 - [STDERR_REDIRECT] 
2026-07-21 16:55:15,327 [ERROR] LogOutputStream:75 - [STDERR_REDIRECT] Jul 21, 2026 4:55:15 PM java.util.prefs.FileSystemPreferences syncWorld
2026-07-21 16:55:15,328 [ERROR] LogOutputStream:75 - [STDERR_REDIRECT] WARNING: Couldn't flush system prefs: java.util.prefs.BackingStoreException: Couldn't get file lock.
2026-07-21 16:55:15,328 [ERROR] LogOutputStream:75 - [STDERR_REDIRECT] 
2026-07-21 16:55:45,326 [ERROR] LogOutputStream:75 - [STDERR_REDIRECT] Jul 21, 2026 4:55:45 PM java.util.prefs.FileSystemPreferences checkLockFile0ErrorCode
2026-07-21 16:55:45,326 [ERROR] LogOutputStream:75 - [STDERR_REDIRECT] WARNING: Could not lock System prefs. Unix error code 2.
2026-07-21 16:55:45,326 [ERROR] LogOutputStream:75 - [STDERR_REDIRECT] 
2026-07-21 16:55:45,327 [ERROR] LogOutputStream:75 - [STDERR_REDIRECT] Jul 21, 2026 4:55:45 PM java.util.prefs.FileSystemPreferences syncWorld
2026-07-21 16:55:45,327 [ERROR] LogOutputStream:75 - [STDERR_REDIRECT] WARNING: Couldn't flush system prefs: java.util.prefs.BackingStoreException: Couldn't get file lock.
2026-07-21 16:55:45,327 [ERROR] LogOutputStream:75 - [STDERR_REDIRECT] 
2026-07-21 16:56:15,327 [ERROR] LogOutputStream:75 - [STDERR_REDIRECT] Jul 21, 2026 4:56:15 PM java.util.prefs.FileSystemPreferences checkLockFile0ErrorCode
2026-07-21 16:56:15,327 [ERROR] LogOutputStream:75 - [STDERR_REDIRECT] WARNING: Could not lock System prefs. Unix error code 2.
2026-07-21 16:56:15,327 [ERROR] LogOutputStream:75 - [STDERR_REDIRECT] 
2026-07-21 16:56:15,328 [ERROR] LogOutputStream:75 - [STDERR_REDIRECT] Jul 21, 2026 4:56:15 PM java.util.prefs.FileSystemPreferences syncWorld
2026-07-21 16:56:15,328 [ERROR] LogOutputStream:75 - [STDERR_REDIRECT] WARNING: Couldn't flush system prefs: java.util.prefs.BackingStoreException: Couldn't get file lock.
2026-07-21 16:56:15,328 [ERROR] LogOutputStream:75 - [STDERR_REDIRECT] 
2026-07-21 16:56:45,327 [ERROR] LogOutputStream:75 - [STDERR_REDIRECT] Jul 21, 2026 4:56:45 PM java.util.prefs.FileSystemPreferences checkLockFile0ErrorCode
2026-07-21 16:56:45,327 [ERROR] LogOutputStream:75 - [STDERR_REDIRECT] WARNING: Could not lock System prefs. Unix error code 2.
2026-07-21 16:56:45,328 [ERROR] LogOutputStream:75 - [STDERR_REDIRECT] 
2026-07-21 16:56:45,328 [ERROR] LogOutputStream:75 - [STDERR_REDIRECT] Jul 21, 2026 4:56:45 PM java.util.prefs.FileSystemPreferences syncWorld
2026-07-21 16:56:45,328 [ERROR] LogOutputStream:75 - [STDERR_REDIRECT] WARNING: Couldn't flush system prefs: java.util.prefs.BackingStoreException: Couldn't get file lock.
2026-07-21 16:56:45,328 [ERROR] LogOutputStream:75 - [STDERR_REDIRECT] 
2026-07-21 16:57:15,328 [ERROR] LogOutputStream:75 - [STDERR_REDIRECT] Jul 21, 2026 4:57:15 PM java.util.prefs.FileSystemPreferences checkLockFile0ErrorCode
2026-07-21 16:57:15,329 [ERROR] LogOutputStream:75 - [STDERR_REDIRECT] WARNING: Could not lock System prefs. Unix error code 2.
2026-07-21 16:57:15,329 [ERROR] LogOutputStream:75 - [STDERR_REDIRECT] 
2026-07-21 16:57:15,329 [ERROR] LogOutputStream:75 - [STDERR_REDIRECT] Jul 21, 2026 4:57:15 PM java.util.prefs.FileSystemPreferences syncWorld
2026-07-21 16:57:15,329 [ERROR] LogOutputStream:75 - [STDERR_REDIRECT] WARNING: Couldn't flush system prefs: java.util.prefs.BackingStoreException: Couldn't get file lock.
2026-07-21 16:57:15,329 [ERROR] LogOutputStream:75 - [STDERR_REDIRECT] 
2026-07-21 16:57:45,327 [ERROR] LogOutputStream:75 - [STDERR_REDIRECT] Jul 21, 2026 4:57:45 PM java.util.prefs.FileSystemPreferences checkLockFile0ErrorCode
2026-07-21 16:57:45,327 [ERROR] LogOutputStream:75 - [STDERR_REDIRECT] WARNING: Could not lock System prefs. Unix error code 2.
2026-07-21 16:57:45,327 [ERROR] LogOutputStream:75 - [STDERR_REDIRECT] 
2026-07-21 16:57:45,328 [ERROR] LogOutputStream:75 - [STDERR_REDIRECT] Jul 21, 2026 4:57:45 PM java.util.prefs.FileSystemPreferences syncWorld
2026-07-21 16:57:45,328 [ERROR] LogOutputStream:75 - [STDERR_REDIRECT] WARNING: Couldn't flush system prefs: java.util.prefs.BackingStoreException: Couldn't get file lock.
2026-07-21 16:57:45,328 [ERROR] LogOutputStream:75 - [STDERR_REDIRECT] 
2026-07-21 16:58:15,327 [ERROR] LogOutputStream:75 - [STDERR_REDIRECT] Jul 21, 2026 4:58:15 PM java.util.prefs.FileSystemPreferences checkLockFile0ErrorCode
2026-07-21 16:58:15,327 [ERROR] LogOutputStream:75 - [STDERR_REDIRECT] WARNING: Could not lock System prefs. Unix error code 2.
2026-07-21 16:58:15,327 [ERROR] LogOutputStream:75 - [STDERR_REDIRECT] 
2026-07-21 16:58:15,327 [ERROR] LogOutputStream:75 - [STDERR_REDIRECT] Jul 21, 2026 4:58:15 PM java.util.prefs.FileSystemPreferences syncWorld
2026-07-21 16:58:15,327 [ERROR] LogOutputStream:75 - [STDERR_REDIRECT] WARNING: Couldn't flush system prefs: java.util.prefs.BackingStoreException: Couldn't get file lock.
2026-07-21 16:58:15,327 [ERROR] LogOutputStream:75 - [STDERR_REDIRECT] 
2026-07-21 16:58:45,327 [ERROR] LogOutputStream:75 - [STDERR_REDIRECT] Jul 21, 2026 4:58:45 PM java.util.prefs.FileSystemPreferences checkLockFile0ErrorCode
2026-07-21 16:58:45,328 [ERROR] LogOutputStream:75 - [STDERR_REDIRECT] WARNING: Could not lock System prefs. Unix error code 2.
2026-07-21 16:58:45,328 [ERROR] LogOutputStream:75 - [STDERR_REDIRECT] 
2026-07-21 16:58:45,328 [ERROR] LogOutputStream:75 - [STDERR_REDIRECT] Jul 21, 2026 4:58:45 PM java.util.prefs.FileSystemPreferences syncWorld
2026-07-21 16:58:45,328 [ERROR] LogOutputStream:75 - [STDERR_REDIRECT] WARNING: Couldn't flush system prefs: java.util.prefs.BackingStoreException: Couldn't get file lock.
2026-07-21 16:58:45,328 [ERROR] LogOutputStream:75 - [STDERR_REDIRECT] 
2026-07-21 16:59:15,328 [ERROR] LogOutputStream:75 - [STDERR_REDIRECT] Jul 21, 2026 4:59:15 PM java.util.prefs.FileSystemPreferences checkLockFile0ErrorCode
2026-07-21 16:59:15,329 [ERROR] LogOutputStream:75 - [STDERR_REDIRECT] WARNING: Could not lock System prefs. Unix error code 2.
2026-07-21 16:59:15,329 [ERROR] LogOutputStream:75 - [STDERR_REDIRECT] 
2026-07-21 16:59:15,329 [ERROR] LogOutputStream:75 - [STDERR_REDIRECT] Jul 21, 2026 4:59:15 PM java.util.prefs.FileSystemPreferences syncWorld
2026-07-21 16:59:15,329 [ERROR] LogOutputStream:75 - [STDERR_REDIRECT] WARNING: Couldn't flush system prefs: java.util.prefs.BackingStoreException: Couldn't get file lock.
2026-07-21 16:59:15,329 [ERROR] LogOutputStream:75 - [STDERR_REDIRECT] 
2026-07-21 16:59:45,330 [ERROR] LogOutputStream:75 - [STDERR_REDIRECT] Jul 21, 2026 4:59:45 PM java.util.prefs.FileSystemPreferences checkLockFile0ErrorCode
2026-07-21 16:59:45,330 [ERROR] LogOutputStream:75 - [STDERR_REDIRECT] WARNING: Could not lock System prefs. Unix error code 2.
2026-07-21 16:59:45,330 [ERROR] LogOutputStream:75 - [STDERR_REDIRECT] 
2026-07-21 16:59:45,331 [ERROR] LogOutputStream:75 - [STDERR_REDIRECT] Jul 21, 2026 4:59:45 PM java.util.prefs.FileSystemPreferences syncWorld
2026-07-21 16:59:45,331 [ERROR] LogOutputStream:75 - [STDERR_REDIRECT] WARNING: Couldn't flush system prefs: java.util.prefs.BackingStoreException: Couldn't get file lock.
2026-07-21 16:59:45,331 [ERROR] LogOutputStream:75 - [STDERR_REDIRECT] 
2026-07-21 17:00:15,327 [ERROR] LogOutputStream:75 - [STDERR_REDIRECT] Jul 21, 2026 5:00:15 PM java.util.prefs.FileSystemPreferences checkLockFile0ErrorCode
2026-07-21 17:00:15,328 [ERROR] LogOutputStream:75 - [STDERR_REDIRECT] WARNING: Could not lock System prefs. Unix error code 2.
2026-07-21 17:00:15,328 [ERROR] LogOutputStream:75 - [STDERR_REDIRECT] 
2026-07-21 17:00:15,328 [ERROR] LogOutputStream:75 - [STDERR_REDIRECT] Jul 21, 2026 5:00:15 PM java.util.prefs.FileSystemPreferences syncWorld
2026-07-21 17:00:15,328 [ERROR] LogOutputStream:75 - [STDERR_REDIRECT] WARNING: Couldn't flush system prefs: java.util.prefs.BackingStoreException: Couldn't get file lock.
2026-07-21 17:00:15,328 [ERROR] LogOutputStream:75 - [STDERR_REDIRECT] 
2026-07-21 17:00:45,328 [ERROR] LogOutputStream:75 - [STDERR_REDIRECT] Jul 21, 2026 5:00:45 PM java.util.prefs.FileSystemPreferences checkLockFile0ErrorCode
2026-07-21 17:00:45,328 [ERROR] LogOutputStream:75 - [STDERR_REDIRECT] WARNING: Could not lock System prefs. Unix error code 2.
2026-07-21 17:00:45,328 [ERROR] LogOutputStream:75 - [STDERR_REDIRECT] 
2026-07-21 17:00:45,328 [ERROR] LogOutputStream:75 - [STDERR_REDIRECT] Jul 21, 2026 5:00:45 PM java.util.prefs.FileSystemPreferences syncWorld
2026-07-21 17:00:45,328 [ERROR] LogOutputStream:75 - [STDERR_REDIRECT] WARNING: Couldn't flush system prefs: java.util.prefs.BackingStoreException: Couldn't get file lock.
2026-07-21 17:00:45,328 [ERROR] LogOutputStream:75 - [STDERR_REDIRECT] 
2026-07-21 17:01:15,327 [ERROR] LogOutputStream:75 - [STDERR_REDIRECT] Jul 21, 2026 5:01:15 PM java.util.prefs.FileSystemPreferences checkLockFile0ErrorCode
2026-07-21 17:01:15,327 [ERROR] LogOutputStream:75 - [STDERR_REDIRECT] WARNING: Could not lock System prefs. Unix error code 2.
2026-07-21 17:01:15,327 [ERROR] LogOutputStream:75 - [STDERR_REDIRECT] 
2026-07-21 17:01:15,327 [ERROR] LogOutputStream:75 - [STDERR_REDIRECT] Jul 21, 2026 5:01:15 PM java.util.prefs.FileSystemPreferences syncWorld
2026-07-21 17:01:15,327 [ERROR] LogOutputStream:75 - [STDERR_REDIRECT] WARNING: Couldn't flush system prefs: java.util.prefs.BackingStoreException: Couldn't get file lock.
2026-07-21 17:01:15,327 [ERROR] LogOutputStream:75 - [STDERR_REDIRECT] 
2026-07-21 17:01:45,328 [ERROR] LogOutputStream:75 - [STDERR_REDIRECT] Jul 21, 2026 5:01:45 PM java.util.prefs.FileSystemPreferences checkLockFile0ErrorCode
2026-07-21 17:01:45,329 [ERROR] LogOutputStream:75 - [STDERR_REDIRECT] WARNING: Could not lock System prefs. Unix error code 2.
2026-07-21 17:01:45,329 [ERROR] LogOutputStream:75 - [STDERR_REDIRECT] 
2026-07-21 17:01:45,329 [ERROR] LogOutputStream:75 - [STDERR_REDIRECT] Jul 21, 2026 5:01:45 PM java.util.prefs.FileSystemPreferences syncWorld
2026-07-21 17:01:45,329 [ERROR] LogOutputStream:75 - [STDERR_REDIRECT] WARNING: Couldn't flush system prefs: java.util.prefs.BackingStoreException: Couldn't get file lock.
2026-07-21 17:01:45,329 [ERROR] LogOutputStream:75 - [STDERR_REDIRECT] 
2026-07-21 17:02:15,331 [ERROR] LogOutputStream:75 - [STDERR_REDIRECT] Jul 21, 2026 5:02:15 PM java.util.prefs.FileSystemPreferences checkLockFile0ErrorCode
2026-07-21 17:02:15,331 [ERROR] LogOutputStream:75 - [STDERR_REDIRECT] WARNING: Could not lock System prefs. Unix error code 2.
2026-07-21 17:02:15,331 [ERROR] LogOutputStream:75 - [STDERR_REDIRECT] 
2026-07-21 17:02:15,332 [ERROR] LogOutputStream:75 - [STDERR_REDIRECT] Jul 21, 2026 5:02:15 PM java.util.prefs.FileSystemPreferences syncWorld
2026-07-21 17:02:15,332 [ERROR] LogOutputStream:75 - [STDERR_REDIRECT] WARNING: Couldn't flush system prefs: java.util.prefs.BackingStoreException: Couldn't get file lock.
2026-07-21 17:02:15,332 [ERROR] LogOutputStream:75 - [STDERR_REDIRECT] 
2026-07-21 17:02:45,330 [ERROR] LogOutputStream:75 - [STDERR_REDIRECT] Jul 21, 2026 5:02:45 PM java.util.prefs.FileSystemPreferences checkLockFile0ErrorCode
2026-07-21 17:02:45,330 [ERROR] LogOutputStream:75 - [STDERR_REDIRECT] WARNING: Could not lock System prefs. Unix error code 2.
2026-07-21 17:02:45,330 [ERROR] LogOutputStream:75 - [STDERR_REDIRECT] 
2026-07-21 17:02:45,330 [ERROR] LogOutputStream:75 - [STDERR_REDIRECT] Jul 21, 2026 5:02:45 PM java.util.prefs.FileSystemPreferences syncWorld
2026-07-21 17:02:45,330 [ERROR] LogOutputStream:75 - [STDERR_REDIRECT] WARNING: Couldn't flush system prefs: java.util.prefs.BackingStoreException: Couldn't get file lock.
2026-07-21 17:02:45,330 [ERROR] LogOutputStream:75 - [STDERR_REDIRECT] 
2026-07-21 17:03:15,329 [ERROR] LogOutputStream:75 - [STDERR_REDIRECT] Jul 21, 2026 5:03:15 PM java.util.prefs.FileSystemPreferences checkLockFile0ErrorCode
2026-07-21 17:03:15,329 [ERROR] LogOutputStream:75 - [STDERR_REDIRECT] WARNING: Could not lock System prefs. Unix error code 2.
2026-07-21 17:03:15,329 [ERROR] LogOutputStream:75 - [STDERR_REDIRECT] 
2026-07-21 17:03:15,329 [ERROR] LogOutputStream:75 - [STDERR_REDIRECT] Jul 21, 2026 5:03:15 PM java.util.prefs.FileSystemPreferences syncWorld
2026-07-21 17:03:15,329 [ERROR] LogOutputStream:75 - [STDERR_REDIRECT] WARNING: Couldn't flush system prefs: java.util.prefs.BackingStoreException: Couldn't get file lock.
2026-07-21 17:03:15,329 [ERROR] LogOutputStream:75 - [STDERR_REDIRECT] 
2026-07-21 17:03:45,327 [ERROR] LogOutputStream:75 - [STDERR_REDIRECT] Jul 21, 2026 5:03:45 PM java.util.prefs.FileSystemPreferences checkLockFile0ErrorCode
2026-07-21 17:03:45,327 [ERROR] LogOutputStream:75 - [STDERR_REDIRECT] WARNING: Could not lock System prefs. Unix error code 2.
2026-07-21 17:03:45,327 [ERROR] LogOutputStream:75 - [STDERR_REDIRECT] 
2026-07-21 17:03:45,328 [ERROR] LogOutputStream:75 - [STDERR_REDIRECT] Jul 21, 2026 5:03:45 PM java.util.prefs.FileSystemPreferences syncWorld
2026-07-21 17:03:45,328 [ERROR] LogOutputStream:75 - [STDERR_REDIRECT] WARNING: Couldn't flush system prefs: java.util.prefs.BackingStoreException: Couldn't get file lock.
2026-07-21 17:03:45,328 [ERROR] LogOutputStream:75 - [STDERR_REDIRECT] 
2026-07-21 17:04:15,328 [ERROR] LogOutputStream:75 - [STDERR_REDIRECT] Jul 21, 2026 5:04:15 PM java.util.prefs.FileSystemPreferences checkLockFile0ErrorCode
2026-07-21 17:04:15,329 [ERROR] LogOutputStream:75 - [STDERR_REDIRECT] WARNING: Could not lock System prefs. Unix error code 2.
2026-07-21 17:04:15,329 [ERROR] LogOutputStream:75 - [STDERR_REDIRECT] 
2026-07-21 17:04:15,329 [ERROR] LogOutputStream:75 - [STDERR_REDIRECT] Jul 21, 2026 5:04:15 PM java.util.prefs.FileSystemPreferences syncWorld
2026-07-21 17:04:15,329 [ERROR] LogOutputStream:75 - [STDERR_REDIRECT] WARNING: Couldn't flush system prefs: java.util.prefs.BackingStoreException: Couldn't get file lock.
2026-07-21 17:04:15,329 [ERROR] LogOutputStream:75 - [STDERR_REDIRECT] 
2026-07-21 17:04:45,328 [ERROR] LogOutputStream:75 - [STDERR_REDIRECT] Jul 21, 2026 5:04:45 PM java.util.prefs.FileSystemPreferences checkLockFile0ErrorCode
2026-07-21 17:04:45,328 [ERROR] LogOutputStream:75 - [STDERR_REDIRECT] WARNING: Could not lock System prefs. Unix error code 2.
2026-07-21 17:04:45,328 [ERROR] LogOutputStream:75 - [STDERR_REDIRECT] 
2026-07-21 17:04:45,328 [ERROR] LogOutputStream:75 - [STDERR_REDIRECT] Jul 21, 2026 5:04:45 PM java.util.prefs.FileSystemPreferences syncWorld
2026-07-21 17:04:45,328 [ERROR] LogOutputStream:75 - [STDERR_REDIRECT] WARNING: Couldn't flush system prefs: java.util.prefs.BackingStoreException: Couldn't get file lock.
2026-07-21 17:04:45,328 [ERROR] LogOutputStream:75 - [STDERR_REDIRECT] 
2026-07-21 17:05:15,328 [ERROR] LogOutputStream:75 - [STDERR_REDIRECT] Jul 21, 2026 5:05:15 PM java.util.prefs.FileSystemPreferences checkLockFile0ErrorCode
2026-07-21 17:05:15,329 [ERROR] LogOutputStream:75 - [STDERR_REDIRECT] WARNING: Could not lock System prefs. Unix error code 2.
2026-07-21 17:05:15,329 [ERROR] LogOutputStream:75 - [STDERR_REDIRECT] 
2026-07-21 17:05:15,329 [ERROR] LogOutputStream:75 - [STDERR_REDIRECT] Jul 21, 2026 5:05:15 PM java.util.prefs.FileSystemPreferences syncWorld
2026-07-21 17:05:15,329 [ERROR] LogOutputStream:75 - [STDERR_REDIRECT] WARNING: Couldn't flush system prefs: java.util.prefs.BackingStoreException: Couldn't get file lock.
2026-07-21 17:05:15,329 [ERROR] LogOutputStream:75 - [STDERR_REDIRECT] 
2026-07-21 17:05:45,329 [ERROR] LogOutputStream:75 - [STDERR_REDIRECT] Jul 21, 2026 5:05:45 PM java.util.prefs.FileSystemPreferences checkLockFile0ErrorCode
2026-07-21 17:05:45,329 [ERROR] LogOutputStream:75 - [STDERR_REDIRECT] WARNING: Could not lock System prefs. Unix error code 2.
2026-07-21 17:05:45,329 [ERROR] LogOutputStream:75 - [STDERR_REDIRECT] 
2026-07-21 17:05:45,330 [ERROR] LogOutputStream:75 - [STDERR_REDIRECT] Jul 21, 2026 5:05:45 PM java.util.prefs.FileSystemPreferences syncWorld
2026-07-21 17:05:45,330 [ERROR] LogOutputStream:75 - [STDERR_REDIRECT] WARNING: Couldn't flush system prefs: java.util.prefs.BackingStoreException: Couldn't get file lock.
2026-07-21 17:05:45,330 [ERROR] LogOutputStream:75 - [STDERR_REDIRECT] 
2026-07-21 17:06:15,327 [ERROR] LogOutputStream:75 - [STDERR_REDIRECT] Jul 21, 2026 5:06:15 PM java.util.prefs.FileSystemPreferences checkLockFile0ErrorCode
2026-07-21 17:06:15,328 [ERROR] LogOutputStream:75 - [STDERR_REDIRECT] WARNING: Could not lock System prefs. Unix error code 2.
2026-07-21 17:06:15,328 [ERROR] LogOutputStream:75 - [STDERR_REDIRECT] 
2026-07-21 17:06:15,328 [ERROR] LogOutputStream:75 - [STDERR_REDIRECT] Jul 21, 2026 5:06:15 PM java.util.prefs.FileSystemPreferences syncWorld
2026-07-21 17:06:15,328 [ERROR] LogOutputStream:75 - [STDERR_REDIRECT] WARNING: Couldn't flush system prefs: java.util.prefs.BackingStoreException: Couldn't get file lock.
2026-07-21 17:06:15,328 [ERROR] LogOutputStream:75 - [STDERR_REDIRECT] 
2026-07-21 17:06:45,328 [ERROR] LogOutputStream:75 - [STDERR_REDIRECT] Jul 21, 2026 5:06:45 PM java.util.prefs.FileSystemPreferences checkLockFile0ErrorCode
2026-07-21 17:06:45,329 [ERROR] LogOutputStream:75 - [STDERR_REDIRECT] WARNING: Could not lock System prefs. Unix error code 2.
2026-07-21 17:06:45,329 [ERROR] LogOutputStream:75 - [STDERR_REDIRECT] 
2026-07-21 17:06:45,329 [ERROR] LogOutputStream:75 - [STDERR_REDIRECT] Jul 21, 2026 5:06:45 PM java.util.prefs.FileSystemPreferences syncWorld
2026-07-21 17:06:45,329 [ERROR] LogOutputStream:75 - [STDERR_REDIRECT] WARNING: Couldn't flush system prefs: java.util.prefs.BackingStoreException: Couldn't get file lock.
2026-07-21 17:06:45,329 [ERROR] LogOutputStream:75 - [STDERR_REDIRECT] 
2026-07-21 17:07:15,330 [ERROR] LogOutputStream:75 - [STDERR_REDIRECT] Jul 21, 2026 5:07:15 PM java.util.prefs.FileSystemPreferences checkLockFile0ErrorCode
2026-07-21 17:07:15,330 [ERROR] LogOutputStream:75 - [STDERR_REDIRECT] WARNING: Could not lock System prefs. Unix error code 2.
2026-07-21 17:07:15,330 [ERROR] LogOutputStream:75 - [STDERR_REDIRECT] 
2026-07-21 17:07:15,330 [ERROR] LogOutputStream:75 - [STDERR_REDIRECT] Jul 21, 2026 5:07:15 PM java.util.prefs.FileSystemPreferences syncWorld
2026-07-21 17:07:15,330 [ERROR] LogOutputStream:75 - [STDERR_REDIRECT] WARNING: Couldn't flush system prefs: java.util.prefs.BackingStoreException: Couldn't get file lock.
2026-07-21 17:07:15,330 [ERROR] LogOutputStream:75 - [STDERR_REDIRECT] 
2026-07-21 17:07:45,329 [ERROR] LogOutputStream:75 - [STDERR_REDIRECT] Jul 21, 2026 5:07:45 PM java.util.prefs.FileSystemPreferences checkLockFile0ErrorCode
2026-07-21 17:07:45,330 [ERROR] LogOutputStream:75 - [STDERR_REDIRECT] WARNING: Could not lock System prefs. Unix error code 2.
2026-07-21 17:07:45,330 [ERROR] LogOutputStream:75 - [STDERR_REDIRECT] 
2026-07-21 17:07:45,330 [ERROR] LogOutputStream:75 - [STDERR_REDIRECT] Jul 21, 2026 5:07:45 PM java.util.prefs.FileSystemPreferences syncWorld
2026-07-21 17:07:45,330 [ERROR] LogOutputStream:75 - [STDERR_REDIRECT] WARNING: Couldn't flush system prefs: java.util.prefs.BackingStoreException: Couldn't get file lock.
2026-07-21 17:07:45,330 [ERROR] LogOutputStream:75 - [STDERR_REDIRECT] 
2026-07-21 17:08:15,329 [ERROR] LogOutputStream:75 - [STDERR_REDIRECT] Jul 21, 2026 5:08:15 PM java.util.prefs.FileSystemPreferences checkLockFile0ErrorCode
2026-07-21 17:08:15,330 [ERROR] LogOutputStream:75 - [STDERR_REDIRECT] WARNING: Could not lock System prefs. Unix error code 2.
2026-07-21 17:08:15,330 [ERROR] LogOutputStream:75 - [STDERR_REDIRECT] 
2026-07-21 17:08:15,330 [ERROR] LogOutputStream:75 - [STDERR_REDIRECT] Jul 21, 2026 5:08:15 PM java.util.prefs.FileSystemPreferences syncWorld
2026-07-21 17:08:15,330 [ERROR] LogOutputStream:75 - [STDERR_REDIRECT] WARNING: Couldn't flush system prefs: java.util.prefs.BackingStoreException: Couldn't get file lock.
2026-07-21 17:08:15,330 [ERROR] LogOutputStream:75 - [STDERR_REDIRECT] 
2026-07-21 17:08:45,330 [ERROR] LogOutputStream:75 - [STDERR_REDIRECT] Jul 21, 2026 5:08:45 PM java.util.prefs.FileSystemPreferences checkLockFile0ErrorCode
2026-07-21 17:08:45,330 [ERROR] LogOutputStream:75 - [STDERR_REDIRECT] WARNING: Could not lock System prefs. Unix error code 2.
2026-07-21 17:08:45,330 [ERROR] LogOutputStream:75 - [STDERR_REDIRECT] 
2026-07-21 17:08:45,330 [ERROR] LogOutputStream:75 - [STDERR_REDIRECT] Jul 21, 2026 5:08:45 PM java.util.prefs.FileSystemPreferences syncWorld
2026-07-21 17:08:45,330 [ERROR] LogOutputStream:75 - [STDERR_REDIRECT] WARNING: Couldn't flush system prefs: java.util.prefs.BackingStoreException: Couldn't get file lock.
2026-07-21 17:08:45,330 [ERROR] LogOutputStream:75 - [STDERR_REDIRECT] 
2026-07-21 17:09:15,331 [ERROR] LogOutputStream:75 - [STDERR_REDIRECT] Jul 21, 2026 5:09:15 PM java.util.prefs.FileSystemPreferences checkLockFile0ErrorCode
2026-07-21 17:09:15,331 [ERROR] LogOutputStream:75 - [STDERR_REDIRECT] WARNING: Could not lock System prefs. Unix error code 2.
2026-07-21 17:09:15,331 [ERROR] LogOutputStream:75 - [STDERR_REDIRECT] 
2026-07-21 17:09:15,331 [ERROR] LogOutputStream:75 - [STDERR_REDIRECT] Jul 21, 2026 5:09:15 PM java.util.prefs.FileSystemPreferences syncWorld
2026-07-21 17:09:15,331 [ERROR] LogOutputStream:75 - [STDERR_REDIRECT] WARNING: Couldn't flush system prefs: java.util.prefs.BackingStoreException: Couldn't get file lock.
2026-07-21 17:09:15,331 [ERROR] LogOutputStream:75 - [STDERR_REDIRECT] 
2026-07-21 17:09:45,329 [ERROR] LogOutputStream:75 - [STDERR_REDIRECT] Jul 21, 2026 5:09:45 PM java.util.prefs.FileSystemPreferences checkLockFile0ErrorCode
2026-07-21 17:09:45,329 [ERROR] LogOutputStream:75 - [STDERR_REDIRECT] WARNING: Could not lock System prefs. Unix error code 2.
2026-07-21 17:09:45,330 [ERROR] LogOutputStream:75 - [STDERR_REDIRECT] 
2026-07-21 17:09:45,330 [ERROR] LogOutputStream:75 - [STDERR_REDIRECT] Jul 21, 2026 5:09:45 PM java.util.prefs.FileSystemPreferences syncWorld
2026-07-21 17:09:45,330 [ERROR] LogOutputStream:75 - [STDERR_REDIRECT] WARNING: Couldn't flush system prefs: java.util.prefs.BackingStoreException: Couldn't get file lock.
2026-07-21 17:09:45,330 [ERROR] LogOutputStream:75 - [STDERR_REDIRECT] 
2026-07-21 17:10:15,330 [ERROR] LogOutputStream:75 - [STDERR_REDIRECT] Jul 21, 2026 5:10:15 PM java.util.prefs.FileSystemPreferences checkLockFile0ErrorCode
2026-07-21 17:10:15,330 [ERROR] LogOutputStream:75 - [STDERR_REDIRECT] WARNING: Could not lock System prefs. Unix error code 2.
2026-07-21 17:10:15,330 [ERROR] LogOutputStream:75 - [STDERR_REDIRECT] 
2026-07-21 17:10:15,330 [ERROR] LogOutputStream:75 - [STDERR_REDIRECT] Jul 21, 2026 5:10:15 PM java.util.prefs.FileSystemPreferences syncWorld
2026-07-21 17:10:15,330 [ERROR] LogOutputStream:75 - [STDERR_REDIRECT] WARNING: Couldn't flush system prefs: java.util.prefs.BackingStoreException: Couldn't get file lock.
2026-07-21 17:10:15,330 [ERROR] LogOutputStream:75 - [STDERR_REDIRECT] 
2026-07-21 17:10:45,330 [ERROR] LogOutputStream:75 - [STDERR_REDIRECT] Jul 21, 2026 5:10:45 PM java.util.prefs.FileSystemPreferences checkLockFile0ErrorCode
2026-07-21 17:10:45,330 [ERROR] LogOutputStream:75 - [STDERR_REDIRECT] WARNING: Could not lock System prefs. Unix error code 2.
2026-07-21 17:10:45,330 [ERROR] LogOutputStream:75 - [STDERR_REDIRECT] 
2026-07-21 17:10:45,330 [ERROR] LogOutputStream:75 - [STDERR_REDIRECT] Jul 21, 2026 5:10:45 PM java.util.prefs.FileSystemPreferences syncWorld
2026-07-21 17:10:45,330 [ERROR] LogOutputStream:75 - [STDERR_REDIRECT] WARNING: Couldn't flush system prefs: java.util.prefs.BackingStoreException: Couldn't get file lock.
2026-07-21 17:10:45,330 [ERROR] LogOutputStream:75 - [STDERR_REDIRECT] 
2026-07-21 17:11:15,330 [ERROR] LogOutputStream:75 - [STDERR_REDIRECT] Jul 21, 2026 5:11:15 PM java.util.prefs.FileSystemPreferences checkLockFile0ErrorCode
2026-07-21 17:11:15,331 [ERROR] LogOutputStream:75 - [STDERR_REDIRECT] WARNING: Could not lock System prefs. Unix error code 2.
2026-07-21 17:11:15,331 [ERROR] LogOutputStream:75 - [STDERR_REDIRECT] 
2026-07-21 17:11:15,331 [ERROR] LogOutputStream:75 - [STDERR_REDIRECT] Jul 21, 2026 5:11:15 PM java.util.prefs.FileSystemPreferences syncWorld
2026-07-21 17:11:15,331 [ERROR] LogOutputStream:75 - [STDERR_REDIRECT] WARNING: Couldn't flush system prefs: java.util.prefs.BackingStoreException: Couldn't get file lock.
2026-07-21 17:11:15,331 [ERROR] LogOutputStream:75 - [STDERR_REDIRECT] 
2026-07-21 17:11:45,329 [ERROR] LogOutputStream:75 - [STDERR_REDIRECT] Jul 21, 2026 5:11:45 PM java.util.prefs.FileSystemPreferences checkLockFile0ErrorCode
2026-07-21 17:11:45,330 [ERROR] LogOutputStream:75 - [STDERR_REDIRECT] WARNING: Could not lock System prefs. Unix error code 2.
2026-07-21 17:11:45,330 [ERROR] LogOutputStream:75 - [STDERR_REDIRECT] 
2026-07-21 17:11:45,330 [ERROR] LogOutputStream:75 - [STDERR_REDIRECT] Jul 21, 2026 5:11:45 PM java.util.prefs.FileSystemPreferences syncWorld
2026-07-21 17:11:45,330 [ERROR] LogOutputStream:75 - [STDERR_REDIRECT] WARNING: Couldn't flush system prefs: java.util.prefs.BackingStoreException: Couldn't get file lock.
2026-07-21 17:11:45,330 [ERROR] LogOutputStream:75 - [STDERR_REDIRECT] 
2026-07-21 17:12:15,330 [ERROR] LogOutputStream:75 - [STDERR_REDIRECT] Jul 21, 2026 5:12:15 PM java.util.prefs.FileSystemPreferences checkLockFile0ErrorCode
2026-07-21 17:12:15,330 [ERROR] LogOutputStream:75 - [STDERR_REDIRECT] WARNING: Could not lock System prefs. Unix error code 2.
2026-07-21 17:12:15,330 [ERROR] LogOutputStream:75 - [STDERR_REDIRECT] 
2026-07-21 17:12:15,330 [ERROR] LogOutputStream:75 - [STDERR_REDIRECT] Jul 21, 2026 5:12:15 PM java.util.prefs.FileSystemPreferences syncWorld
2026-07-21 17:12:15,330 [ERROR] LogOutputStream:75 - [STDERR_REDIRECT] WARNING: Couldn't flush system prefs: java.util.prefs.BackingStoreException: Couldn't get file lock.
2026-07-21 17:12:15,330 [ERROR] LogOutputStream:75 - [STDERR_REDIRECT] 
2026-07-21 17:12:45,332 [ERROR] LogOutputStream:75 - [STDERR_REDIRECT] Jul 21, 2026 5:12:45 PM java.util.prefs.FileSystemPreferences checkLockFile0ErrorCode
2026-07-21 17:12:45,333 [ERROR] LogOutputStream:75 - [STDERR_REDIRECT] WARNING: Could not lock System prefs. Unix error code 2.
2026-07-21 17:12:45,333 [ERROR] LogOutputStream:75 - [STDERR_REDIRECT] 
2026-07-21 17:12:45,333 [ERROR] LogOutputStream:75 - [STDERR_REDIRECT] Jul 21, 2026 5:12:45 PM java.util.prefs.FileSystemPreferences syncWorld
2026-07-21 17:12:45,333 [ERROR] LogOutputStream:75 - [STDERR_REDIRECT] WARNING: Couldn't flush system prefs: java.util.prefs.BackingStoreException: Couldn't get file lock.
2026-07-21 17:12:45,333 [ERROR] LogOutputStream:75 - [STDERR_REDIRECT] 
2026-07-21 17:13:15,331 [ERROR] LogOutputStream:75 - [STDERR_REDIRECT] Jul 21, 2026 5:13:15 PM java.util.prefs.FileSystemPreferences checkLockFile0ErrorCode
2026-07-21 17:13:15,332 [ERROR] LogOutputStream:75 - [STDERR_REDIRECT] WARNING: Could not lock System prefs. Unix error code 2.
2026-07-21 17:13:15,332 [ERROR] LogOutputStream:75 - [STDERR_REDIRECT] 
2026-07-21 17:13:15,332 [ERROR] LogOutputStream:75 - [STDERR_REDIRECT] Jul 21, 2026 5:13:15 PM java.util.prefs.FileSystemPreferences syncWorld
2026-07-21 17:13:15,332 [ERROR] LogOutputStream:75 - [STDERR_REDIRECT] WARNING: Couldn't flush system prefs: java.util.prefs.BackingStoreException: Couldn't get file lock.
2026-07-21 17:13:15,332 [ERROR] LogOutputStream:75 - [STDERR_REDIRECT] 
2026-07-21 17:13:45,333 [ERROR] LogOutputStream:75 - [STDERR_REDIRECT] Jul 21, 2026 5:13:45 PM java.util.prefs.FileSystemPreferences checkLockFile0ErrorCode
2026-07-21 17:13:45,333 [ERROR] LogOutputStream:75 - [STDERR_REDIRECT] WARNING: Could not lock System prefs. Unix error code 2.
2026-07-21 17:13:45,333 [ERROR] LogOutputStream:75 - [STDERR_REDIRECT] 
2026-07-21 17:13:45,333 [ERROR] LogOutputStream:75 - [STDERR_REDIRECT] Jul 21, 2026 5:13:45 PM java.util.prefs.FileSystemPreferences syncWorld
2026-07-21 17:13:45,333 [ERROR] LogOutputStream:75 - [STDERR_REDIRECT] WARNING: Couldn't flush system prefs: java.util.prefs.BackingStoreException: Couldn't get file lock.
2026-07-21 17:13:45,333 [ERROR] LogOutputStream:75 - [STDERR_REDIRECT] 
2026-07-21 17:14:15,330 [ERROR] LogOutputStream:75 - [STDERR_REDIRECT] Jul 21, 2026 5:14:15 PM java.util.prefs.FileSystemPreferences checkLockFile0ErrorCode
2026-07-21 17:14:15,331 [ERROR] LogOutputStream:75 - [STDERR_REDIRECT] WARNING: Could not lock System prefs. Unix error code 2.
2026-07-21 17:14:15,331 [ERROR] LogOutputStream:75 - [STDERR_REDIRECT] 
2026-07-21 17:14:15,331 [ERROR] LogOutputStream:75 - [STDERR_REDIRECT] Jul 21, 2026 5:14:15 PM java.util.prefs.FileSystemPreferences syncWorld
2026-07-21 17:14:15,331 [ERROR] LogOutputStream:75 - [STDERR_REDIRECT] WARNING: Couldn't flush system prefs: java.util.prefs.BackingStoreException: Couldn't get file lock.
2026-07-21 17:14:15,331 [ERROR] LogOutputStream:75 - [STDERR_REDIRECT] 
2026-07-21 17:14:45,330 [ERROR] LogOutputStream:75 - [STDERR_REDIRECT] Jul 21, 2026 5:14:45 PM java.util.prefs.FileSystemPreferences checkLockFile0ErrorCode
2026-07-21 17:14:45,331 [ERROR] LogOutputStream:75 - [STDERR_REDIRECT] WARNING: Could not lock System prefs. Unix error code 2.
2026-07-21 17:14:45,331 [ERROR] LogOutputStream:75 - [STDERR_REDIRECT] 
2026-07-21 17:14:45,331 [ERROR] LogOutputStream:75 - [STDERR_REDIRECT] Jul 21, 2026 5:14:45 PM java.util.prefs.FileSystemPreferences syncWorld
2026-07-21 17:14:45,331 [ERROR] LogOutputStream:75 - [STDERR_REDIRECT] WARNING: Couldn't flush system prefs: java.util.prefs.BackingStoreException: Couldn't get file lock.
2026-07-21 17:14:45,331 [ERROR] LogOutputStream:75 - [STDERR_REDIRECT] 
2026-07-21 17:15:15,330 [ERROR] LogOutputStream:75 - [STDERR_REDIRECT] Jul 21, 2026 5:15:15 PM java.util.prefs.FileSystemPreferences checkLockFile0ErrorCode
2026-07-21 17:15:15,330 [ERROR] LogOutputStream:75 - [STDERR_REDIRECT] WARNING: Could not lock System prefs. Unix error code 2.
2026-07-21 17:15:15,331 [ERROR] LogOutputStream:75 - [STDERR_REDIRECT] 
2026-07-21 17:15:15,331 [ERROR] LogOutputStream:75 - [STDERR_REDIRECT] Jul 21, 2026 5:15:15 PM java.util.prefs.FileSystemPreferences syncWorld
2026-07-21 17:15:15,331 [ERROR] LogOutputStream:75 - [STDERR_REDIRECT] WARNING: Couldn't flush system prefs: java.util.prefs.BackingStoreException: Couldn't get file lock.
2026-07-21 17:15:15,331 [ERROR] LogOutputStream:75 - [STDERR_REDIRECT] 
2026-07-21 17:15:45,332 [ERROR] LogOutputStream:75 - [STDERR_REDIRECT] Jul 21, 2026 5:15:45 PM java.util.prefs.FileSystemPreferences checkLockFile0ErrorCode
2026-07-21 17:15:45,333 [ERROR] LogOutputStream:75 - [STDERR_REDIRECT] WARNING: Could not lock System prefs. Unix error code 2.
2026-07-21 17:15:45,333 [ERROR] LogOutputStream:75 - [STDERR_REDIRECT] 
2026-07-21 17:15:45,333 [ERROR] LogOutputStream:75 - [STDERR_REDIRECT] Jul 21, 2026 5:15:45 PM java.util.prefs.FileSystemPreferences syncWorld
2026-07-21 17:15:45,333 [ERROR] LogOutputStream:75 - [STDERR_REDIRECT] WARNING: Couldn't flush system prefs: java.util.prefs.BackingStoreException: Couldn't get file lock.
2026-07-21 17:15:45,333 [ERROR] LogOutputStream:75 - [STDERR_REDIRECT] 
2026-07-21 17:16:15,332 [ERROR] LogOutputStream:75 - [STDERR_REDIRECT] Jul 21, 2026 5:16:15 PM java.util.prefs.FileSystemPreferences checkLockFile0ErrorCode
2026-07-21 17:16:15,332 [ERROR] LogOutputStream:75 - [STDERR_REDIRECT] WARNING: Could not lock System prefs. Unix error code 2.
2026-07-21 17:16:15,332 [ERROR] LogOutputStream:75 - [STDERR_REDIRECT] 
2026-07-21 17:16:15,332 [ERROR] LogOutputStream:75 - [STDERR_REDIRECT] Jul 21, 2026 5:16:15 PM java.util.prefs.FileSystemPreferences syncWorld
2026-07-21 17:16:15,332 [ERROR] LogOutputStream:75 - [STDERR_REDIRECT] WARNING: Couldn't flush system prefs: java.util.prefs.BackingStoreException: Couldn't get file lock.
2026-07-21 17:16:15,332 [ERROR] LogOutputStream:75 - [STDERR_REDIRECT] 
2026-07-21 17:16:45,331 [ERROR] LogOutputStream:75 - [STDERR_REDIRECT] Jul 21, 2026 5:16:45 PM java.util.prefs.FileSystemPreferences checkLockFile0ErrorCode
2026-07-21 17:16:45,332 [ERROR] LogOutputStream:75 - [STDERR_REDIRECT] WARNING: Could not lock System prefs. Unix error code 2.
2026-07-21 17:16:45,332 [ERROR] LogOutputStream:75 - [STDERR_REDIRECT] 
2026-07-21 17:16:45,332 [ERROR] LogOutputStream:75 - [STDERR_REDIRECT] Jul 21, 2026 5:16:45 PM java.util.prefs.FileSystemPreferences syncWorld
2026-07-21 17:16:45,332 [ERROR] LogOutputStream:75 - [STDERR_REDIRECT] WARNING: Couldn't flush system prefs: java.util.prefs.BackingStoreException: Couldn't get file lock.
2026-07-21 17:16:45,332 [ERROR] LogOutputStream:75 - [STDERR_REDIRECT] 
